gstin,business_age_days,state_risk_proxy,filing_delay_days,late_filing_ratio,avg_turnover,turnover_volatility,turnover_trend,filing_months_observed,transaction_count,avg_ticket_size,monthly_inflow,monthly_outflow,cashflow_variance,upi_months_observed,logistics_activity,avg_consignment_value,distance_avg,eway_months_observed,avg_balance,min_balance,bank_inflow,bank_outflow,cashflow_stability,bounce_indicator,bank_months_observed,inflow_outflow_ratio,filing_regularity,net_flow,net_flow_ratio,balance_buffer_ratio,invoice_velocity_proxy,digital_activity_index,cashflow_health,turnover_momentum,bounce_rate_proxy,source_coverage_count,data_coverage_ratio,default_label,proxy_risk_prob
29ABCDE1000Z0,570,0.7,3.2142857142857144,0.2857142857142857,31390.669440209258,4042.9192913998068,432.1830448842603,14.0,856.0,17.14279730095683,609.2279427214181,613.6249314135024,854.645067666729,12.0,8.0,5064.502092896668,559.6671654040327,8.0,3725.818469025043,1068.6905810163275,250167.71277251298,252530.1743154336,3393.3017796002414,1.0,12.0,0.9906448346249123,0.7142857142857143,-4.396988692084278,-0.007217312903349364,6.07181729145606,10.354297832244958,8.950662495933999,0.0,0.013767443802484796,1.0,4,0.4791666666666667,1,0.8178904261996042
29ABCDE1001Z1,470,0.3,0.0,0.0,69413.00274403051,11900.158791805434,2029.1309213435247,10.0,664.0,43.64511568889192,1372.895726264651,1261.682166228461,5514.450008676405,11.0,27.0,8461.544215365024,737.8118133079728,10.0,5331.692394983503,1782.03916838623,486418.32466365874,441852.4578791825,9108.02438525694,0.0,12.0,1.100861421023626,1.0,111.21356003619007,0.08100656000931537,4.225860155352357,11.147843894788313,9.831991550831058,1.4975015025263527,0.029232299552384284,0.0,4,0.4479166666666667,0,0.463284504013562
29ABCDE1002Z2,1055,0.7,1.5217391304347827,0.13043478260869565,49311.47628873842,11168.531865094046,387.28615638757907,23.0,1438.0,24.366851504088896,894.96176865099,857.0148544930016,2449.4654511650115,20.0,41.0,6656.098091910761,712.0318497792026,22.0,4081.5850637151593,1290.7987664516756,763634.6780010813,732309.3798966015,8336.398927496757,1.0,23.0,1.0427760437929974,0.8695652173913043,37.94691415798843,0.042400597977707205,4.762560464753869,10.805932396751377,11.009373325170737,0.7665706247805595,0.007853715439474378,1.0,4,0.9166666666666666,0,0.6319962249937251
29ABCDE1003Z3,1364,0.7,0.5833333333333334,0.041666666666666664,495714.08962188894,107555.65668431284,697.4181581508343,24.0,1724.0,191.40647965263142,8726.827299521656,8640.792222643426,119360.77668835508,19.0,37.0,57329.90254143065,532.4288923984761,15.0,27920.890619778394,2700.169911440029,8342358.614523192,8167801.806551112,84067.66327736921,1.0,21.0,1.021371332471862,0.9583333333333334,86.03507687823003,0.00985868906595022,3.231288277782095,13.11375662458204,11.090568489191845,0.24902497995340436,0.0014068931383202318,1.0,4,0.8229166666666666,0,0.7220200621672707
29ABCDE1004Z4,1123,0.3,2.260869565217391,0.21739130434782608,41321.017486164325,11663.9545548195,988.9101526257931,23.0,1436.0,22.481926988264664,790.4599541291535,823.7424036282495,1857.854326877293,20.0,25.0,5516.278080314507,670.3761911187353,19.0,3900.4036389447947,1163.6077234239553,503079.19320405164,521059.59309076186,5822.830637333527,1.0,20.0,0.9654926228686125,0.782608695652174,-33.28244949909595,-0.04210516842154652,4.734979796797041,10.629150747941056,10.528409424100508,0.0,0.023931797448101505,1.0,4,0.8541666666666666,0,0.7648158880528411
29ABCDE1005Z5,383,0.7,7.0,0.42857142857142855,124704.65562809733,22725.647282919104,-3767.297962102429,7.0,582.0,64.65807077341053,2244.167406290411,2459.7072424752055,14869.886733801008,8.0,9.0,13444.447143656602,705.9446770859354,6.0,3778.363858596581,1180.2188740334898,834408.5788589319,909031.8083492251,24417.90522177408,1.0,10.0,0.9179091107649943,0.5714285714285714,-215.5398361847947,-0.09604445532032754,1.5361030749311493,11.733711484513748,8.670772279344538,0.0,-0.030209519713664233,1.0,4,0.3229166666666667,1,0.98
29ABCDE1006Z6,239,0.7,3.0,0.25,149799.11864289103,21835.650472989288,-13610.406986375898,4.0,158.0,73.12444136420062,2978.7815776331063,2798.0492901387424,504.7586251969373,2.0,12.0,21970.826164955677,588.6681354428151,4.0,8370.150226303393,2805.504245265683,441311.7924487713,416566.8165257928,17115.477733329502,0.0,4.0,1.0594021773730178,0.75,180.73228749436385,0.06067322587578607,2.9914234376794537,11.917057142073562,7.633853559681768,8.036447213429762,-0.09085711753554608,0.0,4,0.14583333333333334,1,0.9638171362503429
29ABCDE1007Z7,195,0.7,14.5,1.0,54777.97498337524,4986.216204856319,7051.574581832312,2.0,106.0,45.56614722531377,1235.5844529700184,1179.4213499716116,12000.86305727072,2.0,6.0,7339.321854861628,406.5503618895236,4.0,4072.9470876174587,1904.3885537513688,93182.87449211125,87418.49866341849,3265.463690388701,1.0,3.0,1.0659400003068795,0.0,56.163102998406885,0.0454546857265852,3.453343529617718,10.911061731130054,6.618738983517219,0.5126568455287658,0.12872775702671288,1.0,4,0.11458333333333333,1,0.9591278487188619
29ABCDE1008Z8,1225,0.3,0.9130434782608695,0.043478260869565216,42769.442787704866,9745.325445023791,263.3799925101295,23.0,1576.0,21.749522964236004,813.9899919239192,899.8724176578777,1123.7975707882088,20.0,4.0,5373.067044514692,427.24386482098726,4.0,3824.108557257414,947.5742983409541,663076.3031286657,734369.8409047395,7048.017872704695,1.0,22.0,0.9029187559115438,0.9565217391304348,-85.88242573395848,-0.10550796273424651,4.249611925222161,10.663602553931097,8.972717499397138,0.0,0.006157990783902822,1.0,4,0.71875,1,0.9063624745496602
29ABCDE1009Z9,674,0.3,2.0588235294117645,0.17647058823529413,50702.237633851764,15207.204638924324,-134.326761369649,17.0,920.0,28.72701207617282,1087.7381264020132,1114.6661327712363,1287.506489560875,12.0,4.0,5270.379659285949,578.6525795491054,4.0,3843.6872096894836,1158.2320283241093,686431.4455119359,697674.3410263993,11153.195023354096,1.0,18.0,0.9838851813040406,0.8235294117647058,-26.928006369223112,-0.024755964432629337,3.4482856316208954,10.83374504619625,8.434897948689407,0.0,-0.0026492738459755953,1.0,4,0.53125,1,0.8658338842473885
29ABCDE1010Z0,1334,0.3,3.5,0.2916666666666667,339060.4984783135,88837.1087869837,-3769.698949478566,24.0,1944.0,141.00620516658722,6571.983280750139,6481.162568956795,96316.99060715453,21.0,2.0,60164.49102877929,790.9901679701021,2.0,10975.046401163929,1175.8847468888393,6437903.099267926,6345796.495900639,72394.26693056093,1.0,22.0,1.0145145851157986,0.7083333333333333,90.82071179334343,0.013819376573790823,1.6933761936063372,12.733936781349975,8.671629544720656,0.29263831967821546,-0.011118038958704352,1.0,4,0.71875,1,0.9784994253845297
29ABCDE1011Z1,523,0.7,2.7142857142857144,0.2857142857142857,177581.24643433111,30081.377358275236,-1553.9630748116422,14.0,1194.0,71.2370824302227,3246.775209342954,2828.7302493488965,40737.6171802354,14.0,32.0,20596.99834900993,438.2621456562511,13.0,21698.17698412787,4459.412412481124,1724298.3653613678,1489808.3049196515,25422.771938466514,1.0,13.0,1.157396129198221,0.7142857142857143,418.04495999405754,0.1287569767044811,7.670641974123284,12.087189140772837,10.58240902583209,2.071189568957406,-0.008750666837556246,1.0,4,0.5625,0,0.28316510859570876
29ABCDE1012Z2,950,0.3,4.0,0.25,111435.03649348188,28622.210167348323,-476.06680025268923,24.0,2064.0,46.40785098997186,2249.9443389561648,2311.2844440582126,4570.942205921966,21.0,2.0,14820.874392354792,500.6426681803124,2.0,3833.4908320383784,945.7526612669295,2290027.172380638,2363437.652432678,28429.55162633117,1.0,22.0,0.9689391086849789,0.75,-61.3401051020478,-0.02726294337152617,1.658597600089168,11.621206041538725,8.731497794063243,0.0,-0.004272108154892384,1.0,4,0.71875,1,0.9520076922070659
29ABCDE1013Z3,519,0.7,0.0,0.0,241471.2908304394,61769.816873876065,-1677.7060006426618,11.0,938.0,116.8516220362279,4526.597285302883,4607.304503862263,118159.39610382258,12.0,40.0,25732.427165297304,547.2970809041263,14.0,3977.00692704418,1347.9013514345777,1706114.4706407408,1784408.3186028458,26526.795738671313,1.0,11.0,0.9561233563272069,1.0,-80.70721855937973,-0.01782955572863148,0.8631960235557016,12.394510007729728,10.55838754591257,0.0,-0.0069478199543016655,1.0,4,0.5,1,0.98
29ABCDE1014Z4,560,0.3,0.0,0.0,188512.9312860793,27829.81752663069,3548.4929818804,12.0,620.0,97.46252833241138,3529.2560509532655,3184.8292341684073,21516.31544159641,9.0,40.0,20328.295433009604,683.0562994073464,15.0,17735.627251574308,4334.642133687117,1485041.905202555,1340180.252048823,30715.445499373054,1.0,12.0,1.1080911712676502,1.0,344.42681678485815,0.09759190373615062,5.5687843672426185,12.146927189166233,10.144903148637788,2.3480260702402966,0.01882350528511012,1.0,4,0.5,0,0.409038095080879
29ABCDE1015Z5,114,0.3,1.7083333333333333,0.125,75317.20215466128,17781.066920135112,507.1254834504569,21.0,92.0,30.52526926012491,1510.5380282978804,1297.7867436336114,6039.475649747926,1.0,17.0,9095.94417521319,616.3493178278623,11.0,9297.561084666402,6565.172688968507,69484.7493017025,59698.19020714612,6920.14230024369,0.0,1.0,1.163933932680339,0.875,212.75128466426895,0.14084470611044694,7.16416709469123,11.22947711305792,7.422971251049421,2.7373896584560518,0.006733106592336152,0.0,4,0.3541666666666667,0,0.4281972778323137
29ABCDE1016Z6,845,0.3,4.476190476190476,0.2857142857142857,132192.01522121235,38740.13643072732,-1443.7314642946471,21.0,1082.0,62.1058665238889,2447.287984636116,2352.608270995869,11408.340356082164,14.0,23.0,18547.13409193166,816.9132097237218,15.0,4875.3850416309815,951.7811449353161,2144224.0266860886,2104559.9765369045,25141.953406315177,1.0,23.0,1.0188467188349994,0.7142857142857143,94.67971364024697,0.03868760613161951,2.0723318462054077,11.79201837006603,10.165544077348937,0.8863937144988939,-0.010921389922748194,1.0,4,0.7604166666666666,1,0.9039031033831036
29ABCDE1017Z7,1058,0.3,0.13043478260869565,0.043478260869565216,44363.780066146704,12835.211580088713,-491.9780915060181,23.0,1822.0,21.416320377027308,845.9391303287995,850.6059012774507,2409.935824730113,23.0,14.0,5563.593610122095,667.0385481113073,14.0,3814.5650000118203,975.7024163689692,744424.0766670215,752127.6161096494,9984.21369086045,1.0,23.0,0.989757669738981,0.9565217391304348,-4.666770948651219,-0.005516674641634487,4.484526846431536,10.700201191884148,10.216288975780873,0.0,-0.01108938420910668,1.0,4,0.8645833333333334,1,0.7844066351679783
29ABCDE1018Z8,790,0.7,2.0,0.1,190648.7253923262,35911.62815463432,2623.2855013479993,20.0,908.0,97.61427296980905,3273.02702364352,3057.955823255524,15492.473174494167,14.0,82.0,21759.261838003986,625.1895641991882,20.0,12347.665512776697,1763.6050210070753,2170653.196414701,2012355.4945463985,22836.608393298367,1.0,21.0,1.0786628914708651,0.9,215.07120038799576,0.06571018168636426,4.0378822410950574,12.158193124908728,11.231185701974077,1.7278572785608157,0.013759712981226191,1.0,4,0.78125,0,0.47523355275701296
29ABCDE1019Z9,1317,0.3,2.0416666666666665,0.125,222184.25756557295,63121.6910740495,908.568316915468,24.0,982.0,156.41083826533708,4329.294758751752,4705.731310457718,37014.89297440578,17.0,65.0,23604.098806173573,598.4035536632313,17.0,3839.837655888053,1091.3296754234507,2023362.6491831513,2209312.5390842916,40803.98364775344,1.0,16.0,0.915833596826363,0.875,-376.43655170596594,-0.08695100996414999,0.8159916923761972,12.311266806396887,11.080263862173592,0.0,0.004089237633812516,1.0,4,0.7708333333333334,1,0.96889459727517
29ABCDE1020Z0,1391,0.7,4.130434782608695,0.391304347826087,42446.39877054268,11169.392618855238,-378.64094687473494,23.0,1884.0,19.338972074092776,831.7420797930783,903.2399862826738,1590.304241123538,21.0,2.0,7868.094148935217,1099.7650330884621,2.0,3879.638942499254,1081.0591132014692,809700.9853654492,879038.5598896765,11940.445733406888,1.0,22.0,0.9211211229084996,0.6086956521739131,-71.4979064895955,-0.08596163188879756,4.295247111973074,10.65602091237179,8.640295388550221,0.0,-0.008920239115747684,1.0,4,0.7083333333333334,1,0.8825826894473121
29ABCDE1021Z1,801,0.3,0.0,0.0,44959.5600181393,11319.418564212508,-75.88382744571066,20.0,1106.0,19.845629383299393,841.915863467216,846.489220988871,2108.4707609092416,13.0,19.0,6070.506500238213,630.0723841697559,16.0,3838.945206285629,956.7598357678487,716352.1144022353,712385.1582231838,8814.328752134743,1.0,20.0,1.0055685553429352,1.0,-4.573357521654998,-0.005432083798517336,4.535137732528907,10.713540940409468,10.005141206262628,0.0,-0.0016877865270160202,1.0,4,0.71875,0,0.7535203598332916
29ABCDE1022Z2,357,0.7,0.0,0.0,64281.54460503011,13908.115671905318,1437.4567660081186,4.0,670.0,27.97431445522777,1231.672081282001,1111.1767543433245,4631.181439926008,8.0,8.0,9131.530535584563,847.04939600682,5.0,7586.8621569724655,2311.407158685113,354295.02116438525,319835.76639143523,5964.868087478003,0.0,7.0,1.1077404668081323,1.0,120.4953269386765,0.09783068786722636,6.827772563921297,11.071043405331626,8.705993714307901,1.7704245504929998,0.02236154114371567,0.0,4,0.25,0,0.31440979548942494
29ABCDE1023Z3,780,0.7,2.3,0.25,365441.452900885,79090.92931213691,5556.333460196732,20.0,1518.0,159.49091962786704,6870.324105020684,6580.076783596104,98427.01986603477,18.0,18.0,33891.04933539848,554.183428716944,10.0,21883.33259258786,1102.8600395013495,5565125.768755794,5335009.463774588,71034.05587798843,1.0,19.0,1.0431332515047491,0.75,290.24732142458015,0.042246525344047985,3.3256956282246164,12.808864098172197,10.270246481762214,0.9251429558030785,0.015204400627487348,1.0,4,0.6979166666666666,0,0.7349251788139265
29ABCDE1024Z4,420,0.7,0.0,0.0,42623.58128992234,11081.883224200608,-2725.9142335318434,10.0,640.0,21.061537353452394,854.4048188431832,830.5181694330082,1718.8236050718701,8.0,8.0,5149.30311919754,477.96254485740724,7.0,3678.898794903483,914.1900868225772,334812.1051989007,319133.74677918974,9166.765645166744,1.0,10.0,1.0491278612116157,1.0,23.886649410174982,0.027957063072884095,4.429642758345738,10.660186391427244,8.660254034256889,0.5759877972144005,-0.0639516952668888,1.0,4,0.3645833333333333,1,0.8522039050038089
29ABCDE1025Z5,1296,0.3,0.0,0.0,62996.60265472425,9577.471637067933,291.48143125566634,23.0,1546.0,26.347728672947806,1205.0207046638159,1057.9564358015903,4344.9573408793,18.0,15.0,9076.358893378674,814.5516845257731,12.0,7124.125033873086,2120.9901315467514,1136603.9097074512,1007719.3922999385,9079.4503232503,1.0,22.0,1.1278972285264424,1.0,147.06426886222562,0.12204293942256744,6.73385480988666,11.050851951550017,10.116661572812847,2.230819533685295,0.004626865451582511,1.0,4,0.78125,0,0.21834696452188623
29ABCDE1026Z6,902,0.3,3.3333333333333335,0.23809523809523808,65373.75741678517,14494.818356611708,-628.6641522742735,21.0,1354.0,32.54820385313222,1202.0687473838293,1001.4446534732218,7452.848889300112,20.0,49.0,8974.53740934596,796.9636002823802,20.0,7536.245700865248,1072.2092808884852,777482.9562075045,650706.0195899141,10820.79889403168,1.0,18.0,1.1948298199200422,0.7619047619047619,200.62409391060748,0.16689901833588452,7.52537414297231,11.08789149071843,11.123579738741947,2.323768157355538,-0.009616313346546538,1.0,4,0.8229166666666666,0,0.20635662738858854
29ABCDE1027Z7,664,0.3,8.4,0.4666666666666667,42788.77016835827,14639.28439358713,-1774.6765666009305,15.0,1246.0,20.678187337196338,763.2955132564568,752.2939821639337,1792.026838858742,17.0,28.0,5500.996762642549,485.8956755667223,19.0,3835.7801253203015,964.6817176373742,428360.02494046715,424863.8695131352,9234.025776137432,1.0,15.0,1.0082288838336342,0.5333333333333333,11.001531092523123,0.014413200263142068,5.098778158887944,10.664054338243325,10.495791775666511,0.25981231662962195,-0.04147431873595923,1.0,4,0.6875,1,0.846373641592409
29ABCDE1028Z8,1049,0.3,1.7826086956521738,0.08695652173913043,49695.760449606816,9915.200743082101,648.3801012051243,23.0,1744.0,22.68066072452059,950.6756843288309,932.8991872694505,1421.2533741579348,21.0,4.0,5890.242920466271,699.5488111377507,4.0,3623.504680250612,979.0306661036044,786284.3252840848,773619.7532813584,8261.380444692893,1.0,20.0,1.0163705385611068,0.9130434782608696,17.776497059380404,0.018698802706761625,3.8841331729063135,10.813695027859808,9.073947747070628,0.47136539832014746,0.013046727700945225,1.0,4,0.7083333333333334,0,0.6611943244242838
29ABCDE1029Z9,1533,0.7,0.6,0.1,124599.01930393717,29059.76438648362,123.62873763807951,20.0,1830.0,50.101654804308616,2349.331909751801,2016.6694374808071,13873.05491421787,21.0,18.0,13890.142892505011,483.85233575784036,10.0,16504.75490402131,4682.952663486351,2292764.3745051054,1979712.0735737784,20991.520384985986,0.0,23.0,1.1581302175756318,0.9,332.66247227099393,0.14159875447575163,8.184164740771198,11.732864040262742,10.45705652384095,2.824243293919726,0.0009922048032473543,0.0,4,0.7708333333333334,0,0.12125145169142473
29ABCDE1030Z0,1447,0.7,5.0,0.21739130434782608,50343.33287513885,16447.653860188002,481.26657155738764,23.0,1416.0,25.542010468120658,918.1633906004241,985.3885474447787,2176.872929949488,19.0,40.0,7162.789436962179,595.5106487604228,22.0,3905.9945638975137,1313.401624538399,623526.1142869312,665404.3062456955,11234.198652926707,1.0,18.0,0.9370635393163491,0.782608695652174,-67.22515684435461,-0.07321698679403169,3.963913091973911,10.826641337197044,10.969869306394989,0.0,0.009559498439496609,1.0,4,0.8541666666666666,1,0.8575146812934656
29ABCDE1031Z1,208,0.7,0.0,0.0,74791.28116754332,6561.940329408242,-4603.875063429056,3.0,68.0,48.54959970839049,1721.7411511424316,1579.6316290281216,6039.475649747926,1.0,3.0,8319.50822640758,611.8481848235687,3.0,7339.749400722109,3299.2017348175127,224686.41937997582,205426.9945998881,7622.259304438643,0.0,4.0,1.0937531351105996,1.0,142.10952211431004,0.08253826193328523,4.646494325539643,11.222469965690529,5.6204008657171505,1.828469035182174,-0.06155548395583558,0.0,4,0.11458333333333333,1,0.8931459791531448
29ABCDE1032Z2,676,0.3,5.857142857142857,0.35714285714285715,58117.975476856416,13157.475422408746,610.7872662994238,14.0,784.0,33.192636135347236,1067.6020325625411,1100.983528280145,3030.4296694739637,12.0,25.0,7988.661525441312,625.0885740006091,13.0,3728.3638308868435,1007.8187627902903,560341.058748693,579849.5444621915,9077.980417879251,1.0,16.0,0.9663559523331304,0.6428571428571428,-33.38149571760391,-0.031267733387017875,3.3863938334399513,10.970247489807866,9.92378025580389,0.0,0.010509257282806812,1.0,4,0.5729166666666666,1,0.9030402467016907
29ABCDE1033Z3,1170,0.3,1.5454545454545454,0.13636363636363635,34306.627922780805,6132.602118861405,3.6485754811620335,22.0,984.0,19.330264306363173,643.4171422400991,624.648196257325,942.4272888235457,15.0,19.0,5262.416463798125,586.9268207941868,18.0,3790.777061821226,924.2318913752591,412284.018293238,400072.77685361134,4509.486742937083,1.0,20.0,1.0305225502611361,0.8636363636363636,18.768945982774085,0.02917072727877402,6.068659262180288,10.443122996848658,9.88837391472608,0.6110625489762614,0.00010634881226338945,1.0,4,0.78125,0,0.6793083515721342
29ABCDE1034Z4,1178,0.3,0.0,0.0,53346.39986930123,11508.136399728268,332.1312654458681,23.0,1200.0,34.4297537852287,1090.7289101168906,1083.7818552659744,3669.424120639769,19.0,52.0,6322.28297996089,596.05483810013,24.0,3695.9892596959467,906.4537259729934,616175.0516755185,604778.5360092025,9039.53458131695,1.0,19.0,1.0188441139818207,1.0,6.9470548509161745,0.006369185584502089,3.410270472547173,10.884580518321982,11.061201735632105,0.11466809637322928,0.006225819182557632,1.0,4,0.8854166666666666,0,0.6649033928412729
29ABCDE1035Z5,1496,0.3,2.7916666666666665,0.16666666666666666,167493.47786155363,40507.778868222216,2122.3359213579392,24.0,830.0,114.25035649794974,3355.348769871802,3418.0652225066474,42272.57350320215,14.0,101.0,18792.021654929547,589.5668225807433,23.0,4168.445726568442,1761.0336907895964,1867710.3535984133,1914485.25476853,21670.409300572876,1.0,21.0,0.9755678968779669,0.8333333333333334,-62.71645263484561,-0.018691485427084775,1.2195336996850814,12.028705661713078,11.34760260813972,0.0,0.01267107995710882,1.0,4,0.8541666666666666,1,0.918126238177149
29ABCDE1036Z6,184,0.3,7.5,0.5,36815.98867851062,10188.896628458187,14409.275797583068,2.0,160.0,17.78903862982235,703.7252702672696,719.3978201185184,337.0956559729102,2.0,2.0,5145.659026298071,591.22155043314,2.0,3925.3405858245637,2818.014290606948,54153.41809316115,55537.04805246345,5522.757833499372,1.0,2.0,0.9750863611260857,0.5,-15.672549851248846,-0.022270835670426512,5.4564254659235365,10.513714666502537,6.180016653652573,0.0,0.3913757293787987,1.0,4,0.08333333333333333,1,0.9481394884680538
29ABCDE1037Z7,1397,0.3,1.9166666666666667,0.125,67264.63149953629,12404.251182481248,-600.3066909346794,24.0,1674.0,30.576241649658726,1367.8074526581465,1326.120364264417,2917.5745718791527,19.0,23.0,8918.111185792666,670.7142644183136,16.0,5236.743197836534,925.4186367040006,1308612.509123783,1271558.5506945946,11129.26747281239,1.0,23.0,1.0291405837418557,0.875,41.68708839372948,0.030477307542605015,3.9489199766125997,11.116404709109222,10.601622274607113,0.7716425472626126,-0.008924419165511257,1.0,4,0.8541666666666666,0,0.655824004442549
29ABCDE1038Z8,452,0.3,0.125,0.125,42545.92200464754,7336.358255865746,1452.3322899194845,8.0,868.0,19.403989995758383,810.2276630299158,720.9235475444732,3310.5195252406315,11.0,18.0,5483.8467164897575,616.0944832724978,12.0,3941.9010556210987,1286.445312914656,295130.2669194603,263385.6324750171,6584.437620638207,1.0,10.0,1.120525307877051,0.875,89.3041154854426,0.11022101510516465,5.467848940497988,10.658362793068822,9.711782104431833,1.5518788464099271,0.03413483799746646,1.0,4,0.4270833333333333,0,0.607438615051239
29ABCDE1039Z9,1205,0.7,1.0869565217391304,0.13043478260869565,55431.322271045894,13358.350098789724,-869.0629192634597,23.0,1416.0,21.411487363266044,959.1231623359678,935.7934693130771,1172.1061526852568,16.0,46.0,6925.416924741252,506.2133254893189,22.0,3891.939929477476,1059.0406197681064,972009.0838100995,952093.8449052481,10995.229580430683,1.0,22.0,1.0209173066409576,0.8695652173913043,23.329693022890638,0.024323980421941435,4.158973167802047,10.922918137099053,11.106444841400739,0.6811462468887602,-0.01567790927130974,1.0,4,0.8645833333333334,0,0.5776739946126185
29ABCDE1040Z0,1067,0.3,2.217391304347826,0.13043478260869565,68937.0736344821,14543.219699268891,-243.66581888160928,23.0,1252.0,37.93744675295411,1264.138152223264,1235.7399180240277,2864.004909120402,19.0,30.0,9017.374932216937,695.3174077181061,15.0,4122.250808339798,1087.7766973154664,830938.9593713019,812208.6150545973,9628.309483773584,1.0,20.0,1.023061001779014,0.8695652173913043,28.398234199236185,0.022464502118927168,3.335856314273118,11.140963897041667,10.567283159381216,0.5305528493262835,-0.0035345608897277077,1.0,4,0.8020833333333334,0,0.6648076825639342
29ABCDE1041Z1,1156,0.7,1.3333333333333333,0.08333333333333333,68308.82901016925,15391.806719272865,424.1767164868227,24.0,1776.0,25.81826232683326,1262.52155723631,1150.8065423666305,6616.189910815308,19.0,48.0,8506.422252652434,602.7782206969712,19.0,5643.139926461174,1431.0389689439512,1242310.5799978864,1139522.1920707384,12725.355008585964,0.0,21.0,1.0902030593545187,0.9166666666666666,111.71501486967941,0.08848562959528886,4.903639072868035,11.131808944577823,11.374502126265277,1.3733294972361043,0.006209600033161783,0.0,4,0.8645833333333334,0,0.3315230421697806
29ABCDE1042Z2,358,0.7,4.666666666666667,0.3333333333333333,201899.5326871213,64290.22046275005,-43279.69602582678,3.0,260.0,116.63611065563119,3772.817081557663,3808.530111058365,18819.47868466526,4.0,18.0,24450.833479618253,693.8962151888949,7.0,5054.6070683495245,1242.9552085749754,1042453.4599465189,1041123.4518557785,34699.201750140965,0.0,9.0,1.0012774739521713,0.6666666666666667,-35.71302950070185,-0.009465878872123109,1.327180544975364,12.21553044266853,8.508959386489135,0.0,-0.21436147517696705,0.0,4,0.23958333333333334,1,0.98
29ABCDE1043Z3,1506,0.3,1.0454545454545454,0.045454545454545456,55612.86922799081,13933.957122590611,-574.7120780281858,22.0,1456.0,29.756946052582006,1082.815491204916,980.3327684407698,7385.564224083102,21.0,47.0,6444.653327750532,673.2110565318926,21.0,5017.7182328797335,1175.7663774074924,775996.2627953704,691589.4537201851,8889.489621139393,1.0,21.0,1.1220475653888962,0.9545454545454546,102.48272276414627,0.09464467732180981,5.11838264965933,10.926187895678654,11.155335817103095,1.1924204514957792,-0.010333970392747456,1.0,4,0.8854166666666666,0,0.4567300250551277
29ABCDE1044Z4,1043,0.7,3.3181818181818183,0.18181818181818182,66373.14176652649,18721.566316242435,-781.652416403434,22.0,1006.0,37.846254939671134,1244.1723103193651,1135.4109690124576,5930.870185928807,16.0,50.0,8378.416137930144,605.1964372208836,23.0,4600.342218793275,1154.939810534183,780506.5373075312,710629.4052766215,9598.092635689254,1.0,20.0,1.0983313264439278,0.8181818181818181,108.76134130690752,0.0874166226051034,4.05169788239275,11.103062828389481,10.846556525442889,1.4121431892523642,-0.011776459862229563,1.0,4,0.84375,0,0.699839101564571
29ABCDE1045Z5,1148,0.7,0.17391304347826086,0.043478260869565216,103872.56102884917,19867.287739352556,507.1254834504569,23.0,1750.0,40.92500895066148,1962.0193858006726,1618.9188973822068,9378.821133046647,20.0,16.0,14979.104790945343,630.0148739298163,12.0,18667.63057634014,3896.8430721388813,1484931.9114732775,1226626.4042712161,18346.241432093993,1.0,18.0,1.2105820535923733,0.9565217391304348,343.10048841846583,0.1748711001030458,11.530923881687782,11.550929679150597,10.301155676342068,3.5426158218151476,0.004882142081463936,1.0,4,0.7604166666666666,0,0.06039074525996891
29ABCDE1046Z6,1158,0.3,3.1363636363636362,0.2727272727272727,31480.187181870682,8913.096082435632,-533.1026480189776,22.0,1100.0,17.891415961010182,653.9002098018902,658.1369606721896,634.6628241414836,15.0,20.0,5239.546694025872,649.6154474000933,20.0,3554.2657249202352,956.258228031944,453774.4329995867,453072.6376230818,6892.205592085591,1.0,21.0,1.001548968792701,0.7272727272727273,-4.236750870299375,-0.00647920096490406,5.400495546231104,10.357145414077896,10.048496574446103,0.0,-0.0169340071242923,1.0,4,0.8125,0,0.7671022345517693
29ABCDE1047Z7,1274,0.3,5.130434782608695,0.2608695652173913,62514.34072038048,17798.903987022295,-1478.1952501544463,23.0,1232.0,31.96717342989294,1219.6838149275227,1241.7885391742336,2201.510391347605,16.0,38.0,8367.249651751588,687.3160255508103,19.0,3892.540752618783,1112.3390485792345,991127.6241578287,998334.7947930451,14914.586137779057,1.0,22.0,0.9927808079285563,0.7391304347826086,-22.10472424671093,-0.01812332341888497,3.1346244789851663,11.043167257132284,10.78076714929399,0.0,-0.023645320222537687,1.0,4,0.8333333333333334,1,0.80497786896481
29ABCDE1048Z8,230,0.7,8.666666666666666,0.3333333333333333,135325.3034943818,37416.39256298865,31584.372204721865,3.0,496.0,37.4477817395362,2416.8878716231948,2226.637064079294,9372.18094711524,4.0,17.0,9095.94417521319,616.3493178278623,11.0,23231.73630449316,8129.437622452542,443934.7618690688,411014.80921334994,46650.66091838839,0.0,3.0,1.0800943224374933,0.6666666666666667,190.25080754390092,0.07871726685281741,10.433553217663425,11.815444203943796,9.098961783992793,1.965092546222998,0.23339418419888427,0.0,4,0.21875,0,0.4134209842040047
29ABCDE1049Z9,1004,0.3,1.9583333333333333,0.125,181513.59069142444,45655.50784624332,2142.523089579635,24.0,1336.0,94.91139517327193,3464.3787003738244,3209.3909812836123,33755.70065953688,19.0,62.0,21520.54519046873,568.3610458842943,21.0,15042.069963814734,1682.1894048204545,2219144.158127538,2031467.0839702438,28453.04542005233,1.0,19.0,1.092384993898352,0.875,254.98771909021207,0.07360272682160804,4.686892326779887,12.109091318940413,11.341318303493477,1.3878395761201325,0.011803586044616838,1.0,4,0.8645833333333334,0,0.39520163308941253
29ABCDE1050Z0,947,0.3,3.090909090909091,0.18181818181818182,54093.4859891996,13532.514055644806,1570.6927092784142,22.0,1564.0,19.485109029189015,947.4849347126178,957.1844728906084,2430.804923321348,16.0,1.0,5000.0,899.0833633900963,1.0,3942.1285914618707,909.8965986965761,1089620.5985930369,1091571.0462315565,11676.132613102736,1.0,23.0,0.998213173897152,0.8181818181818181,-9.699538177990576,-0.010237142378345623,4.118462744759125,10.89848753707449,8.048788283534199,0.0,0.029036096388678424,1.0,4,0.6458333333333334,1,0.8690189951007229
29ABCDE1051Z1,995,0.3,2.782608695652174,0.30434782608695654,47216.87917291415,9158.920563573809,841.1785740854378,23.0,1732.0,19.302505895342595,831.8780335268488,839.7189770098197,1186.4980781353242,20.0,1.0,5000.0,1090.0730317197547,1.0,3798.181288327289,969.6164475611549,832248.7286913902,837552.3532260276,6742.860053778475,1.0,23.0,0.9936677098282762,0.6956521739130435,-7.840943482970943,-0.00942559265536596,4.523157618578951,10.762527895884856,8.150756470275551,0.0,0.017814831771774443,1.0,4,0.6979166666666666,1,0.8585713677044294
29ABCDE1052Z2,132,0.7,0.0,0.0,36750.265669808,17781.066920135112,0.0,1.0,174.0,17.599643160369194,805.7494189830122,725.4195359691078,953.582833696513,2.0,17.0,9095.94417521319,616.3493178278623,11.0,3758.7237544978584,1773.1772134733558,69080.6078058978,62288.42796935042,2305.3296008229936,0.0,2.0,1.1090440079799337,1.0,80.32988301390446,0.0996958621643115,5.18144820772779,10.511927944042716,8.05515773181968,2.599981898844176,0.0,0.0,4,0.16666666666666666,0,0.5833898124929482
29ABCDE1053Z3,1062,0.7,4.0476190476190474,0.2857142857142857,45414.05282306906,9104.922564513836,75.52543676989265,21.0,1296.0,25.801226166007456,867.914604579567,892.0006117965202,1888.1682866702083,19.0,37.0,6171.414581720057,667.0960956955282,22.0,3910.82416019865,978.8986463240559,648616.2675333816,663477.9527473467,7787.867768009611,1.0,22.0,0.9776003329840495,0.7142857142857143,-24.086007216953135,-0.02775158649233794,4.384329011077822,10.72359888905507,10.805395344042829,0.0,0.0016630044902541366,1.0,4,0.875,0,0.659818303355154
29ABCDE1054Z4,1058,0.7,0.6666666666666666,0.08333333333333333,228924.16981129613,48308.73858233184,3355.1389917541796,24.0,1636.0,109.76812717449926,4293.45690649913,4258.002905761859,63535.01789369818,21.0,36.0,30281.11731891225,541.6725109889022,15.0,10104.743130236106,1854.866250111871,3964632.7764891726,3917854.3803674355,38148.522695460415,1.0,24.0,1.0119397995893227,0.9166666666666666,35.45400073727069,0.008257681749082642,2.373117950803306,12.341150459752642,11.01153849001536,0.1406550253640709,0.014656051121507667,1.0,4,0.875,0,0.7611260805921267
29ABCDE1055Z5,1078,0.7,1.5217391304347827,0.17391304347826086,80031.53101805889,19141.487258925405,613.6457151266657,23.0,1094.0,50.5326565771036,1563.9615200440485,1507.301051919915,10109.789011700734,18.0,38.0,10395.634876751357,627.7954210906009,16.0,3989.318280150947,1042.092368759547,971627.8330370731,929439.7378944425,13184.972942666447,1.0,22.0,1.0453908881044873,0.8260869565217391,56.66046812413356,0.03622881215295996,2.6466632362987994,11.290188468727042,10.662071288380247,0.563491843972315,0.007667453563204193,1.0,4,0.8229166666666666,0,0.7435505963802989
29ABCDE1056Z6,1079,0.3,1.391304347826087,0.08695652173913043,73874.31179476138,16892.888999571143,1183.7195489084897,23.0,2054.0,26.24029121532823,1328.2989067898538,1238.251481604631,5889.732504453789,21.0,42.0,7798.0747587993,402.15072016933664,16.0,7137.15293084574,1422.7367879168949,1357430.32768599,1265897.3799821727,14012.547260473697,1.0,22.0,1.0723067676347557,0.9130434782608696,90.04742518522289,0.06779153752587483,5.763896136507597,11.210133975271559,11.389231242623897,1.173239424201281,0.016023208838658726,1.0,4,0.8541666666666666,0,0.3734446434382427
29ABCDE1057Z7,1423,0.3,0.625,0.041666666666666664,506976.7823146127,89594.8628132474,1052.1469718929854,24.0,1474.0,251.12884125202177,9730.656275398058,9751.654882785106,392160.4278375681,19.0,41.0,58571.082303753785,641.5225433173817,15.0,18420.295425091284,1445.4615845667279,8560358.16528184,8563596.080993505,72943.05236950127,1.0,23.0,0.9996218976606274,0.9583333333333334,-20.99860738704774,-0.0021579847024437966,1.8889404564151664,13.136222459748446,11.034082887057288,0.0,0.00207533152062285,1.0,4,0.84375,1,0.9750706101403067
29ABCDE1058Z8,677,0.3,3.0526315789473686,0.2631578947368421,39116.00523297663,10846.675272162583,864.5865144536277,19.0,682.0,26.354496414945718,669.2554758570018,713.3419514501506,517.4365881532063,13.0,25.0,6235.213052054775,516.0358805617645,18.0,3638.731788329809,1180.0807818623402,252649.867043074,269450.5768552961,5608.5420362508385,1.0,14.0,0.9376482692733493,0.736842105263158,-44.08647559314886,-0.06587391091076962,5.100964244332809,10.574312567869129,9.784591397592273,0.0,0.022102574297399414,1.0,4,0.6666666666666666,1,0.8277801578599631
29ABCDE1059Z9,1517,0.3,4.608695652173913,0.30434782608695654,38938.905181333466,8532.326963710402,-291.4892732910515,23.0,982.0,19.893790434817625,725.193310238066,777.553013376619,1097.0790329154509,13.0,18.0,5623.488086421327,649.6300718465401,16.0,3853.1456618239954,1077.1660094764443,581721.6934568722,630418.9906756185,6325.933261412905,1.0,21.0,0.9227540763539539,0.6956521739130435,-52.35970313855296,-0.07220102888340812,4.955476469818102,10.569774843929222,9.835048099313607,0.0,-0.007485618466035251,1.0,4,0.7604166666666666,1,0.8440108866918545
29ABCDE1060Z0,1226,0.7,5.5,0.375,160003.48556396257,50350.97520002705,1538.673076186141,24.0,1552.0,56.973692343885276,2727.1171352603924,2799.331022096479,18425.405634472318,16.0,17.0,9095.94417521319,616.3493178278623,11.0,5604.781926196714,1590.0697114117647,2847885.631124236,2920366.123700404,45785.107003316305,1.0,20.0,0.9751810254241932,0.625,-72.21388683608666,-0.02647993586428457,2.002186194471268,11.982957128597763,10.238315581044851,0.0,0.009616437131514348,1.0,4,0.7395833333333334,1,0.9461188330706611
29ABCDE1061Z1,1260,0.3,2.869565217391304,0.21739130434782608,41866.05221963961,12281.009828899849,-470.8860290998993,23.0,1782.0,18.557216413232844,808.1248531523279,845.3231292667184,1666.119679916701,20.0,10.0,5728.061712485693,700.9508864349515,10.0,3818.2288634111287,1042.5942300587558,736054.0950156279,767081.4791186824,10572.199282086434,1.0,22.0,0.9595513841128029,0.782608695652174,-37.198276114390524,-0.04603035777118813,4.5168867752657835,10.642254453373548,9.88394789066151,0.0,-0.011247174189135034,1.0,4,0.78125,1,0.8443424726015895
29ABCDE1062Z2,1131,0.3,1.0,0.13636363636363635,51701.141023945696,14486.169765070175,-52.19412832990017,22.0,1168.0,28.89233612854857,998.3212550954197,986.7521918542704,1974.5577931106366,17.0,23.0,6828.6237117783685,693.4726744330235,15.0,3806.816298743129,1223.8840127118408,735100.6597878684,722800.5259562924,11479.290750811553,1.0,20.0,1.0170173282805826,0.8636363636363636,11.569063241149252,0.011588517405695704,3.857925353669083,10.853254472094477,10.241957791820013,0.260287508052269,-0.0010095158014003058,1.0,4,0.7708333333333334,1,0.7727427974112178
29ABCDE1063Z3,456,0.7,2.3333333333333335,0.1111111111111111,30147.38100287462,6894.71906826186,1151.7295341793504,9.0,866.0,16.24943652899259,621.7620860720376,657.5117352104697,434.78945250523645,11.0,11.0,5322.571365955838,603.473283971026,11.0,3999.2361153959864,1424.6478172755017,284603.3894795806,299725.13513490243,5047.647695341614,1.0,12.0,0.9495479561681882,0.8888888888888888,-35.74964913843212,-0.05749731278129131,6.082379828727817,10.313886502633094,9.249945626568541,0.0,0.0382020359258938,1.0,4,0.4479166666666667,0,0.7498435441945858
29ABCDE1064Z4,684,0.3,0.7058823529411765,0.11764705882352941,375613.06457908446,57367.06569731599,1793.3075949278375,17.0,1646.0,155.47270389541603,6837.018121106406,6631.827700570161,156697.69998080836,19.0,17.0,9095.94417521319,616.3493178278623,11.0,15900.773200764528,1650.76915502932,5174715.742726342,5016308.348900059,48962.41836672253,1.0,18.0,1.0315784801907197,0.8823529411764706,205.19042053624526,0.030011683002975593,2.3976457047274438,12.83631747124639,10.297082488073805,0.5183515300850752,0.004774335585483013,1.0,4,0.6770833333333334,1,0.8595125647975677
29ABCDE1065Z5,117,0.3,0.0,0.0,28363.034527840402,17781.066920135112,0.0,1.0,98.0,9.813146921158756,474.116574443179,487.571823830379,6039.475649747926,1.0,17.0,9095.94417521319,616.3493178278623,11.0,4293.147745257806,3586.295490515612,23231.712147715774,23891.019367688572,466.200606128016,0.0,1.0,0.9724035542466439,1.0,-13.455249387200013,-0.028379622465218354,8.805159640954448,10.252877231735246,7.485491608030754,0.0,0.0,0.0,4,0.14583333333333334,1,0.8411763340314826
29ABCDE1066Z6,1044,0.3,2.125,0.20833333333333334,39281.83611462192,8121.949344070859,115.3623590938431,24.0,1472.0,18.162791868925176,702.7588327971429,704.3795688374813,1219.6192139195164,19.0,15.0,5432.701905297387,630.504378185394,15.0,3671.2840834733743,1155.501295517751,577425.1511716184,577045.3685050721,5183.234624349869,1.0,22.0,1.000658150445831,0.7916666666666666,-1.6207360403384428,-0.002306247840226409,5.212082016422647,10.578542962372667,10.067645138702412,0.0,0.002936711564237154,1.0,4,0.8333333333333334,0,0.6357077934540445
29ABCDE1067Z7,207,0.3,0.0,0.0,60859.82153779109,15483.439972411334,14679.501804875772,3.0,180.0,31.97543645978517,1027.1631176954234,891.3630698916868,209.11517458581238,3.0,11.0,8385.892341529749,780.5301106721419,4.0,5085.834782943041,1586.261193424358,111095.38024182196,92646.54491664511,11843.525185948869,0.0,3.0,1.199131390617701,1.0,135.80004780373656,0.13220884342929093,5.705682627799514,11.016344922173378,7.683403681053827,9.368524861153663,0.24119789108927228,0.0,4,0.13541666666666666,0,0.6482437832233111
29ABCDE1068Z8,1488,0.3,2.0476190476190474,0.19047619047619047,81731.51152954783,17082.53767476929,-136.82701651147335,21.0,1348.0,34.93071740263376,1528.4697264352942,1414.4432147365999,7268.92158393803,16.0,4.0,6991.924478836603,684.7511451194226,4.0,6160.905726985556,1438.4326283169974,1309447.0174661959,1211957.3902546468,13617.0965020554,0.0,21.0,1.0804398141349387,0.8095238095238095,114.02651169869432,0.07460174691495369,4.355710899382306,11.311207139629953,8.816556768641856,1.3373373541360654,-0.00167408310292787,0.0,4,0.6458333333333334,0,0.35931424231791076
29ABCDE1069Z9,822,0.3,1.7826086956521738,0.08695652173913043,179941.4823580009,45880.305852312835,2099.2869896942566,23.0,996.0,109.4489996735653,3272.103648512927,3140.3200970677226,27690.44689263004,17.0,46.0,18504.606107651274,644.844064358607,14.0,7770.932738712412,944.724232717252,1864696.5228796664,1795582.577082395,23164.172492480477,1.0,20.0,1.0384910984765585,0.9130434782608696,131.78355144520447,0.040274870725777935,2.474567081861664,12.100392536352228,10.754898371671896,0.7919328951521357,0.011666433419083676,1.0,4,0.7708333333333334,0,0.7680087645504385
29ABCDE1070Z0,395,0.3,2.625,0.125,25923.57971875106,3355.6059782458615,225.08318418967016,8.0,588.0,14.186045926482997,516.6488471033873,526.0255284931131,510.68635597375396,8.0,9.0,5000.0,566.0578997859386,9.0,3900.168077655972,1410.2725821230272,187969.2702039226,191679.11127787485,2747.5440595847103,1.0,10.0,0.9806455640929276,0.875,-9.376681389725832,-0.018149041543974356,7.414408363085812,10.162946821539169,8.681011276645632,0.0,0.008682230787597653,1.0,4,0.3645833333333333,0,0.7373153598954546
29ABCDE1071Z1,782,0.3,1.85,0.1,173142.2717807845,37121.51797219297,-2577.5181947462706,20.0,1088.0,93.40924454048826,3461.4443895585923,3313.8394811114904,21454.08772673453,15.0,32.0,24854.564045436473,574.0994653310503,14.0,5812.885533290584,956.4362206129099,2732074.9854716817,2662124.7854969637,30889.960108078827,1.0,22.0,1.0262760785504124,0.9,147.60490844710193,0.04264257686541216,1.754124050492902,12.061874691326723,10.489522684399441,1.0077101951807983,-0.01488662059019913,1.0,4,0.7395833333333334,1,0.9045911249198991
29ABCDE1072Z2,200,0.7,3.3333333333333335,0.3333333333333333,181812.09549829294,41702.822491282655,-10154.234375554006,3.0,256.0,84.17762780538847,3734.869014018653,3448.2885587078295,52188.645642671734,3.0,9.0,23773.567983628138,722.0979717534763,3.0,10281.62978914007,2329.5993427318226,375750.50000044005,347841.7499614905,19135.913941338196,0.0,3.0,1.0802340433315993,0.6666666666666667,286.5804553108237,0.07673105917105998,2.9816616602970387,12.11073449057516,7.851661177889266,1.25445299954159,-0.0558498514517033,0.0,4,0.125,1,0.9734567147509758
29ABCDE1073Z3,1097,0.3,2.4583333333333335,0.16666666666666666,231464.7398734214,47172.105736727266,3534.2232808673893,24.0,1512.0,97.29027945439618,4259.1659129731015,3913.2175611961793,33241.56694196192,18.0,26.0,22704.534240907404,653.2794767657958,12.0,18768.883340965065,2613.0619226099047,3820912.8429352376,3493271.547064602,36807.7735465409,1.0,22.0,1.0937921061836584,0.8333333333333334,345.9483517769222,0.0812244366257697,4.796279033161615,12.352187149649076,10.617686579792686,1.897422253559193,0.015268882914595064,1.0,4,0.7916666666666666,0,0.33791882273527546
29ABCDE1074Z4,1505,0.3,0.2608695652173913,0.043478260869565216,59529.92452917677,12580.012530560796,-571.8010027686695,23.0,1530.0,24.08110223085609,1076.1931473565,1091.1060534205478,3569.9421622178106,17.0,13.0,8632.916987710518,685.2304520598283,8.0,3595.898270328255,978.2656210467363,1004279.5378615002,1017108.8969033235,10469.655566503128,1.0,21.0,0.9873864449707564,0.9565217391304348,-14.912906064047775,-0.013857090709673253,3.295645055817758,10.994251196501839,9.972733725272942,0.0,-0.009605108727791106,1.0,4,0.71875,1,0.8263180386051687
29ABCDE1075Z5,431,0.3,5.363636363636363,0.36363636363636365,258772.56472832008,73937.37834004025,3258.744674767008,11.0,518.0,134.56879302734782,4568.51393787033,4144.815410650442,84661.0746096524,8.0,5.0,33334.92028723433,380.87074686696604,5.0,13117.693488044757,2903.7160471389775,1598830.177410494,1440892.310071564,32972.27644216532,1.0,10.0,1.109611152918906,0.6363636363636364,423.6985272198881,0.09274318366584659,3.164843832209698,12.463708690828764,8.043663352393944,1.4561714138610706,0.012593035452397476,1.0,4,0.3541666666666667,1,0.9097488664264417
29ABCDE1076Z6,1455,0.3,3.9166666666666665,0.2916666666666667,100941.76741316466,24822.88226346236,-536.7479900177505,24.0,1632.0,46.08752142582335,2011.5193192829402,2167.0826233250427,11773.75726208041,18.0,22.0,12859.095416322927,663.3582144037097,11.0,3679.8479354970796,944.0507083517163,1796385.059045658,1925213.7092324216,21440.373452279735,1.0,22.0,0.9330834548035047,0.7083333333333333,-155.56330404210257,-0.07733622170606706,1.6980653602634401,11.522308975935754,10.533668308899614,0.0,-0.005317349660335836,1.0,4,0.78125,1,0.9168971145442274
29ABCDE1077Z7,445,0.7,1.4545454545454546,0.09090909090909091,27893.998923153526,5932.467304625205,664.4694871762127,11.0,352.0,14.88593290499625,537.6510047839416,510.31867172779437,499.2716991591484,5.0,13.0,5000.0,642.1963149317374,12.0,3690.5573438072647,1183.3008023701523,206225.3886157218,199173.85149191314,3828.5987846239145,1.0,12.0,1.0354039301393685,0.9090909090909091,27.332333056147263,0.05083657021552657,7.231868140963927,10.236202701676062,8.505525386548555,1.2220071207293184,0.023820380456250418,1.0,4,0.4166666666666667,1,0.7722059996809345
29ABCDE1078Z8,490,0.3,0.0,0.0,174650.35068942764,21214.51886862824,-9.389988194166499,10.0,564.0,81.31390024604262,3400.6685982656795,3150.9085072726125,14738.414670840166,7.0,9.0,26270.534816255127,683.554641210945,6.0,16899.40392303785,3901.084669098208,1723095.637848525,1566017.5911792521,27731.900423929852,0.0,13.0,1.10030413933664,1.0,249.76009099306702,0.07344440770278032,5.363343265611278,12.07054698389776,8.639410824140487,2.0572303620697094,-5.376418880873226e-05,0.0,4,0.375,0,0.318775560334388
29ABCDE1079Z9,329,0.7,2.1666666666666665,0.3333333333333333,287595.9644054373,95772.4852894121,-41574.559482835815,6.0,612.0,106.90031917821292,4722.250103185592,4623.892087823882,45727.04856635708,7.0,8.0,25702.019391675436,602.5716443099249,6.0,15477.397161723284,3747.6466872189494,1560258.1323973404,1499027.1174642923,58526.63043024919,0.0,7.0,1.04084716962067,0.6666666666666667,98.35801536170948,0.02082863321774464,3.347266084016102,12.569315349854818,8.61558951327243,0.45995826055227135,-0.144558408565907,0.0,4,0.2708333333333333,1,0.98
29ABCDE1080Z0,859,0.7,0.13636363636363635,0.045454545454545456,75168.4355726792,14504.122253436093,696.3158645069319,22.0,1082.0,34.41016538717429,1416.04014191832,1243.3740687190073,9713.130434805398,14.0,16.0,8141.730278831072,722.5727165455444,11.0,8707.209664543794,2545.7080603197014,996839.6162035577,866610.1286507258,9481.752231312037,0.0,19.0,1.1502745966696621,0.9545454545454546,172.66607319931268,0.12193586049432235,7.002888256721039,11.227499985465384,9.820703591057207,1.7518827930888092,0.009263284461324494,0.0,4,0.6875,0,0.2495316263073157
29ABCDE1081Z1,255,0.3,1.5,0.25,265762.67910354293,43967.34869046391,-10860.59155487861,4.0,328.0,199.30729142244647,5415.354814253347,5480.110450173725,115147.30818846737,6.0,17.0,34098.03671813731,668.3291458522953,6.0,5329.933068721706,2576.6965319597502,764937.5856570243,764001.9335227311,40692.46737673024,1.0,5.0,1.0012246724690592,0.75,-64.75563592037815,-0.011957782664570699,0.9725959206812596,12.490362768458189,8.686429508661536,0.0,-0.04086559755461267,1.0,4,0.21875,1,0.98
29ABCDE1082Z2,1307,0.7,1.9130434782608696,0.08695652173913043,61945.89831319871,9748.132787127548,416.9806902806485,23.0,1290.0,28.40291791828735,1162.0845172178915,1127.9007399440263,4794.26716329824,16.0,8.0,6021.682562017112,803.6685620997342,6.0,4342.439814426826,950.3552208035152,903168.4118359853,864508.1320417037,8127.7174365505425,1.0,21.0,1.0447193940246435,0.9130434782608696,34.18377727386519,0.029415913186506822,3.850019474800882,11.03403281822031,9.360396968182862,0.4936437535526925,0.006731260186303864,1.0,4,0.6875,0,0.6706972695069804
29ABCDE1083Z3,924,0.3,0.0,0.0,211680.6784155767,55016.94348229322,4370.48419401663,24.0,1466.0,106.91831672546196,4047.4994871711956,3789.6131288051665,50746.638740075425,20.0,79.0,22907.058399658705,597.892016823799,23.0,11624.84403029527,1677.1212132709406,2874355.2210669145,2668171.631537596,34146.92929346664,1.0,20.0,1.0772752348807861,1.0,257.88635836602907,0.06371498234488136,3.067554295169039,12.262838908340292,11.673001412816863,1.1447758254103235,0.020646492538841404,1.0,4,0.90625,0,0.5448197508705764
29ABCDE1084Z4,1377,0.3,1.7916666666666667,0.125,407367.04851605603,110883.7208102444,-10516.946638727954,24.0,2160.0,153.39553458177994,7804.815431457259,7255.837054753865,178471.39122325135,22.0,17.0,9095.94417521319,616.3493178278623,11.0,30797.175557265644,5963.280049823879,8222882.1438714005,7601587.36053592,95805.28710361387,1.0,23.0,1.0817322427366907,0.875,548.9783767033941,0.07033841882932174,4.244469015065327,12.917472351903582,10.56869811440305,1.2994803521336202,-0.0258168176837596,1.0,4,0.8333333333333334,1,0.9625880602057164
29ABCDE1085Z5,442,0.3,0.7777777777777778,0.1111111111111111,38612.07487710603,6420.91507502289,-790.1749821696429,9.0,380.0,27.30094880035132,744.9266396315672,737.1248666732188,749.6417932824096,7.0,11.0,5131.368285377367,500.0287811962515,9.0,3858.102420301607,1315.4393864136707,194754.03299391866,194116.51946627357,2762.177972291726,1.0,10.0,1.0032841796741356,0.8888888888888888,7.801772958348465,0.010473209767618378,5.233987611507313,10.56134622548392,8.427706024914702,0.2847586577793128,-0.020463922769283088,1.0,4,0.3645833333333333,1,0.8100809723612536
29ABCDE1086Z6,518,0.7,0.8,0.1,188829.54119652952,23358.327590842186,-267.42281095105835,10.0,630.0,117.35578645478938,3414.0885761418836,3307.197375359689,11945.73874182028,11.0,41.0,22183.209920662805,724.4373305370132,12.0,8598.562839674732,1266.8693654492622,1306491.9538215494,1255919.0045333444,18522.459442067964,1.0,13.0,1.0402676837484406,0.9,106.89120078219457,0.031308854002548396,2.599954542700844,12.148605284423148,10.184975480824582,0.9779513997350955,-0.0014162052878550627,1.0,4,0.4791666666666667,0,0.7581126693704874
29ABCDE1087Z7,384,0.3,4.8,0.4,62275.078746987834,11734.802186133606,6327.404982445076,5.0,566.0,30.12889848961423,1096.7857822519427,1034.8337858882644,2009.9608197358934,8.0,7.0,5408.845182055812,810.5326751625926,6.0,5225.603451403557,2078.009860004189,335205.9500594768,321673.3648179758,9379.028401714582,1.0,8.0,1.0420693371649177,0.6,61.95199636367829,0.05648504691269539,5.049703172300357,11.03933266229248,8.419800845407588,1.3815083087436864,0.10160249504712304,1.0,4,0.28125,1,0.7741240730324865
29ABCDE1088Z8,445,0.3,1.5555555555555556,0.1111111111111111,131464.13397913307,30786.716469037998,8765.970672811463,9.0,708.0,60.01964799470772,2261.0780885973086,1988.3129894279973,15798.700006528981,10.0,28.0,13834.52676363828,709.2682491755793,10.0,12653.07046121782,2370.563602073684,857100.6031433503,759789.0983384033,23488.358524764848,1.0,11.0,1.128076995336942,0.8888888888888888,272.76509916931127,0.12063497521154827,6.36372167183693,11.786496954600814,9.931151356518601,2.1700232162662725,0.06667905327813267,1.0,4,0.4166666666666667,0,0.39962518049347684
29ABCDE1089Z9,1106,0.3,1.5833333333333333,0.08333333333333333,171618.0525932172,32525.02415484039,1417.6661057957933,24.0,1156.0,85.78926216280273,3136.2179296981567,3062.0562615643407,14691.229732026748,16.0,36.0,15770.68471665658,495.8112510743547,18.0,9184.355219992756,1647.7264305138947,2152990.3323603543,2082784.6213451566,24888.107715213857,0.0,19.0,1.0337076192591894,0.9166666666666666,74.16166813381597,0.02364684782634146,2.9994077297915682,12.053032488970727,10.664503639837902,0.6118368561291598,0.008260540332640334,0.0,4,0.8020833333333334,0,0.5204768349490453
29ABCDE1090Z0,1455,0.3,1.9166666666666667,0.16666666666666666,88779.22481223223,14834.024881236252,172.4325699652986,24.0,966.0,49.773029986936805,1561.5491805442252,1443.4975049170844,5312.344027009015,16.0,49.0,11025.099937896437,467.8765266300432,16.0,4907.54119268981,1455.2337307494338,885335.0948378658,812862.128933316,10342.720051622753,1.0,19.0,1.089157759138875,0.8333333333333334,118.05167562714087,0.07559907628781691,3.399757308878551,11.393919210624427,10.78622150088144,1.619526980891129,0.001942240744827903,1.0,4,0.78125,0,0.6898321979106491
29ABCDE1091Z1,206,0.7,6.0,0.5,35508.720364085944,4922.31773646916,6961.208501224322,2.0,338.0,18.41026111681278,748.3627621984508,807.3043021722287,2672.693311679345,4.0,17.0,9095.94417521319,616.3493178278623,11.0,4086.2189316612535,1533.3317017650616,125937.0998744774,135926.64386852123,13775.740024819957,1.0,4.0,0.9265078301815022,0.5,-58.941539973777935,-0.07876065318994029,5.061559712572308,10.477561751056392,8.716371865276614,0.0,0.1960367029041658,1.0,4,0.21875,1,0.91928487149067
29ABCDE1092Z2,839,0.3,0.0,0.0,65752.09777694919,16108.747348195671,545.7582695137901,20.0,1750.0,24.71093661070506,1190.6128082540656,1085.394511152979,4829.116193853832,19.0,17.0,9095.94417521319,616.3493178278623,11.0,6002.099599054804,1209.6064763051986,1243442.5127751809,1140067.3404251388,11059.18275997822,1.0,23.0,1.0906746195461514,1.0,105.21829710108659,0.08837322794753102,5.529878341359005,11.093662063408473,10.358314090182017,1.513953302076581,0.008300114944624168,1.0,4,0.7604166666666666,0,0.44872935516821866
29ABCDE1093Z3,1417,0.3,3.7083333333333335,0.20833333333333334,53012.75133358736,16265.847764296657,544.1269720019952,24.0,1618.0,22.398400133054075,953.0466221522103,954.3539786520787,2068.1123246321326,19.0,1.0,5286.616182573498,92.2341555453829,1.0,3776.948704951199,1018.02410825848,768570.7365183665,769424.1011498903,12587.490131573768,1.0,19.0,0.9988909047295913,0.7916666666666666,-1.3073564998684333,-0.0013717655248765327,3.9575972746356953,10.878306618004851,8.08271113423758,0.0,0.010263883583300744,1.0,4,0.65625,1,0.850732115602549
29ABCDE1094Z4,209,0.3,0.0,0.0,53841.53713773812,8059.815507212775,-11398.300400525295,2.0,166.0,24.886080526199287,1068.7839836667877,996.7607000077533,6118.946901366317,2.0,1.0,6871.8711161525325,149.61531843396304,1.0,4539.887583176183,2152.2980908185878,122292.4201635377,110769.70936245074,6769.602921155297,0.0,3.0,1.1040240230601615,1.0,72.0232836590344,0.06738806415486942,4.554641433135225,10.893819086866165,5.811140992976701,0.9206596097489439,-0.2116969408660397,0.0,4,0.08333333333333333,1,0.9571172834191526
29ABCDE1095Z5,112,0.3,1.7083333333333333,0.125,75317.20215466128,17781.066920135112,507.1254834504569,21.0,126.0,19.34020991343377,1314.0400555178715,1122.8263935747839,6039.475649747926,1.0,17.0,9095.94417521319,616.3493178278623,11.0,17406.974146771747,14001.749666285206,82784.5234976259,70738.06279521139,8518.134051974559,0.0,1.0,1.1702967288952957,0.875,191.21366194308757,0.14551585481747667,15.502818820772925,11.22947711305792,7.734558844354756,2.46027327912266,0.006733106592336152,0.0,4,0.3541666666666667,0,0.10141855126446978
29ABCDE1096Z6,908,0.3,1.7727272727272727,0.13636363636363635,47570.28828380106,9548.400329017113,1029.7106285587802,22.0,1546.0,21.09715643708542,862.0033704521055,854.6389375338977,1672.3141802471537,19.0,1.0,5000.0,396.36823665408457,1.0,3844.9901163648037,1180.6656987622405,733947.1346922335,720783.4490229301,7119.222083724017,1.0,21.0,1.0182630243343513,0.8636363636363636,7.364432918207854,0.008543392254191928,4.498964355005531,10.769984670913752,8.03722003113301,0.1800323559728852,0.02164563260123894,1.0,4,0.65625,1,0.8456863294694716
29ABCDE1097Z7,437,0.3,5.75,0.25,21054.727682130735,1846.6488121112295,-395.3255807693872,8.0,688.0,15.882326540008371,523.9533069057596,568.7507590468161,417.75862253561786,10.0,3.0,5000.0,522.5568873646511,3.0,3673.604695269178,1376.0766299935015,162764.4527079885,177298.53456611023,5935.170345003405,1.0,9.0,0.9180248054859003,0.75,-44.79745214105651,-0.08549893960133734,6.459076558290429,9.954927901011906,7.9215356321335495,0.0,-0.018775203913037226,1.0,4,0.3125,1,0.9185901547070854
29ABCDE1098Z8,1501,0.3,1.5416666666666667,0.16666666666666666,203892.96173000048,66407.5419427527,-3215.096015387689,24.0,1486.0,82.18147866032054,3604.1236244271545,3579.504451410276,24894.58500393572,17.0,33.0,30214.23651098489,532.7882400275608,13.0,9539.845932981892,1310.2476167654925,3592357.5221481365,3622289.404166824,57512.07765210632,1.0,21.0,0.9917367502485428,0.8333333333333334,24.61917301687845,0.006830834783252326,2.665130344850758,12.225355342244697,10.830876471076316,0.15603150320082146,-0.015768470964555432,1.0,4,0.78125,1,0.8708961083708621
29ABCDE1099Z9,1418,0.7,1.0833333333333333,0.041666666666666664,381733.7927262922,77761.32810135646,4157.2278737838,24.0,1796.0,150.30323844627884,6794.096686949149,6060.408848742124,57645.63161706311,21.0,2.0,29781.460217577784,638.471608193458,2.0,45766.76464312497,10863.379143749415,6691266.795202961,5950622.775381592,69892.59069598503,0.0,22.0,1.1244649590099205,0.9583333333333334,733.6878382070254,0.10798901929323054,7.551761900127274,12.852481386599905,8.592486175451668,3.055795958864843,0.010890356218497942,0.0,4,0.71875,0,0.30819602384328776
29ABCDE1100Z0,1152,0.7,1.5833333333333333,0.125,201695.42694882475,48123.66881064058,-2667.173328669539,24.0,1672.0,88.0730402776838,3799.0097659122716,3563.896401302093,11703.743545333757,20.0,6.0,18067.5297991049,677.6753109517824,6.0,18349.475102671153,2167.9479367227805,2936159.321383758,2740980.9162048455,39434.41259798209,1.0,19.0,1.0712075024036125,0.875,235.11336461017845,0.0618880653373945,5.148711701037957,12.21451900910431,9.368283850042136,2.1731833311934246,-0.013223701426035996,1.0,4,0.71875,0,0.5289753958104499
29ABCDE1101Z1,602,0.7,2.0714285714285716,0.21428571428571427,51639.38569792438,11697.803854763002,741.2611775764024,14.0,948.0,19.714620707773552,862.1987586871969,836.8430986736511,1929.8681305235248,11.0,33.0,6422.626283069026,718.8876668457282,16.0,3935.783196935394,969.9850159412483,442311.9556944714,429886.276902867,6968.979983666267,0.0,13.0,1.0289045718814886,0.7857142857142857,25.355660013545844,0.02940813792419852,4.703131570509917,10.852059313908759,10.38176932322609,0.577030291922918,0.014354292044069617,0.0,4,0.5625,0,0.6836120375351392
29ABCDE1102Z2,1360,0.3,0.7916666666666666,0.08333333333333333,584135.3855057756,92694.18729173816,-1052.8910355746777,24.0,1212.0,284.0170083166479,11374.93955170674,10139.348828279337,550740.2236940103,16.0,21.0,72007.84601160859,547.1635166772946,12.0,64197.54785113547,12323.04581367535,8728756.176218929,7775052.963052912,79927.20015529892,1.0,20.0,1.1226619571208092,0.9166666666666666,1235.5907234274036,0.10862393754365145,6.331525716137127,13.277889771369843,10.191894362302367,1.664948660787562,-0.0018024746646504994,1.0,4,0.75,1,0.9178870856039091
29ABCDE1103Z3,1504,0.7,0.041666666666666664,0.041666666666666664,229591.2885995087,36463.94164381557,-881.8311576289858,24.0,1770.0,95.82650253824575,4443.300452076291,4037.345022558459,99197.36557860342,20.0,28.0,27863.106548505457,558.8186676940029,11.0,20104.78496581253,2526.0766065640228,4452728.895309005,4107939.225604531,34917.61495860036,1.0,23.0,1.0839325147644399,0.9583333333333334,405.9554295178318,0.09136348844655208,4.979704447719497,12.344060356624444,10.846595467769308,1.2889203958137656,-0.00384085703839651,1.0,4,0.8125,0,0.2862157542155366
29ABCDE1104Z4,584,0.7,3.2142857142857144,0.35714285714285715,52088.2979888814,9079.343666845401,-1067.661066267696,14.0,1304.0,17.115790547232148,901.2096634206076,815.6357883940632,3985.8499390204015,13.0,2.0,5191.749283399618,627.2826212711565,2.0,6778.867438340162,1807.7480882020527,776317.8363979516,710461.1597222423,7591.350935721289,1.0,17.0,1.0926956748789143,0.6428571428571428,85.57387502654444,0.09495445788024787,8.311145164053354,10.860714793759987,8.272570608424903,1.3552713379908494,-0.020496745156665216,1.0,4,0.4791666666666667,0,0.6634204556162843
29ABCDE1105Z5,437,0.7,0.0,0.0,57773.648688660396,13793.733874686412,2782.2133273848517,10.0,736.0,29.216867788973545,1126.786632606602,1023.5748366618507,9868.906323196812,10.0,13.0,5981.301210882856,702.449380720424,9.0,4770.275760987115,1176.8911250545116,443735.61665351724,403937.46954467456,8396.069012467397,1.0,11.0,1.0985255147379713,1.0,103.21179594475143,0.0915983496413966,4.6604074173455174,10.964305354443184,9.241645221804594,1.0388977835634674,0.04815630022049663,1.0,4,0.4166666666666667,0,0.5622340411669119
29ABCDE1106Z6,482,0.3,2.888888888888889,0.3333333333333333,169669.90813827104,36470.229595838755,-4796.199859038849,9.0,860.0,61.39961079915143,3179.580203795462,2687.493717012342,41978.49716509851,9.0,17.0,9095.94417521319,616.3493178278623,11.0,22514.959932923946,8462.908643256726,1589351.1316862646,1335673.7420992267,29615.80831439884,0.0,11.0,1.1899246661750968,0.6666666666666667,492.08648678311965,0.15476460892407007,8.377679095731462,12.041616005402405,9.648466262323895,2.4017224790107354,-0.028267661861809866,0.0,4,0.4166666666666667,0,0.36483700071395186
29ABCDE1107Z7,395,0.3,0.16666666666666666,0.16666666666666666,63086.08794307015,10578.076834043954,-3550.2508629091626,6.0,788.0,25.852106925155553,1158.109102894609,1105.3864812190106,4091.572274961723,9.0,2.0,5000.0,703.3820521564128,2.0,5037.096577843842,934.5169503313366,504533.36533356097,483028.0548908675,10688.248850451177,1.0,10.0,1.044521866224835,0.8333333333333334,52.72262167559825,0.045524745072655,4.556864647276106,11.052271399112547,7.769378609513984,0.8241358736447255,-0.05627539610186021,1.0,4,0.28125,1,0.8677673333066669
29ABCDE1108Z8,389,0.3,3.6666666666666665,0.3333333333333333,40332.54653465076,10283.913063853453,4213.337691169692,6.0,542.0,19.00324134042887,758.88185962104,712.5119698807381,1847.0888122953456,7.0,10.0,5432.931482960257,596.2819079480166,9.0,3434.9948588961315,998.2493962373715,233877.1735028879,218673.6698134313,6203.189885874723,0.0,8.0,1.0695259914118969,0.6666666666666667,46.369889740301915,0.06110290969856293,4.820964424599195,10.604938821879875,8.695004592732307,1.0786353374902649,0.10446236577658728,0.0,4,0.3125,0,0.7289163531453342
29ABCDE1109Z9,680,0.7,2.176470588235294,0.11764705882352941,344497.8483289373,69626.34398330525,1891.7034240035448,17.0,1048.0,135.82840125915814,6022.661428350969,5839.685614948841,63858.84294807045,12.0,3.0,31363.185879074732,522.4435512454179,3.0,18970.57118192169,3708.295784127526,4147650.3181026597,4027720.8500690833,62137.61027092582,1.0,16.0,1.0297760129110038,0.8823529411764706,182.97581340212764,0.0303812219197298,3.2485603562903242,12.74984602640831,8.341886969516187,0.7240686819168645,0.005491174885430364,1.0,4,0.5,0,0.7497569852063225
29ABCDE1110Z0,800,0.3,5.095238095238095,0.3333333333333333,48987.2925721231,14727.260505006027,1279.9479636976616,21.0,1090.0,24.613933186169536,890.0362365509552,898.576241644031,1739.0928749457476,15.0,37.0,6177.059211740832,489.8265411985109,21.0,3904.624792584625,986.6029781462722,732836.0228765458,744362.6789430942,10427.42346265325,1.0,23.0,0.984514731336457,0.6666666666666667,-8.54000509307582,-0.009595120673029922,4.345346128271476,10.799336621445608,10.632436145559456,0.0,0.026127629612998984,1.0,4,0.8333333333333334,0,0.630629507993703
29ABCDE1111Z1,311,0.3,6.833333333333333,0.3333333333333333,90074.86314409338,16646.149903569156,6017.337070459701,6.0,128.0,54.84710002744237,1903.7003938026828,1606.514007953629,2384.985062231103,2.0,24.0,8614.856611118956,798.3746941063104,7.0,9688.441353439746,4874.943436568685,402965.8843281516,344697.7652183525,11163.613516315869,0.0,7.0,1.1690411861907155,0.6666666666666667,297.18638584905375,0.15610985153783444,6.0307232339547685,11.408407518074888,8.078688229229872,6.084081881021834,0.06680299095034851,0.0,4,0.22916666666666666,0,0.4310645215566575
29ABCDE1112Z2,1049,0.3,1.7916666666666667,0.08333333333333333,465581.0138615061,98005.44482869377,4663.561906003526,24.0,2194.0,178.7733824350775,8841.069178205458,8212.356954949328,385871.24679892306,23.0,2.0,43730.81051021464,742.3411354344544,2.0,43047.68014758895,7482.018327102219,8149189.353579916,7604286.750460883,72857.04737071367,0.0,20.0,1.0716572929191561,0.9166666666666666,628.7122232561305,0.07111269130276676,5.241817956006585,13.051043544630668,8.792549614177382,1.0121156306775356,0.010016628149623426,0.0,4,0.71875,1,0.8190248595110858
29ABCDE1113Z3,1412,0.3,1.375,0.08333333333333333,211155.76962705655,35450.60236987207,2182.402108220996,24.0,1558.0,97.21277764212235,3967.7125734089036,3605.1628049124274,36833.372807017375,20.0,1.0,13276.353441455638,989.3650885066392,1.0,19706.612957665246,1199.794435849924,2947887.43724328,2674443.442583458,29503.60183330866,0.0,19.0,1.1022433267071374,0.9166666666666666,362.5497684964762,0.09137500809061569,5.466219980638,12.260356120596706,8.044947049617722,1.8890392969288772,0.010335458872929046,0.0,4,0.6666666666666666,0,0.3091175915977184
29ABCDE1114Z4,463,0.3,0.7272727272727273,0.09090909090909091,42545.24006909964,10035.48142533968,-263.65968794050747,11.0,926.0,20.705606688882785,817.6939061336903,780.0887433584312,2126.0499369326108,12.0,17.0,5581.4596625616805,512.1924344246805,13.0,3968.746453114218,1501.9881405064664,328719.77794398344,311430.22315832204,5129.810287835474,1.0,11.0,1.0555166245919294,0.9090909090909091,37.605162775259146,0.04598929072746547,5.087557648925949,10.658346765093569,9.72232532346202,0.8153773249700997,-0.006197015000909504,1.0,4,0.4895833333333333,0,0.7521039459295682
29ABCDE1115Z5,1153,0.7,0.08333333333333333,0.041666666666666664,565429.9540095724,141839.86058249188,-2490.3218676198017,24.0,1262.0,267.150240199337,10057.961748367596,9774.014906430246,150933.99509811023,17.0,64.0,68537.56688520235,633.2758783340929,19.0,24716.484037427334,2155.664612373527,7634706.063819326,7531450.577702012,118084.13032798156,1.0,19.0,1.0137099068834121,0.9583333333333334,283.94684193734975,0.02823105208005332,2.528795410488535,13.245343469841702,11.315632392246128,0.7308732556350626,-0.004404289949038839,1.0,4,0.8229166666666666,1,0.9164097509640153
29ABCDE1116Z6,134,0.7,0.0,0.0,175688.31304710748,14540.042023350627,-20562.724626897194,2.0,1158.0,38.266081814191615,1416.04014191832,1326.120364264417,6039.475649747926,16.0,4.0,14139.735836269905,476.28618513857,2.0,7572.783438464802,2622.695700468215,178058.4011192221,175841.51958938316,13205.498432381217,1.0,2.0,1.0126072700862443,1.0,89.91977765390288,0.06350086766049436,5.7104797140079615,12.07647244732304,8.664750755773852,1.1569634929767398,-0.11704026995303762,1.0,4,0.22916666666666666,1,0.98
29ABCDE1117Z7,953,0.7,0.6521739130434783,0.08695652173913043,207466.29008515968,50239.50841263421,5760.713019975886,23.0,1514.0,84.56786395551488,3829.903830454745,3283.193171136896,112569.80999739197,18.0,71.0,25462.362194533922,652.4290800617293,19.0,26443.897010302764,5633.649983162716,2873213.4666849487,2484464.2896622745,34025.3160040872,1.0,19.0,1.1564720324780835,0.9130434782608696,546.7106593178487,0.14274788180593423,8.054322615792307,12.242728968082883,11.599836836959525,1.6294635347520905,0.02776684950004056,1.0,4,0.8229166666666666,0,0.24310957873919958
29ABCDE1118Z8,318,0.3,5.285714285714286,0.2857142857142857,178541.31846073977,25449.773435133164,2548.1642023123227,7.0,516.0,78.83395987318173,3538.384090726718,3241.3364583669113,45236.38372285986,6.0,11.0,20041.416129915026,478.7807588492216,7.0,19244.661333461998,8201.527837338179,921593.3046360768,856352.5568689429,21719.94010779185,1.0,6.0,1.0761844490844656,0.7142857142857143,297.0476323598068,0.08395008137706124,5.937261244134486,12.09258093031466,8.73294952429643,1.3966171001874814,0.014272046113664904,1.0,4,0.2708333333333333,0,0.5512497254013087
29ABCDE1119Z9,1492,0.3,0.8636363636363636,0.09090909090909091,45218.58299167205,12706.797038387802,-599.1847264274073,22.0,1176.0,26.385927815428037,937.5683116234488,1001.7973828105119,2295.85997260132,16.0,27.0,6111.6116939077165,758.1165416826415,19.0,3678.113185119646,1047.5414498443286,708477.669275021,754761.4534197797,9364.72251244845,1.0,22.0,0.938677599478551,0.9090909090909091,-64.22907118706303,-0.0685060175251092,3.671514068843754,10.719285524021904,10.40292861743548,0.0,-0.013250558425931468,1.0,4,0.8229166666666666,1,0.8070107117582134
29ABCDE1120Z0,598,0.3,1.6153846153846154,0.07692307692307693,41283.46306179411,8044.4824495066405,1280.6168193373783,13.0,1244.0,17.75909164234438,801.1611680416621,776.8609750352242,2510.0415432118593,14.0,9.0,5583.297755971005,790.9087268541779,9.0,3930.550987044938,1240.5775926035644,547510.3521112766,535737.305899948,7850.054083721122,1.0,16.0,1.0219754086222386,0.9230769230769231,24.300193006437894,0.030331216708663834,5.059529456820405,10.628241511118272,9.429475901892854,0.48493415565938075,0.031019340554836957,1.0,4,0.5416666666666666,0,0.6186938890629349
29ABCDE1121Z1,904,0.3,1.875,0.16666666666666666,239234.37402912567,47079.935226098954,3452.2496865414237,24.0,1438.0,106.52427600760926,4597.202843721027,3912.9032062202023,59082.9544577083,18.0,22.0,24501.503456178856,588.3728673531648,13.0,31851.655913316124,8274.62899721051,3673299.88757029,3098025.844392654,33355.397995656145,1.0,21.0,1.1856905242475193,0.8333333333333334,684.2996375008252,0.14885130388263343,8.140159425023008,12.385203174861891,10.407197922816518,2.815214771445738,0.014430347938934525,1.0,4,0.7916666666666666,0,0.19537164668338844
29ABCDE1122Z2,883,0.3,1.3333333333333333,0.09523809523809523,49498.66833668026,8283.249935451844,490.33577463674493,21.0,896.0,31.197917806696285,880.2143440317308,866.869053143261,2927.213587781017,16.0,39.0,5721.773822438163,633.9415337906239,23.0,3865.628679712285,1029.4434792123698,467099.3284778575,459970.3804699842,4919.962279883926,0.0,19.0,1.0154987110269778,0.9047619047619048,13.345290888469776,0.015161410375730815,4.459299435936193,10.80972124826525,10.487935316172733,0.24661907744252692,0.009905839596775564,0.0,4,0.8229166666666666,0,0.4210152924678794
29ABCDE1123Z3,1169,0.3,4.041666666666667,0.25,151603.31077117132,38102.786790044054,1947.4141712680946,24.0,1162.0,69.79556658708006,2627.160625161217,2779.6692664512516,20714.243559960545,15.0,5.0,15463.737879637192,456.6816558341683,5.0,3870.54734730067,997.8563162916099,2128106.7380455025,2223794.8270840445,23576.571622144467,1.0,20.0,0.9569708104933344,0.75,-152.50864129003457,-0.05805074871684932,1.39244887656801,11.929029186952175,8.85051762174672,0.0,0.012845374655655304,1.0,4,0.6666666666666666,1,0.9664249139087187
29ABCDE1124Z4,145,0.3,1.7083333333333333,0.125,75317.20215466128,17781.066920135112,507.1254834504569,21.0,108.0,79.18926656275,4804.742016166854,3747.6987726101465,6039.475649747926,1.0,17.0,9095.94417521319,616.3493178278623,11.0,46902.89816739633,25946.332228389783,450336.75413812796,354490.1629812805,44388.5617421992,0.0,2.0,1.2703787048722952,0.875,1057.0432435567077,0.21999999999999995,12.515119547543046,11.22947711305792,7.581719640125308,13.600572367960586,0.006733106592336152,0.0,4,0.3645833333333333,0,0.06709827588232999
29ABCDE1125Z5,984,0.3,1.8695652173913044,0.08695652173913043,64941.20004825816,15663.614460437524,800.0509059595914,23.0,1158.0,38.45023182379857,1273.8817367655909,1199.7498438987836,3723.577881289322,18.0,52.0,8266.95482598424,763.2981734995781,22.0,4689.623334414403,1268.7234537487502,912854.7923928383,861859.3513187189,8484.252641735247,1.0,23.0,1.0591690987585063,0.9130434782608696,74.13189286680722,0.05819370097496606,3.908834294301472,11.08125292325142,11.025604756891873,1.2146930860388236,0.012319430283622644,1.0,4,0.8958333333333334,0,0.6243784618236938
29ABCDE1126Z6,320,0.3,0.0,0.0,121774.28023898188,24090.64019186991,-15367.0143127383,4.0,482.0,50.66798248873168,2015.118397912833,2055.2095286819454,13277.108990627981,6.0,6.0,8758.256997764938,851.4747076966563,4.0,7698.546745174557,3243.602561382105,449396.7890154424,459053.14471807104,15848.131049760377,1.0,6.0,0.9789646235654064,1.0,-40.0911307691124,-0.019895173807473025,3.7458695270412736,11.709932659957104,8.125926802707886,0.0,-0.1261915742060359,1.0,4,0.20833333333333334,1,0.98
29ABCDE1127Z7,937,0.3,3.7,0.3,52107.83436852132,11154.519227560535,1012.4412686127598,20.0,1572.0,25.13548951257963,999.3750790859343,976.2743966028244,3875.493621673739,20.0,11.0,7529.610391062675,680.7835494909727,11.0,3955.0535900805776,1188.3997131019119,841095.9826163843,828010.5781592034,7509.326890477229,1.0,21.0,1.0158034266739342,0.7,23.10068248310995,0.0231151276097846,4.051170043835128,10.861089778981446,9.845646552846278,0.3710267942357839,0.019429359356853516,1.0,4,0.75,1,0.7802020333435002
29ABCDE1128Z8,1483,0.3,1.0833333333333333,0.08333333333333333,593782.9176667061,136471.4796746972,594.0413870766788,24.0,1434.0,260.5408643234098,11083.712345420086,9672.709845678226,818031.7832234652,18.0,56.0,70302.55127056946,618.3343336570089,18.0,62650.78053445382,19391.9585541518,8235164.81770353,7194956.42390719,104993.63196214814,0.0,20.0,1.1445746620980173,0.9166666666666666,1411.0024997418604,0.12730414285110012,6.477066048088503,13.294270757190741,11.311971396028273,1.5600640489303992,0.0010004336079208484,0.0,4,0.8333333333333334,1,0.9583604711122071
29ABCDE1129Z9,278,0.3,4.333333333333333,0.16666666666666666,25198.298696866474,4509.246438689378,15.378016923367042,6.0,254.0,22.527431195081064,566.0020204521827,578.3914842579354,527.7831940501867,5.0,2.0,5000.0,699.7398400651341,2.0,3769.113454889772,1779.3459679652428,100356.70922770454,103949.24523037233,3616.9990769891742,1.0,7.0,0.9654395181542107,0.8333333333333334,-12.389463805752712,-0.021889433885509256,6.516543824509222,10.134571443622841,6.639875833826536,0.0,0.0006102557499062184,1.0,4,0.20833333333333334,1,0.8787907088657597
29ABCDE1130Z0,1285,0.3,1.2083333333333333,0.08333333333333333,190959.37173700807,37681.584548903185,1744.3464921879743,24.0,1550.0,87.5225159764552,3599.621797958008,3183.37319021727,62194.95018378692,20.0,24.0,20434.210020877716,640.9210843391703,13.0,19702.747552151428,4221.202588256839,2779387.204855548,2462083.815315994,25596.0438930622,1.0,20.0,1.1288759495374165,0.9166666666666666,416.24860774073795,0.1156367616111413,6.189267288139311,12.159821207685555,10.56553098804474,1.6690591976947564,0.009134599374315737,1.0,4,0.8020833333333334,0,0.42774319440150527
29ABCDE1131Z1,1162,0.7,0.4166666666666667,0.041666666666666664,155248.71204565902,31742.289580968532,1769.8675021490199,24.0,1768.0,74.96552893705608,3136.9728811452355,2887.5296261599983,15178.55807319601,22.0,76.0,18620.950558685905,600.0993841980804,23.0,12481.944564786842,2553.012879979525,2514283.9311244227,2277702.6626638346,21942.80231029154,0.0,21.0,1.1038683724344862,0.9583333333333334,249.44325498523722,0.07951718565516298,4.322707012840607,11.95279014501564,11.82197511601347,2.024613838530091,0.011400133879981051,0.0,4,0.9375,0,0.2122252438569239
29ABCDE1132Z2,305,0.3,2.3333333333333335,0.3333333333333333,47403.5569171023,11221.292142520142,4187.760080980396,3.0,412.0,24.65846476861076,863.2161677024224,829.9984130755166,880.6117182420443,6.0,4.0,5782.882155589429,430.99158784765666,4.0,4037.2220421053426,1248.178037858778,203515.1448676377,194753.99491682227,8068.9328315084695,1.0,7.0,1.0449857265036193,0.6666666666666667,33.21775462690573,0.03848138608816805,4.864132242308299,10.766473640553865,7.632885505395134,1.118746257930748,0.08834087592683657,1.0,4,0.20833333333333334,1,0.8493680507933818
29ABCDE1133Z3,258,0.3,0.0,0.0,69924.97701840437,2999.495270651779,-237.21853701499057,4.0,564.0,22.065555326652536,1279.5311145128983,1209.4635263335078,5027.378823399859,5.0,17.0,9095.94417521319,616.3493178278623,11.0,7250.71134619047,2346.1200698237085,426588.1407587499,399997.9856757691,15022.741290168142,0.0,6.0,1.0664757224665984,1.0,70.06758817939044,0.05476036290533217,5.994981401523551,11.155192490348728,9.227197489042606,0.9881051762693119,-0.0033924236332451264,0.0,4,0.2708333333333333,0,0.42050472869032407
29ABCDE1134Z4,224,0.3,0.0,0.0,143016.6374425507,21262.835900136895,16377.088252243952,3.0,264.0,70.42256638164757,2359.318584907905,2288.570796280834,22600.16140135225,4.0,10.0,15819.928222871298,470.95572202420726,4.0,5629.28395810376,1499.4694649108746,365765.40433686343,351921.6078681528,12876.902519371184,0.0,5.0,1.0393377279462113,1.0,70.7477886270708,0.029986534705245163,2.459737739925692,11.870723240395542,7.977625098784593,0.4705951979651986,0.11451096903221132,0.0,4,0.16666666666666666,1,0.8510577850880118
29ABCDE1135Z5,936,0.3,2.7916666666666665,0.16666666666666666,154976.0355264975,30713.198108602286,2377.851177999065,24.0,1430.0,61.82383624603894,2728.682645348383,2471.7929918184213,15164.936499373123,17.0,23.0,21327.721127222554,494.9943837405168,12.0,17484.21782392218,5943.54378315003,2948750.540091458,2662820.8731200835,27454.654147954014,1.0,24.0,1.1073784834187306,0.8333333333333334,256.88965352996183,0.09414420323590382,7.073495993311148,11.951032227031353,10.444182609904397,2.0859889156725933,0.015343248565317326,1.0,4,0.8020833333333334,0,0.3715498472824845
29ABCDE1136Z6,456,0.7,5.555555555555555,0.4444444444444444,43023.85933043607,8236.022311867811,-209.64596351065828,9.0,852.0,19.289545266380518,907.4013739191973,918.6755779648252,1668.7338160300342,9.0,5.0,5695.422688153561,546.7570326974721,5.0,4156.122152373494,1798.3841101346864,495051.14855430415,499718.3801706742,9846.575385305567,1.0,12.0,0.9906602762644512,0.5555555555555556,-11.274204045627812,-0.012424715643676953,4.524036833090415,10.66953335159005,8.540519016719735,0.0,-0.004872670515911562,1.0,4,0.3645833333333333,1,0.9158653181498915
29ABCDE1137Z7,1078,0.3,2.3333333333333335,0.16666666666666666,288976.5512693121,77534.6800231544,-2906.7200090968495,24.0,2230.0,96.59832778280759,5025.423627340449,5232.398799119596,99925.50619004937,21.0,2.0,25586.876114327613,1003.0740142668229,2.0,5157.877212281175,1157.8121920941867,5489466.683483182,5753864.177366864,69358.35685284494,1.0,21.0,0.9540487078364305,0.8333333333333334,-206.9751717791478,-0.04118561680116171,0.9857576630338345,12.574104286808717,8.808817483100642,0.0,-0.010058636030132103,1.0,4,0.7083333333333334,1,0.98
29ABCDE1138Z8,480,0.7,1.4166666666666667,0.08333333333333333,48083.37132287786,10084.308430038103,1826.1135082566386,12.0,992.0,14.797240159007684,839.4671158820403,791.5175771996956,2169.411441933488,9.0,17.0,9095.94417521319,616.3493178278623,11.0,4654.871898150753,1308.174281482322,550572.0233455116,516374.75250155834,9478.9322218637,0.0,12.0,1.0662256833400277,0.9166666666666666,47.94953868234472,0.0571190196437456,5.880945707635693,10.780712482773453,9.791102421941337,1.0292322787724582,0.037977277398400754,0.0,4,0.4583333333333333,0,0.32085104840007067
29ABCDE1139Z9,825,0.3,0.5789473684210527,0.10526315789473684,57820.333428545404,13047.190870990793,1156.953690614045,19.0,996.0,28.835390933815987,1052.8273788176757,998.6047190452331,2998.1384552588224,14.0,32.0,7291.332276391444,748.069590444534,17.0,4464.459925165903,967.8500101434144,816209.807747333,767320.885888244,8422.618299810198,0.0,22.0,1.063713790095125,0.8947368421052632,54.222659772442626,0.05150194691302066,4.470697804667274,10.965113077022604,10.401258331428318,0.9901079767719013,0.020009114664292345,0.0,4,0.75,0,0.6103344771014488
29ABCDE1140Z0,1478,0.3,0.0,0.0,84729.83268878072,19622.841386370124,-209.21653064819526,21.0,2112.0,31.216795435965945,1614.4012959211614,1525.1164164959857,7673.336646591056,21.0,5.0,9637.783256566196,568.2434865359285,5.0,6546.07043936172,1557.7391994520187,1577744.4349248568,1483688.2743758047,17010.03860996005,1.0,20.0,1.0633934783832015,1.0,89.28487942517563,0.055305257528445284,4.2921775469452825,11.347234836699757,9.447623486844112,1.0191954902633313,-0.0024691900694125695,1.0,4,0.6979166666666666,0,0.5994408338699703
29ABCDE1141Z1,948,0.3,0.0,0.0,173359.52182949404,45621.30481691892,4367.328416626871,24.0,1088.0,108.56178503797567,3206.320308186667,3010.2703297774133,28708.918239325543,19.0,50.0,22579.13475374393,693.5526994329634,17.0,10010.931215799586,1933.6630960461093,2122851.6166871088,2005499.2830484002,30280.764269577125,1.0,22.0,1.0585152708009602,1.0,196.04997840925353,0.061144851282849376,3.325592096089197,12.063128646297393,10.924840755657286,1.1570465213000949,0.02519217391905573,1.0,4,0.8541666666666666,0,0.6595501032189246
29ABCDE1142Z2,875,0.7,3.5238095238095237,0.23809523809523808,177276.42947645485,37360.851748973975,1582.6937441159275,21.0,1292.0,77.39465250018999,3377.2857763910415,3288.9736256253236,39285.739504469784,15.0,20.0,24094.69774314652,606.1260974646867,13.0,8653.692522622707,1337.3779352380707,2588507.9286508528,2535947.848019753,25995.339779029226,1.0,20.0,1.0207260100684414,0.7619047619047619,88.31215076571789,0.02614885343226359,2.6311225043579984,12.085471182641568,10.20924281649528,0.44555104658341665,0.008927779180858065,1.0,4,0.71875,1,0.8393515171686481
29ABCDE1143Z3,1180,0.3,0.0,0.0,69350.48258264903,14225.164183269188,576.1877757876042,24.0,1350.0,34.29920441344345,1257.4022363427982,1179.6464982966047,2611.6149956174795,19.0,54.0,7936.369559577042,643.996942051204,22.0,4552.51563903923,1125.659496302758,970381.3813502954,906213.7890352117,10448.926153556718,1.0,22.0,1.0708084483942788,1.0,77.75573804619353,0.0618383964962151,3.8592202372600672,11.146942803779051,11.215933523192671,1.5212295056618115,0.008308225784516394,1.0,4,0.90625,0,0.6154693389648568
29ABCDE1144Z4,1011,0.3,0.0,0.0,53449.873835045604,10443.959163930198,848.1554438277752,23.0,1382.0,23.311822649277467,1031.0864945556496,982.4721867756917,2466.0834645917107,16.0,18.0,7885.620128334577,635.4698865050899,13.0,4403.954647935022,1386.7587215291705,821488.1322030732,794131.375540511,7659.908184215768,1.0,20.0,1.034448653592036,1.0,48.61430777995781,0.04714862238682345,4.4825234823064655,10.886518264964,10.176449310831199,0.9787509237744906,0.01586794345860953,1.0,4,0.75,0,0.3926954065994471
29ABCDE1145Z5,825,0.3,1.45,0.1,354372.45318075886,94456.90495652558,4697.208033385043,20.0,1576.0,144.1864854532325,6375.025032341044,6249.302805119758,128361.73557758403,18.0,23.0,35229.43439563626,674.9472374874447,11.0,18386.24198179682,3271.487866204527,5184574.639007016,5029204.757197687,86058.80631784559,1.0,19.0,1.0308935287605792,0.9,125.72222722128572,0.019721056244247855,2.9421269148190166,12.778106588532607,10.541333417310984,0.3509074463575393,0.013254965887608657,1.0,4,0.7083333333333334,1,0.907512208320063
29ABCDE1146Z6,1481,0.3,0.7391304347826086,0.043478260869565216,57153.02591051935,11604.31919067568,-533.6894019432765,23.0,1034.0,34.629438880930905,1065.8311840651381,1040.4535102220711,4933.1041044427575,17.0,49.0,7128.250484811146,643.8800485376734,21.0,3824.968826281734,1008.9544309547963,691361.8491143151,678951.2560727149,8223.034720110638,1.0,21.0,1.0182790633798768,0.9565217391304348,25.377673843066987,0.023810218937557408,3.67625154675613,10.95350511137036,10.854179711127616,0.3612831087640272,-0.009337739440767016,1.0,4,0.8541666666666666,0,0.6672246847133065
29ABCDE1147Z7,1333,0.3,1.625,0.08333333333333333,279859.50202305865,44485.5816409984,1128.0164000316447,24.0,1466.0,112.79769697699984,5068.354065376031,4118.391699528512,103613.07960173022,18.0,17.0,9095.94417521319,616.3493178278623,11.0,38663.77364405099,10224.566089462916,4630529.003058116,3771806.1195795126,36825.338125169226,1.0,23.0,1.2276688822951312,0.9166666666666666,949.9623658475193,0.1874301506157778,9.38807584729674,12.542046550944509,10.181346536039147,2.9511889332558963,0.004030638092469024,1.0,4,0.7916666666666666,0,0.09537712036397293
29ABCDE1148Z8,442,0.3,3.857142857142857,0.2857142857142857,21828.307695083302,2514.8456019885252,-182.36132263793647,7.0,510.0,14.492033694325713,508.7466625158735,547.1015066421427,113.50062777804447,7.0,4.0,5000.0,805.6948646362225,4.0,3558.832164610307,915.8039752454315,181125.35196050897,195712.8578212439,2540.0012367516106,1.0,10.0,0.9254647547272619,0.7142857142857143,-38.3548441262692,-0.0753908515814047,6.504884598934448,9.991008735577218,7.845807502637805,0.0,-0.008353967298697723,1.0,4,0.2916666666666667,1,0.8510290006477159
29ABCDE1149Z9,1043,0.3,3.0,0.20833333333333334,485006.3982936018,110324.97364953186,10092.87868094681,24.0,1330.0,247.0017819777833,9169.76263032028,8120.36210812455,524653.8578401566,19.0,68.0,53949.701604153655,644.2626960518182,19.0,36780.5872165546,8364.212536987106,6750237.493393768,5982945.4410449,75752.32700732416,1.0,22.0,1.128246540087931,0.7916666666666666,1049.4005221957295,0.11444140535610313,4.529426979586914,13.091919424016888,11.42779232299237,1.4487866209828673,0.020809741699727706,1.0,4,0.875,1,0.9472231242942385
29ABCDE1150Z0,671,0.7,4.235294117647059,0.4117647058823529,26342.004530702834,7154.847508461705,-687.780247610281,17.0,778.0,17.96604315926147,561.7272853767554,603.0711794486964,1111.2898045048178,12.0,17.0,5009.644776084356,607.007587904387,17.0,3817.173233394471,1197.0013735368725,346883.0181309718,373575.8278043777,5525.481096084159,1.0,19.0,0.9285478136251805,0.5882352941176471,-41.34389407194101,-0.07360136341643311,6.329556714820924,10.178958036016962,9.548382803766913,0.0,-0.02610864857152765,1.0,4,0.6770833333333334,1,0.8846175875972909
29ABCDE1151Z1,733,0.7,1.0,0.05555555555555555,57356.69290330054,10255.751138697602,718.5989165307996,18.0,1542.0,22.759952724025073,978.9676215129148,970.8016618452332,2829.6294629814074,18.0,19.0,6547.481383792651,594.8284196156492,13.0,3811.126930797441,988.0655329607685,818543.3756850425,813722.5130016721,7208.576411120527,1.0,20.0,1.0059244553350097,0.9444444444444444,8.16595966768159,0.008341399131323429,3.9257523761892954,10.957062253113495,10.337216125917152,0.153484922480444,0.012528379022187782,1.0,4,0.71875,0,0.7707861880396965
29ABCDE1152Z2,754,0.3,0.7142857142857143,0.047619047619047616,414572.0807140852,108159.85787976696,4384.5655256179,21.0,1362.0,211.37241005821096,7635.104317823403,7516.96002424414,184485.82424130698,19.0,21.0,56172.58260157692,501.1126247099728,13.0,17396.567002198695,1227.4340595117267,5117091.143561712,5022527.518367138,65078.50352054347,1.0,20.0,1.0188278958848427,0.9523809523809523,118.14429357926292,0.015473828340952282,2.3143088357647597,12.935004548545166,10.30848588505485,0.2750616680698486,0.010576097989926564,1.0,4,0.7604166666666666,1,0.9533307686473046
29ABCDE1153Z3,954,0.3,1.7083333333333333,0.08333333333333333,268198.274523348,104796.34571549548,5456.889455287764,24.0,1966.0,111.23162193189872,5013.634551519534,5399.7639588667935,62361.47877309135,21.0,28.0,39808.96410100709,676.5034626484645,12.0,4354.971623538146,1109.690658572304,5021531.871202452,5397807.392344484,86731.07655136616,1.0,22.0,0.9302910434196503,0.9166666666666666,-386.1294073472591,-0.07701586611059054,0.8065114802633132,12.499485544842269,10.951560648375533,0.0,0.020346399016126778,1.0,4,0.8229166666666666,1,0.9784370629094845
29ABCDE1154Z4,853,0.3,1.3,0.15,58826.42070073235,15415.780773490478,1260.326903040599,20.0,1126.0,36.329901629008695,1148.7813948045903,1123.8557848767316,3535.3115176776687,18.0,33.0,7794.36799359572,582.3966673802527,18.0,4182.040727876785,1152.864602043426,753394.6564601802,723551.9725167254,10082.765446878851,1.0,21.0,1.0412446998653782,0.85,24.92560992785866,0.021697435247981667,3.721154247860624,10.982363363632567,10.553675038655939,0.41915102884215794,0.021424140103849718,1.0,4,0.8020833333333334,0,0.7454917281710042
29ABCDE1155Z5,359,0.7,4.0,0.16666666666666666,37697.97211730493,13770.710855140378,-1427.8656815375114,6.0,604.0,14.323082428579879,715.0085241321591,726.848440344882,1105.8719172450576,6.0,17.0,9095.94417521319,616.3493178278623,11.0,3561.575910019412,1051.7309391353342,314738.66498462827,316644.5487820584,10138.309342355458,1.0,9.0,0.9939809991842243,0.8333333333333334,-11.83991621272287,-0.016559125958803857,4.900025524343811,10.537388108271438,9.295600215927006,0.0,-0.03787545392735202,1.0,4,0.3333333333333333,1,0.8449348188087319
29ABCDE1156Z6,154,0.3,4.0,0.5,65287.447964744744,14448.609652754474,20433.41972836019,2.0,58.0,49.49862731838889,1403.5736712370092,1467.3467132295464,6039.475649747926,1.0,7.0,7802.232595644353,699.8861175142368,3.0,3838.9476500327146,1956.440323906759,76068.2593345728,81632.8720734338,4021.9597771758695,0.0,2.0,0.9318336768323514,0.5,-63.77304199253717,-0.04543619141582514,2.6162512345725095,11.086570392489723,6.156978985585555,0.0,0.31297144235062957,0.0,4,0.08333333333333333,1,0.9739316983120502
29ABCDE1157Z7,1181,0.3,0.0,0.0,569025.5000043969,87271.07223811412,3104.0846238037043,24.0,1856.0,202.27936019661126,10395.910580018075,9363.589026556163,630738.1317633855,19.0,39.0,75758.77556902275,678.3124388848184,15.0,66603.11089782865,9589.892611093432,10218424.823956275,9271202.989613416,88123.5173797075,1.0,21.0,1.102168169050342,1.0,1032.3215534619121,0.0993007342181388,7.112989550153786,13.251682284966684,11.215597015466642,1.2998406271763452,0.005455079198912035,1.0,4,0.8229166666666666,1,0.9218841828440677
29ABCDE1158Z8,583,0.7,2.857142857142857,0.14285714285714285,65868.78476745707,18419.7323114662,1642.0821539294782,14.0,1136.0,26.294380884265667,1214.1150048035674,1083.609355544571,4951.198557241834,13.0,1.0,11717.730444485755,209.30639750752883,1.0,7246.20949189299,1883.0685014942565,763061.7016060648,682643.9363842009,11871.512784565675,0.0,15.0,1.1178033831924403,0.8571428571428572,130.50564925899653,0.10749035201991522,6.687104956058068,11.095435114094212,7.729295674310482,1.8545147289651571,0.0249292169349967,0.0,4,0.4479166666666667,0,0.3620416257135243
29ABCDE1159Z9,147,0.7,1.7083333333333333,0.125,75317.20215466128,17781.066920135112,507.1254834504569,21.0,184.0,13.267499839316466,630.0996783418218,590.510306875293,176.54987367263152,2.0,17.0,9095.94417521319,616.3493178278623,11.0,4769.306058846072,2491.431220586014,56543.20095300989,53032.51541792741,1042.5390841426954,0.0,2.0,1.066198736895963,0.875,39.589371466528746,0.06283033117984226,8.076583936498976,11.22947711305792,8.110727582974489,2.971107892345019,0.006733106592336152,0.0,4,0.375,0,0.5114471980828094
29ABCDE1160Z0,1543,0.3,1.25,0.16666666666666666,121125.19947552287,32104.631039078726,-3766.9657761699254,24.0,1410.0,63.50419908160359,2306.1877518580814,2170.8582833949713,14197.012315411406,20.0,69.0,13655.025444640984,678.1357710889259,22.0,8145.280860165642,2318.03874897955,1854976.463363076,1750441.1171363343,22039.57443054165,1.0,23.0,1.0597194302643886,0.8333333333333334,135.32946846311006,0.058681028183449474,3.752101609980438,11.70458825193473,11.500549193902174,1.1357391635341774,-0.031099512677528963,1.0,4,0.9270833333333334,0,0.5223794748402405
29ABCDE1161Z1,416,0.7,0.0,0.0,159350.4894596575,28739.14396581133,5898.654997524459,8.0,814.0,63.69333496692599,2671.9495611571697,2512.6879051506057,12015.785430637292,10.0,3.0,21399.641539366654,315.18201929519563,3.0,10093.78427417604,2734.9510616915572,955104.7026339647,895838.7872686477,27074.100257625174,0.0,9.0,1.0661568981021852,1.0,159.26165600656395,0.05960503832923807,4.017126143475839,11.978867666897234,8.089482474360754,1.4528376097149902,0.0370166291982969,0.0,4,0.3125,0,0.5486451129613836
29ABCDE1162Z2,833,0.3,1.9047619047619047,0.09523809523809523,250484.46400996874,54871.75648895175,2896.160772514461,21.0,1060.0,125.61636972508597,4720.958581362561,4155.931545876849,40007.01630469148,15.0,77.0,28778.755102736784,744.1013531808628,22.0,23634.740692023282,4921.793515903357,3251844.035345099,2830793.1766988668,41231.39563536569,1.0,20.0,1.148739534245042,0.9047619047619048,565.0270354857121,0.11968481098655058,5.686989891705893,12.431156169919056,11.323675965303575,2.824852130666684,0.011562190979669784,1.0,4,0.8125,0,0.3752217772452451
29ABCDE1163Z3,150,0.3,0.0,0.0,150324.2846906287,17781.066920135112,0.0,1.0,198.0,43.379116471022144,2294.5802545555753,1999.9522760756172,2468.6602802194675,2.0,3.0,13308.194577053286,978.8021002390542,2.0,22291.25179506474,11233.390390861185,227095.35477721458,197962.317942582,8619.086151817455,0.0,2.0,1.14716455706021,1.0,294.6279784799581,0.1284016882368854,11.145891860382532,11.920556789740193,6.679599185844383,5.928644063039514,0.0,0.0,4,0.07291666666666667,0,0.2756229529476492
29ABCDE1164Z4,715,0.3,1.25,0.0625,106578.1945046112,26546.722410246577,3317.013487795839,16.0,1390.0,43.63455401769881,1994.8945449334958,1795.8573353540885,8249.559571471951,16.0,3.0,9929.223353011135,480.32088720558795,3.0,10556.831495135553,2630.3797427845543,1363119.9826638738,1227657.530097048,18905.14945342128,1.0,17.0,1.110342216168476,0.9375,199.03720957940732,0.09977329883672756,5.8784354900073765,11.576643598162345,8.624072553043334,2.191253244950754,0.031122523520782725,1.0,4,0.5416666666666666,0,0.36245333517535405
29ABCDE1165Z5,338,0.3,4.166666666666667,0.16666666666666666,298688.61815066676,50247.97299837765,-1856.8825258761028,6.0,692.0,124.90638970359156,5398.809168639949,5405.59354072072,95687.42230722493,8.0,3.0,29830.444911617484,912.8027633041762,3.0,10498.90659859035,1796.6774118263968,2080010.5321164601,2086971.395646577,41016.3460148447,0.0,9.0,0.9966646099967459,0.8333333333333334,-6.784372080770481,-0.0012566423203433173,1.9422301213551005,12.607160246823025,7.927324360309794,0.0,-0.006216762863647451,0.0,4,0.2708333333333333,1,0.9106548513099544
29ABCDE1166Z6,1313,0.7,2.3333333333333335,0.16666666666666666,619442.6659058388,134600.257369006,5043.4872002216325,24.0,588.0,635.5708863329838,13000.712426153043,11913.66631809992,504961.64089032967,15.0,52.0,80219.70102562074,757.7461814333672,19.0,24262.17965436449,7574.743395703399,4855028.554738192,4490535.136803426,55246.56968981074,1.0,20.0,1.0811692608632453,0.8333333333333334,1087.0461080531222,0.08361434915415501,2.0364998487076984,13.336577041139824,10.348718097203708,1.529742530295295,0.008141962663943502,1.0,4,0.8125,1,0.98
29ABCDE1167Z7,1347,0.7,1.0,0.041666666666666664,240060.21970551249,35883.87774080464,-835.7050682566352,24.0,1292.0,116.12876998450916,4308.382647555103,4027.082397999666,63602.14257753761,18.0,61.0,23927.773347791135,654.9702654572063,20.0,17159.479702658067,2487.397343424358,3410978.2548200283,3164033.467540922,23152.218010504057,1.0,22.0,1.0780474637239001,0.9583333333333334,281.3002495554374,0.06529138021551267,4.261020263995972,12.388649251902521,11.29185476381695,1.1154004883452102,-0.0034812164550434674,1.0,4,0.875,0,0.3941109908635872
29ABCDE1168Z8,210,0.3,0.0,0.0,37695.24789944833,17781.066920135112,0.0,1.0,242.0,15.810089121628822,610.4882438499948,664.8589452947302,367.1581192296878,3.0,3.0,5000.0,766.4760124196091,3.0,3477.208686473638,1161.5132060357964,99490.42818866362,108421.68427350777,3314.3807713410924,0.0,4.0,0.917624816984821,1.0,-54.37070144473546,-0.08906101303745184,5.229994589201474,10.537315843269567,6.879355804460439,0.0,0.0,0.0,4,0.11458333333333333,1,0.9229777688644505
29ABCDE1169Z9,790,0.7,1.2777777777777777,0.05555555555555555,47543.060353647415,10677.380578252141,166.22205973043594,18.0,1054.0,22.8962813599944,887.8200677159367,835.9428289579273,1615.5627248545966,14.0,8.0,7274.809444491926,592.1297346545903,8.0,3964.734279399967,1390.8347576232425,659004.1846716374,624785.8439483284,6425.130263654733,1.0,20.0,1.0547681114332976,0.9444444444444444,51.87723875800941,0.0584321538163382,4.742829463998561,10.769412146472904,9.158520623246387,1.2902699173659524,0.00349616878520734,1.0,4,0.625,0,0.6457607000554954
29ABCDE1170Z0,744,0.3,0.42105263157894735,0.05263157894736842,173147.39299672694,39321.12608748,1154.5180972337496,19.0,1612.0,60.711090397461504,3154.9018477752993,2601.938018148697,33085.194048692676,17.0,15.0,20463.31213892495,669.5435450114882,11.0,29121.28322625463,8335.038415406345,2903384.4782361225,2393916.686066815,35425.30593726855,1.0,21.0,1.2128176787164464,0.9473684210526316,552.9638296266021,0.17527132579941537,11.192151013256915,12.061904268798338,10.15843980036499,3.0399981405963117,0.006667795624621094,1.0,4,0.7083333333333334,0,0.1351089006416262
29ABCDE1171Z1,1307,0.3,0.0,0.0,63586.9205023187,11135.590664530993,578.6455192182178,24.0,1524.0,34.31276797309427,1275.8699337125497,1214.2566563348628,3230.175674657752,21.0,23.0,7654.4078675869005,698.0919902515765,14.0,4755.668810723675,1481.8526427782137,927923.3463274711,871447.3946784221,7490.0163577045605,0.0,20.0,1.0648070692435652,1.0,61.61327737768693,0.04829118999489508,3.9165268610330566,11.060178802080552,10.507803519389459,1.0839120024636364,0.009099928329895892,0.0,4,0.8229166666666666,0,0.4793278720804295
29ABCDE1172Z2,1225,0.3,0.5833333333333334,0.08333333333333333,709290.5651862229,122333.75894191411,2658.052654333636,24.0,1532.0,340.00757351597764,14043.43944882905,12001.140682494834,674774.2708314155,20.0,29.0,73208.840135005,560.5132359380525,15.0,86969.2448697177,21803.152143076488,11237885.899397422,9552849.503307203,85558.05121095745,0.0,21.0,1.1763909706215783,0.9166666666666666,2042.2987663342174,0.14542724905646282,7.246748219239962,13.472021955375812,10.73617926053397,2.486220802447961,0.0037474753469481483,0.0,4,0.8333333333333334,1,0.8898228567071552
29ABCDE1173Z3,367,0.7,4.0,0.16666666666666666,38414.90921983125,7114.980042453544,2699.8886221462853,6.0,604.0,14.869219168656816,659.0885251559148,623.9126716824732,1651.3268584325717,7.0,3.0,5405.827549523131,293.5467006180766,3.0,3967.991803436829,1886.8885265284584,170955.45200679585,163988.67651912593,7123.072002205623,0.0,6.0,1.0424832716230708,0.8333333333333334,35.175853473441634,0.05337045348365061,6.359851279725654,10.556226955375966,7.791522819150733,0.8653596924956576,0.07028048214859212,0.0,4,0.22916666666666666,0,0.6079928783256491
29ABCDE1174Z4,1114,0.3,0.9166666666666666,0.041666666666666664,190661.35305654723,39296.40704442599,-840.2590536572866,24.0,1006.0,151.04440488941532,3896.567074461207,3700.966491476384,54336.376771442934,20.0,45.0,20399.319334586184,580.038296806915,15.0,8378.902542271864,1526.1942243694546,1669291.386366336,1605212.462773454,22192.510815310583,1.0,17.0,1.0399192786493618,0.9583333333333334,195.60058298482318,0.050198181950164324,2.2639768724113374,12.158259357608605,10.743372289207658,0.8391136979731783,-0.004407052783032002,1.0,4,0.7916666666666666,0,0.6734453173044329
29ABCDE1175Z5,706,0.3,0.5882352941176471,0.058823529411764705,553597.3815328857,151667.85334339683,15982.270210117198,17.0,948.0,380.1596130867901,11024.366078049621,10175.122934084322,258164.06381445687,17.0,40.0,67524.18953496186,555.2049085462384,16.0,37723.02461600478,9040.248613464524,4937630.631503232,4591558.633639253,77146.22269215049,0.0,16.0,1.0753713554540159,0.9411764705882353,849.2431439652992,0.0770332859007838,3.707377774242051,13.224194759749686,10.568980865314236,1.671411222816754,0.02886979215123987,0.0,4,0.6875,1,0.8858770271177057
29ABCDE1176Z6,1095,0.3,3.4166666666666665,0.20833333333333334,49693.31794789475,14100.15744646609,383.07162806493335,24.0,1934.0,17.744458101720205,895.1857767675795,911.0132742180458,1808.112017535024,19.0,3.0,5275.104701642303,688.8057321216642,3.0,3677.4213555233114,992.5173877913586,1087809.5922173616,1114573.9131736045,12732.89828650676,1.0,24.0,0.9759869483397158,0.7916666666666666,-15.827497450466353,-0.01768068468158393,4.0366276316662555,10.81364587854476,8.954156966583772,0.0,0.007708559929660163,1.0,4,0.7291666666666666,1,0.8485880973264652
29ABCDE1177Z7,1171,0.7,3.7916666666666665,0.20833333333333334,46673.21760588469,14231.087793371986,99.17406651958021,24.0,1584.0,23.435932038934848,867.442248813185,900.296624980758,1233.9549149178072,21.0,2.0,8523.261319248733,882.81211847634,2.0,3728.616146520739,994.8115771363064,712492.7584826046,741958.0227267661,10947.210542937439,1.0,22.0,0.9602871546076505,0.7916666666666666,-32.85437616757304,-0.037875001145636675,4.141541846389162,10.750947205674565,8.46695197497949,0.0,0.0021248147608386764,1.0,4,0.71875,1,0.9092045534480807
29ABCDE1178Z8,1313,0.7,4.541666666666667,0.25,221978.29251181296,42835.087640535115,2817.443269492254,24.0,920.0,134.6518993158154,4370.669391561304,3887.9804331420396,48852.473821658285,15.0,93.0,25209.19593193205,715.5690422533769,21.0,18334.966871573415,3787.2127411214346,2109680.932084288,1876502.3741207845,21302.478595282813,1.0,17.0,1.1242623303755515,0.75,482.6889584192645,0.11043822242680242,4.715807393288799,12.310339379530033,11.36875481852531,2.183834080010096,0.012692369804459662,1.0,4,0.8020833333333334,0,0.39655410188412227
29ABCDE1179Z9,206,0.7,4.5,0.5,108965.33165737404,24983.51411083082,-35332.02449127655,2.0,146.0,48.77381800903914,1951.9787207300392,1608.509993929818,166.1408342336834,2.0,9.0,14155.784188594536,448.6465374686422,4.0,8584.997297949489,3084.0407863893315,259444.95762952554,217806.6705553633,9597.280993033753,0.0,4.0,1.191170853344358,0.5,343.46872680022125,0.17595925772785273,5.337235907981599,11.598794229619529,7.293017679772782,26.567208092924393,-0.3242471684040172,0.0,4,0.125,1,0.98
29ABCDE1180Z0,190,0.7,1.7083333333333333,0.125,75317.20215466128,17781.066920135112,507.1254834504569,21.0,220.0,20.205675683026644,727.5177374800777,754.2318126085432,3545.453119370848,3.0,5.0,6215.0262634488,764.5983645765045,4.0,3569.498967601763,1127.3423602428145,125655.58520143494,129054.94537397058,11720.043511848588,0.0,4.0,0.9736595900088516,0.875,-26.714075128465538,-0.036719482910472785,4.73262849422447,11.22947711305792,7.189922170745808,0.0,0.006733106592336152,0.0,4,0.3333333333333333,1,0.9087847443469664
29ABCDE1181Z1,1386,0.7,1.5,0.08333333333333333,244404.6907190697,43646.266223584964,1183.6355881620225,24.0,1570.0,103.79680080557017,4817.959517787302,4235.428108031874,83354.8879619674,18.0,40.0,32227.938343294598,763.2570269576731,17.0,26435.701966024906,6446.146744219908,3610048.1951866127,3199441.8070095186,33532.86725693721,1.0,18.0,1.1283368827892148,0.9166666666666666,582.5314097554274,0.12090832386714637,6.241565502172835,12.40658479045641,11.073039704959928,2.0176749684175,0.0048429133735782915,1.0,4,0.8020833333333334,0,0.212436053904518
29ABCDE1182Z2,1041,0.3,0.0,0.0,406928.3822353073,76824.4836704236,5774.048571911547,24.0,1470.0,191.83598874597564,7626.012152791535,7216.035397555001,105213.59136344765,19.0,17.0,46288.727710761224,720.9662405937265,10.0,26405.019390118672,3513.416756092729,5654228.4544560285,5403946.778022749,57212.08124008544,1.0,19.0,1.046314607954902,1.0,409.9767552365347,0.053760307093985014,3.6592142271177672,12.916394941349116,10.184069478497602,1.2639248351897099,0.014189313487745886,1.0,4,0.75,0,0.7308358385995254
29ABCDE1183Z3,736,0.3,1.2352941176470589,0.11764705882352941,49666.95500434711,8033.309407119983,596.588624775231,17.0,1620.0,22.80104876307792,948.913606556089,897.9713432532222,2411.069122375949,20.0,18.0,6026.386650259201,747.3262865563456,13.0,3676.7105544531973,1077.2222785749293,688619.1451177892,652081.6648301579,6414.663428804884,1.0,19.0,1.0560320620227037,0.8823529411764706,50.94226330286676,0.05368482752371159,4.094463127445692,10.8131152356079,10.335237500902117,1.0372498045028278,0.012011539929981323,1.0,4,0.71875,0,0.7224017125254685
29ABCDE1184Z4,998,0.7,1.0,0.041666666666666664,57881.65229265648,12870.410796893446,226.3593637530141,24.0,1374.0,21.006521310794437,990.3229493091004,933.8744027596698,2635.2696278252274,15.0,17.0,9095.94417521319,616.3493178278623,11.0,4932.976445484462,1093.7673071915312,976697.1404182678,922940.9436383611,9909.558904397125,1.0,22.0,1.058244459897935,0.9583333333333334,56.4485465494306,0.057000139791582104,5.282269683061386,10.966173003687524,10.116580767996837,1.0994053625386468,0.003910659839990299,1.0,4,0.75,0,0.4414798602374081
29ABCDE1185Z5,508,0.7,1.9,0.1,49247.21104417746,11382.005727543452,1084.0710486044147,10.0,816.0,19.08059649055048,823.0328192077516,733.9438544211677,3109.9618293304115,10.0,20.0,5642.409987333794,733.2372337219706,12.0,4623.540270687087,1331.1820004183264,409579.33559032716,365728.8003392682,7356.0248715839425,0.0,12.0,1.1198990487223894,0.9,89.08896478658392,0.1082447293807076,6.299583057798733,10.804628321964412,9.750161532583427,1.5972635138839613,0.02201239447321169,0.0,4,0.4583333333333333,0,0.37025742547342183
29ABCDE1186Z6,1176,0.3,1.7916666666666667,0.16666666666666666,40333.75363621009,9023.150895834495,-371.3736696169296,24.0,1048.0,18.99274350950456,725.160678215533,696.5818359245225,858.0502694827705,14.0,13.0,5565.086981012453,544.4051482250513,13.0,3661.808558891643,964.6578214076928,501583.74683857686,476678.2389663149,6611.34600962783,1.0,19.0,1.05224804875983,0.8333333333333334,28.578842291010574,0.03941035848956545,5.256824640039014,10.604968749411677,9.594649938011555,0.9750689850553327,-0.009207287416862586,1.0,4,0.7291666666666666,0,0.673874063490456
29ABCDE1187Z7,1468,0.3,2.0869565217391304,0.13043478260869565,67946.64882766607,17992.74315082022,851.1702136030225,23.0,1870.0,28.183072986203456,1325.6885302486746,1183.947016618014,4168.527666483694,21.0,20.0,8442.073262569336,609.6210792229629,14.0,8142.559492364416,1168.9889577752415,1059800.2381788807,933822.7686310079,15162.610918223438,1.0,19.0,1.1349051166663635,0.8695652173913043,141.74151363066062,0.10691916720745297,6.877469496586023,11.126492817474626,10.578750763997512,2.195096595838129,0.012526853074222249,1.0,4,0.8020833333333334,0,0.3232255282666575
29ABCDE1188Z8,1065,0.7,2.782608695652174,0.17391304347826086,56567.49086876961,12553.501910744544,945.5814178034615,23.0,1382.0,27.288961524714487,1069.9802530817165,1025.2055706491403,3606.080081047119,18.0,13.0,7273.453089378789,652.4283280987688,10.0,4300.825681707454,975.1162719858504,918150.2260579857,873177.0455752575,10549.4721976028,1.0,22.0,1.0515052253270118,0.8260869565217391,44.77468243257613,0.04184626987611948,4.195086141586467,10.943207410745536,9.871067661280017,0.7455119721336931,0.016715691072563137,1.0,4,0.7604166666666666,0,0.6835574239849824
29ABCDE1189Z9,687,0.3,4.368421052631579,0.2631578947368421,161151.1970887943,37805.14921396239,1271.2403255421898,19.0,952.0,91.40925226825873,3014.38068603215,2787.0598579266707,21792.830482645582,15.0,46.0,21315.351059817687,794.8434305659257,15.0,10986.569834481397,2247.551666511112,1839311.3293091278,1699334.221534406,23413.20822412753,1.0,20.0,1.082371734765825,0.736842105263158,227.32082810547945,0.0754121167106811,3.9419927789618576,11.990104520962586,10.70976250536426,1.5398288250127161,0.007888445509940773,1.0,4,0.71875,0,0.5273784806017651
29ABCDE1190Z0,1292,0.7,6.521739130434782,0.34782608695652173,57456.478252675515,16854.29918889968,20.90842150141575,23.0,1116.0,38.57647943534453,1174.9610437142176,1216.7806812771435,3523.5390404637083,18.0,42.0,7275.157860953877,650.3315635702934,21.0,3990.4438679989753,1261.4393086805128,795105.5278416529,810877.0731459777,10120.518086020356,1.0,23.0,0.9805500169795952,0.6521739130434783,-41.81963756292589,-0.035592360943923824,3.2795095528723968,10.958800444564918,10.779601914762763,0.0,0.0003638938243942536,1.0,4,0.8854166666666666,1,0.8490508619428155
29ABCDE1191Z1,370,0.3,1.625,0.125,636313.5740114329,152214.78586641763,15520.155356082738,8.0,532.0,236.7447370775712,9782.793987130231,8209.80603076518,210788.4670489671,7.0,20.0,78612.23895294443,764.4872126040507,9.0,91259.19542949904,12711.596490027026,3758995.2431556163,3155945.631775722,109221.86748745899,0.0,9.0,1.1910836502720685,0.875,1572.987956365052,0.1607912788958245,11.115877170242157,13.36344833326698,9.323043861889268,3.426107176316668,0.024390696033003135,0.0,4,0.34375,0,0.582133808574476
29ABCDE1192Z2,1536,0.3,2.25,0.08333333333333333,69856.20098025537,14458.837983608644,-127.91692003739952,24.0,1134.0,36.847550215769054,1263.141619613094,1194.8067300740888,4201.5121682037425,17.0,64.0,8149.651211690995,462.81707661848964,23.0,4432.109658066963,1002.0311757426929,787785.6470408442,738181.3565267022,8186.950037763876,1.0,19.0,1.0671979725247203,0.9166666666666666,68.33488953900519,0.05409915125743103,3.7094783168756775,11.154208451429545,11.20877519981114,1.054115032943827,-0.0018311200311841053,1.0,4,0.8645833333333334,0,0.6294076379785882
29ABCDE1193Z3,1456,0.7,3.130434782608696,0.17391304347826086,51452.07279863301,9924.08454814447,-443.037231273987,23.0,1550.0,19.303130786885404,914.646516989387,845.3448194619294,1152.9401671211335,17.0,11.0,6408.8368171184175,525.5733342027314,11.0,4607.229942757219,1161.2830454922687,905629.6736760022,850133.7088134175,7864.134488069566,1.0,22.0,1.0652791017310015,0.8260869565217391,69.30169752745758,0.07576883117159644,5.450119095412175,10.848425463456108,9.831561812964539,2.0401036237132297,-0.008610510649341773,1.0,4,0.7604166666666666,0,0.4787849802101178
29ABCDE1194Z4,816,0.3,2.727272727272727,0.22727272727272727,102008.75639365915,33908.0265029305,-1150.9154289408355,22.0,1788.0,39.988450037720725,1739.0531915634742,1835.914241808759,13098.943775203432,20.0,5.0,14003.037623269935,516.2488256388004,5.0,3891.699494205469,1084.5222813344017,1769773.8048177583,1857219.3333682981,26546.664063501903,1.0,22.0,0.9529158850656877,0.7727272727272727,-96.86105024528479,-0.055697577690653075,2.1197610463391428,11.532823738610377,9.281171552736774,0.0,-0.011282405425020459,1.0,4,0.71875,1,0.9588338094789606
29ABCDE1195Z5,811,0.3,5.708333333333333,0.375,382133.7395957723,117532.46888320478,11422.669889670904,24.0,2280.0,129.91586260030752,6780.515242625575,6683.49233595175,94928.20884762568,22.0,1.0,51087.72730238271,596.8436021022343,1.0,15981.8250367374,1207.3681377823195,7392325.040155875,7228892.918563497,110153.26336723832,1.0,21.0,1.0226081812849503,0.625,97.02290667382567,0.014309075815344102,2.3912386269627612,12.853528546852026,8.425516402844332,0.3149012253996848,0.029891733742276275,1.0,4,0.7083333333333334,1,0.9473898064228516
29ABCDE1196Z6,1126,0.3,0.20833333333333334,0.041666666666666664,88285.9447041421,19603.957346587253,52.54515409862248,24.0,1316.0,45.975883333478755,1783.289197955106,1578.058716870341,12848.309257006484,18.0,83.0,9231.653342862375,661.0218581833307,22.0,8312.924770323963,2104.464019016542,1278824.753746794,1131491.307240362,15229.789988087263,1.0,21.0,1.1302117352238166,0.9583333333333334,205.23048108476496,0.11508536098357032,5.267817148661258,11.388347524065708,11.613928500586594,1.8105143538089363,0.0005951633537065561,1.0,4,0.8854166666666666,0,0.24880192725141864
29ABCDE1197Z7,1179,0.7,2.9130434782608696,0.2608695652173913,49781.94662800752,7331.431965533488,-172.2251315913966,23.0,1184.0,26.3232350589199,955.0924784083938,878.2434221657921,4349.416819075981,17.0,33.0,6453.792849986238,488.20107862579835,20.0,4033.7708540665994,1373.2004710233225,698048.5305332397,646796.1929187775,5347.398592315077,1.0,22.0,1.0792403204836092,0.7391304347826086,76.8490562426017,0.08046242429912775,4.592998651921718,10.815427767179138,10.603858578185392,1.1651265636134922,-0.0034595206442541914,1.0,4,0.8541666666666666,0,0.5725261585663499
29ABCDE1198Z8,1452,0.3,4.409090909090909,0.2727272727272727,46587.97231275653,11639.33189721742,-644.9846923125309,22.0,1626.0,19.048168635896477,826.1783179692101,894.5062488067717,2321.161133649958,18.0,1.0,5000.0,775.2989404420471,1.0,3807.5061034879195,983.3540750069117,786681.5076853654,845041.8301031693,11360.48337542742,1.0,21.0,0.9309379484673808,0.7272727272727273,-68.32793083756167,-0.08270361174027821,4.256545002974489,10.749119146459735,8.087640287778983,0.0,-0.013844149383306479,1.0,4,0.6458333333333334,1,0.9286233351757355
29ABCDE1199Z9,592,0.3,0.0,0.0,208860.18912418498,61114.796145660395,-1651.5619164105917,13.0,948.0,98.9033424183759,3808.9138464598695,3403.4222006647738,86962.597591724,13.0,22.0,13785.850093679474,756.0302573820867,9.0,19867.495491409827,5446.060680212407,1928577.9921547496,1729015.136327587,36824.284102036196,1.0,14.0,1.1154199588159952,1.0,405.4916457950958,0.10645860267277327,5.837505404862554,12.249425143420497,9.990903014539079,1.3750331299219907,-0.007907462000652518,1.0,4,0.5104166666666666,0,0.46319670245060574
29ABCDE1200Z0,1004,0.7,2.6363636363636362,0.22727272727272727,54122.25834754922,13579.965069957841,-402.5984482206071,22.0,1584.0,24.47721906908647,978.9606283786279,959.6351218930206,3042.2379563767427,20.0,48.0,7030.238465548363,670.1713736280773,23.0,3914.8103824093387,913.0515239452322,815461.4656004624,806995.8298668445,10707.707774732136,1.0,21.0,1.0104903091444906,0.7727272727272727,19.32550648560732,0.019740841383595345,4.079478015234376,10.899019286450784,11.260159984422007,0.35031838399510923,-0.00743854787225384,1.0,4,0.8958333333333334,0,0.6993315700734176
29ABCDE1201Z1,1381,0.7,0.8,0.05,73239.88781383452,17207.867617470794,-158.43881284757452,20.0,2008.0,27.560501206402993,1344.6996332028225,1170.8224769088688,4946.620825033024,22.0,70.0,10960.445396619183,871.5752978887837,22.0,8210.020937552461,1425.458130747525,1211147.1243466279,1054450.508085042,14387.060640595186,1.0,21.0,1.1486049985846734,0.95,173.8771562939537,0.12930557278416957,7.012182546433544,11.20150912069524,11.86807224185625,2.4719764238307556,-0.0021632563118336055,1.0,4,0.8854166666666666,0,0.22296577923471592
29ABCDE1202Z2,974,0.3,1.1818181818181819,0.09090909090909091,39118.57176853173,10300.573907413933,153.99939322534047,22.0,1882.0,14.595935955677115,728.374973595253,717.3908931723433,1344.0592066761549,19.0,6.0,5272.937086975423,807.2672088194612,6.0,3960.3387659738028,978.4074353816495,811442.4478472442,795292.871510128,8670.657835753276,1.0,23.0,1.0203064517684546,0.9090909090909091,10.984080422909642,0.015080255117350215,5.52047538331712,10.574378177476664,9.486531677712465,0.2994973632850953,0.003936632899167355,1.0,4,0.7291666666666666,0,0.6927562631741796
29ABCDE1203Z3,195,0.3,1.7083333333333333,0.125,75317.20215466128,17781.066920135112,507.1254834504569,21.0,262.0,20.94485582381115,938.1083039257451,891.075771353762,340.1175144759961,3.0,2.0,5072.530446131035,689.0194218678689,2.0,3553.7401722541176,1150.1651702629074,164875.69636540828,159800.39053247435,3146.896344471,0.0,4.0,1.0317602842898093,0.875,47.0325325719831,0.05013550394465531,3.9881458866905533,11.22947711305792,6.670766320845875,2.5465156857963476,0.006733106592336152,0.0,4,0.3125,1,0.8332258855585055
29ABCDE1204Z4,1175,0.3,0.16666666666666666,0.041666666666666664,681097.3825951511,155812.67556009747,2246.99198061452,24.0,2032.0,253.38025929701138,12973.66792904799,11543.888589596158,591499.2859412176,21.0,90.0,81106.24110310325,671.222352721196,23.0,96919.63398105447,17297.91986530376,13444283.056024155,11791066.83857084,139843.05290081998,0.0,22.0,1.1402092143219245,0.9583333333333334,1429.7793394518321,0.11020625371877771,8.395752716151692,13.431462042531466,12.128127320145197,1.8590519999753539,0.003299071085814258,0.0,4,0.9375,1,0.8851116327496391
29ABCDE1205Z5,256,0.3,0.0,0.0,88188.09894284206,4233.836321400287,-2896.134683057836,4.0,298.0,44.26835792137789,1654.7955716220204,1643.197093520633,5305.713594893122,4.0,9.0,12544.965628348546,252.60949997700493,6.0,3681.7965681021233,1251.9475541606237,292812.22112244624,293573.4639154255,9479.847108145457,1.0,5.0,0.9974069768335786,1.0,11.5984781013874,0.0070090096325424915,2.2406299175065407,11.387238639604064,8.003028666384733,0.15921654013852163,-0.03284005299719533,1.0,4,0.19791666666666666,1,0.9349807740712437
29ABCDE1206Z6,1178,0.3,2.0,0.14285714285714285,39497.03968954427,14568.429862054747,-962.9953096053911,21.0,1240.0,22.927280566710085,769.6931112876694,809.7417721968034,1148.0628479044974,18.0,29.0,5726.204533844839,533.8118329189143,21.0,3820.8616547453444,1056.3317687367398,553642.1891628474,579108.6846593291,8974.696424644175,1.0,19.0,0.9560246700298358,0.8571428571428572,-40.048660909134014,-0.052031985634032794,4.718617448102584,10.584006321544894,10.524870166866762,0.0,-0.024380838066257515,1.0,4,0.8229166666666666,1,0.8085483504177998
29ABCDE1207Z7,1284,0.7,2.590909090909091,0.22727272727272727,53389.17062444229,14385.532859121402,36.3859423395862,22.0,1404.0,25.525321700960586,946.7344363025026,939.4524936000587,2186.00786611291,19.0,32.0,6793.200005015298,711.8788054953366,18.0,3811.2164714860714,1178.0421938529835,744852.2773252445,737116.1336430158,10554.298519132932,1.0,22.0,1.0104951490398058,0.7727272727272727,7.281942702443871,0.007691642368987547,4.0568485340660265,10.885381937301867,10.744300143234327,0.15571200069240632,0.0006815101340569332,1.0,4,0.84375,0,0.701512303720739
29ABCDE1208Z8,1176,0.3,0.7619047619047619,0.047619047619047616,58525.458755220476,11056.351268263923,480.24357187059184,21.0,1358.0,28.931080867581542,1077.6049462000324,990.2059915986904,1380.96508041395,19.0,16.0,6492.753096885583,620.5363013270292,15.0,4676.240580038627,1602.0331842519977,722526.1204211159,660109.7303940975,6239.618481905516,1.0,19.0,1.0945545674501036,0.9523809523809523,87.39895460134198,0.08110481945126335,4.7224927133482835,10.977234217383304,10.047717758207359,2.3510274684427404,0.00820558055424385,1.0,4,0.7708333333333334,0,0.40800438716244597
29ABCDE1209Z9,1085,0.3,4.380952380952381,0.2857142857142857,48121.220644769084,13256.255989597521,107.69948155049777,21.0,1260.0,24.682179630971333,940.9118343811297,1002.809811557863,2505.614608117418,16.0,26.0,6748.333988004453,659.0475508301363,20.0,3758.5246131787817,980.0859005191003,782522.9589401297,816775.7570693727,10548.422914464487,1.0,22.0,0.9580634001036668,0.7142857142857143,-61.89797717673332,-0.06578509793900697,3.747993457842142,10.78149931708636,10.435497201969248,0.0,0.0022380405581346498,1.0,4,0.8229166666666666,1,0.8081365826425932
29ABCDE1210Z0,1379,0.7,4.041666666666667,0.375,104437.18245490285,26341.020984588118,-41.38501567639173,24.0,746.0,62.24735712978778,1895.1938220542804,1974.5168795141929,10463.520771197373,12.0,52.0,12018.08803498199,672.7041049059227,22.0,3802.4278104254886,943.9980840819482,1329433.4595415706,1412289.426105466,13366.038391095628,1.0,22.0,0.9413321624927978,0.625,-79.32305745991243,-0.04185485227781654,1.9257509773028794,11.556350619893566,10.586357098684939,0.0,-0.0003962632698463713,1.0,4,0.8333333333333334,1,0.929047529757532
29ABCDE1211Z1,701,0.3,1.0,0.05263157894736842,469670.8097785781,100230.8576226506,9032.650299486393,19.0,1838.0,150.79738677080604,8147.799477134091,7250.289238684881,175022.9734842248,18.0,4.0,53066.21511937228,754.1373285057284,4.0,52704.436842647425,12342.954758862137,6995312.210257618,6260387.021167063,94945.86645498536,0.0,17.0,1.1173929321950369,0.9473684210526316,897.5102384492102,0.11015369744530099,7.269287487378559,13.059789452710405,9.126415137038421,2.1453128887202646,0.019231834041188764,0.0,4,0.6041666666666666,0,0.4613145570436558
29ABCDE1212Z2,1070,0.3,0.9166666666666666,0.08333333333333333,390062.1168099607,48439.617764609735,-257.2743106082267,24.0,1870.0,159.3130242204198,7171.58697984972,7014.858510254329,100186.09253675316,21.0,2.0,41015.810326264276,1082.0164069574075,2.0,19383.037923748765,2001.1236602835143,6967156.5361466305,6793396.523256604,45848.670514802616,1.0,22.0,1.0255777816435674,0.9166666666666666,156.72846959539038,0.02185408474243655,2.763140253707842,12.874063842985736,8.632840614942198,0.4951559546463511,-0.000659570975877658,1.0,4,0.71875,0,0.7516090977769324
29ABCDE1213Z3,512,0.7,3.4615384615384617,0.23076923076923078,300459.0893718093,71981.51565675304,3828.8902421105745,13.0,750.0,136.10182517531737,5694.797889207586,5647.020875402194,160605.52021236485,9.0,22.0,37621.760584966796,575.2626644489751,12.0,16911.921344333117,1549.4474597352826,2295541.792701786,2255435.9807703802,52572.11907658349,1.0,10.0,1.0177818445184628,0.7692307692307692,47.777013805392016,0.008389589013498781,2.994839529989981,12.613070210066311,9.756899867693285,0.11921678765066195,0.012743423760925701,1.0,4,0.4583333333333333,1,0.929605092914858
29ABCDE1214Z4,842,0.7,3.9523809523809526,0.23809523809523808,238272.4755556717,71307.03954116811,-2189.9656433000373,21.0,1840.0,95.03220757830279,4499.431324466677,4703.687725221592,48727.55469643343,19.0,4.0,35673.32026971363,696.2926023482861,4.0,4066.348645677966,1064.7443613991334,4363780.9142850265,4588976.445518716,60302.027162314924,1.0,21.0,0.950926849612924,0.7619047619047619,-204.25640075491447,-0.04539604808372649,0.8645022550867574,12.381174349949548,9.127502093667179,0.0,-0.009190975362208791,1.0,4,0.6770833333333334,1,0.98
29ABCDE1215Z5,912,0.7,1.0476190476190477,0.047619047619047616,507098.7437769842,125073.34734580325,6114.0243919154245,21.0,1426.0,241.1407186228323,9681.221794251383,9422.481803312998,384192.0182612953,18.0,71.0,64499.12802824406,529.5365197645156,23.0,20344.499658392844,1417.231958804718,7131050.150586288,6898950.575194592,86881.27342700317,1.0,20.0,1.033642736364313,0.9523809523809523,258.73999093838574,0.02672596459798319,2.15914448900709,13.136462996511803,11.539995736492891,0.41743496593727186,0.012056847724624944,1.0,4,0.8541666666666666,1,0.9644917053841562
29ABCDE1216Z6,871,0.3,0.7,0.05,63498.85409870088,19498.799278771086,1404.6446393666192,20.0,1300.0,31.615928019654103,1113.8368760263863,1049.3581990025784,5863.206970015396,19.0,46.0,7135.007130453382,637.394635435917,21.0,3782.9191206011506,1216.1963826456918,875352.4737232503,829627.3896125671,11512.953591105406,1.0,23.0,1.0551152055527442,0.95,64.4786770238079,0.05788879719428541,3.604983621604938,11.058792887219889,11.021036080222563,0.8419988010968302,0.022120438846730456,1.0,4,0.8645833333333334,0,0.6011783568357221
29ABCDE1217Z7,1327,0.3,0.7391304347826086,0.08695652173913043,71937.04343753579,15558.936256281711,850.6765911136488,23.0,1296.0,35.231527075478695,1408.641944507211,1277.2438843057532,11886.262567371257,17.0,31.0,9098.196503816727,773.1367916970445,15.0,5399.4126137448575,926.9288929910405,1060480.8453028612,956433.470037587,13211.379798312368,1.0,21.0,1.1087868404073995,0.9130434782608696,131.39806020145784,0.09327995713447619,4.2273935934167435,11.18356051973681,10.63354508711617,1.205169205659956,0.01182512826961017,1.0,4,0.7916666666666666,0,0.45619995413164455
29ABCDE1218Z8,520,0.7,3.0,0.16666666666666666,44151.23275560656,8966.070601416357,2048.5834680924922,12.0,796.0,19.463485751794227,777.8655849774357,771.4278808653847,2054.1991255454273,10.0,21.0,5964.468590209691,630.8136191311959,13.0,3774.347908614931,967.8500654603167,439741.86639812577,442190.13595345384,5735.992368763786,1.0,14.0,0.9944633103358376,0.8333333333333334,6.4377041120509375,0.008276113812436736,4.892677594671432,10.695398776794303,9.771897132148531,0.1420051381412407,0.04639818510270827,1.0,4,0.5104166666666666,1,0.7806669838025422
29ABCDE1219Z9,1402,0.3,0.5,0.08333333333333333,238220.07389252717,71518.67534570342,-5689.564696987417,24.0,1110.0,90.86395741416497,3893.9416446591636,3310.27212174963,31350.19532322555,14.0,61.0,31089.278364427148,650.0561662812199,20.0,27454.22792603767,6463.558768276867,2565757.935651196,2171940.5682173534,46190.4151242611,0.0,15.0,1.1813205081191853,0.9166666666666666,583.6695229095335,0.1498916974552201,8.29364684119288,12.38095440341116,11.140150174684722,3.296400449910137,-0.023883549024526055,0.0,4,0.7604166666666666,0,0.24904249189734282
29ABCDE1220Z0,507,0.3,8.777777777777779,0.3333333333333333,32016.39703474257,11757.294580011301,-557.0522117853956,9.0,478.0,24.872325122198784,648.4416508403351,672.5551723164448,982.4548578983229,9.0,15.0,5284.932168456723,555.7916099614197,13.0,3530.1254063889046,1055.6887896148367,172512.26424671206,176367.3072264273,6168.3102660514105,1.0,11.0,0.978141963834794,0.6666666666666667,-24.113521476109668,-0.03718687941291283,5.24882649289617,10.37403469138946,8.944289319650697,0.0,-0.01739842283808798,1.0,4,0.4375,1,0.8919806899251314
29ABCDE1221Z1,104,0.3,1.7083333333333333,0.125,75317.20215466128,17781.066920135112,507.1254834504569,21.0,66.0,43.12801001628144,1396.802419511655,1449.6462415629203,6039.475649747926,1.0,1.0,6763.3954675220375,532.8586877121666,1.0,3387.990026716939,1775.9800534338783,46094.47984388461,47838.32597157637,1233.0854222367473,1.0,1.0,0.9635470913274038,0.875,-52.843822051265306,-0.03783199492863162,2.3371150350889844,11.22947711305792,4.897839799950911,0.0,0.006733106592336152,1.0,4,0.25,1,0.9698826464322567
29ABCDE1222Z2,446,0.7,3.0,0.1111111111111111,224426.56754091269,45093.78235762233,-2545.64389368283,9.0,1026.0,81.96191376613599,4108.303161314097,3536.508068145496,47643.877630948526,11.0,17.0,9095.94417521319,616.3493178278623,11.0,28924.032289330367,7025.517228774474,1952413.3909431866,1674377.9489406715,43375.209194978765,1.0,11.0,1.1660529763775376,0.8888888888888888,571.7950931686014,0.13918035517751443,8.178698233395462,12.321308295089302,9.824768967824722,2.6195839219877883,-0.011342830658353788,1.0,4,0.4375,0,0.29547512351843475
29ABCDE1223Z3,893,0.7,0.0,0.0,166356.3955680432,38070.572895878235,2738.323245141755,24.0,1414.0,77.79760819755806,3153.476382791648,2957.9579500609684,22339.488769495114,18.0,51.0,24929.147837241675,546.4637182541903,20.0,11509.160075322321,1745.9686999902942,2372498.7560305595,2188877.7920136275,34711.45650221821,1.0,20.0,1.0838881753412155,1.0,195.5184327306797,0.062000918667922594,3.890914025699756,12.021893738336628,11.206128528658766,1.3081012843051687,0.016460483982641643,1.0,4,0.8541666666666666,0,0.5837253339177729
29ABCDE1224Z4,1098,0.3,2.608695652173913,0.21739130434782608,43109.86806705565,11136.329861071525,-621.2060542883216,23.0,1360.0,18.584713986118658,836.6800351407811,848.3340329339773,1068.3453181047942,15.0,14.0,5853.601869120766,576.9573067966318,14.0,3745.659114174587,1033.425223382523,793380.5599226038,806868.3825652669,10033.485690588854,1.0,22.0,0.9832837387929597,0.782608695652174,-11.65399779319614,-0.01392885846885927,4.415311621084165,10.671530403633456,9.924025203753676,0.0,-0.014409500020321634,1.0,4,0.7708333333333334,1,0.7951333318682042
29ABCDE1225Z5,288,0.7,0.0,0.0,60076.307367706126,21837.346922999965,13808.516094167035,3.0,336.0,26.976737998605078,1141.129455839836,1124.9165360429902,435.93428391937664,4.0,2.0,8257.582116513579,530.1551105397859,2.0,3899.564693525306,1949.8057063665824,179728.053126005,174356.5443833783,12338.834199333276,1.0,4.0,1.0308076118486023,1.0,16.21291979684588,0.014207783099344914,3.4665369105893196,11.003387467985384,6.918695219020472,0.7756274539778946,0.2298457886877541,1.0,4,0.13541666666666666,1,0.9415350391927901
29ABCDE1226Z6,1181,0.3,2.857142857142857,0.23809523809523808,57974.54115458159,12350.09684316095,139.08442810706828,21.0,1564.0,22.33281621517205,1023.6268430988971,916.8467435971629,2522.7340054064734,18.0,14.0,7150.102372156833,559.3850297404116,11.0,6779.501107350942,1668.5980991129359,1052192.1026669838,940628.0109189894,9265.410154267449,1.0,23.0,1.1186059637316104,0.7619047619047619,106.78009950173418,0.10431545462257645,7.394366784520824,10.96777649635497,10.063691304076464,2.125536325328703,0.002399019057644052,1.0,4,0.7604166666666666,0,0.41352125812448215
29ABCDE1227Z7,854,0.3,1.4545454545454546,0.09090909090909091,468305.1760911588,106013.60074541863,4479.4503196164005,22.0,1208.0,236.54261389730868,8967.354477688184,7841.085380426459,275040.2010684865,17.0,70.0,56800.58408547492,743.1579584341538,22.0,55091.78588050515,12129.822128444772,5288310.168488547,4637930.186832377,70985.61126119376,1.0,17.0,1.1402306536443076,0.9090909090909091,1126.2690972617256,0.12559658481930355,7.026040810374243,13.056877583406596,11.360228727656107,2.1475500301576416,0.009565217262358818,1.0,4,0.8125,0,0.5260702724331325
29ABCDE1228Z8,436,0.3,9.8,0.5,120573.30068566084,34648.92998222872,4311.162727451836,10.0,466.0,70.17283106592222,2305.9605489126957,2365.54506204727,11036.966892511598,7.0,22.0,12118.008326692345,575.3993854468433,9.0,4224.227361185708,1309.2782351802841,684020.1643717219,697182.1231671863,23790.533742040745,0.0,10.0,0.981121204405426,0.5,-59.584513134574536,-0.02583934628138793,1.7857310896161218,11.700021445091705,9.281823473598047,0.0,0.035755237251519356,0.0,4,0.375,1,0.936598810872574
29ABCDE1229Z9,216,0.3,1.0,0.25,131182.2242436883,12216.444683350805,2152.3393470630444,4.0,230.0,74.35489102114234,2862.9985673947717,2837.5430775594746,73249.77899980081,3.0,4.0,17056.974156066288,606.0956442554997,2.0,5532.862453872841,1514.4318384278863,398639.0953770934,390425.34193286573,14632.632302786384,1.0,4.0,1.0210379618381433,0.75,25.455489835297158,0.008891198942673855,1.9498778706230488,11.78435028332055,7.051855622955894,0.09405358081255871,0.01640712339151552,1.0,4,0.13541666666666666,1,0.975071817794237
29ABCDE1230Z0,218,0.3,13.0,1.0,38091.052956183565,17781.066920135112,0.0,1.0,244.0,21.056451728028197,855.6162860200816,856.9751211928783,2372.0130478768747,3.0,2.0,5000.0,412.0659337936407,2.0,4119.916349926318,2676.503943690843,135870.27266631852,133494.2971183395,4920.040569525871,1.0,4.0,1.017798329960663,0.0,-1.3588351727967165,-0.0015881361715511153,4.807509865854149,10.547760955530958,6.599870499212837,0.0,0.0,1.0,4,0.10416666666666667,1,0.98
29ABCDE1231Z1,1426,0.3,1.7083333333333333,0.25,42743.475729331316,11007.992155200163,-296.9947729047438,24.0,1586.0,19.29332384216177,837.3420633349708,862.6141374243939,2340.713386155015,18.0,3.0,7089.484380720552,544.1427772146657,3.0,3569.3935329357587,1004.4869112561107,809050.8369679214,836992.3007542096,8860.376222306206,1.0,22.0,0.9666168210136338,0.75,-25.272074089423086,-0.030181302476038674,4.137879705511559,10.662995243309233,8.7558950816463,0.0,-0.006948144007786849,1.0,4,0.6979166666666666,1,0.8546927546923391
29ABCDE1232Z2,251,0.7,0.0,0.0,61290.35822518174,8997.682781260419,4525.323932488874,5.0,410.0,34.313789527054006,1224.3750238080984,1120.4005938739253,3578.0603404566295,6.0,1.0,5616.338137359133,68.11704867211031,1.0,3622.2654829917715,1176.6581481988383,167180.96317988582,151235.99558959855,5567.012314079411,0.0,4.0,1.1054310353042958,1.0,103.97442993417303,0.08492041075028446,3.233009249367974,11.023394136866992,6.71174039505618,1.737969048139554,0.07383298500031658,0.0,4,0.16666666666666666,0,0.7595303868467302
29ABCDE1233Z3,1388,0.3,0.375,0.041666666666666664,128796.30777906178,27192.33471609377,382.3706603142654,24.0,1762.0,57.21649477827905,2477.4861422615713,2323.2502291349847,15810.781742307028,21.0,6.0,15375.375103363207,388.54680072893797,6.0,8188.549026335462,910.3587325162797,1834806.2582338972,1715145.7812927563,19688.315048462588,1.0,18.0,1.0697669424058807,0.9583333333333334,154.23591312658664,0.0622550053845276,3.5246091547290206,11.765995190097456,9.420682331453182,1.226577809709943,0.002968778361192006,1.0,4,0.71875,0,0.5989666917014385
29ABCDE1234Z4,706,0.7,4.294117647058823,0.17647058823529413,144544.6751132278,38885.88883583748,5103.1590775568075,17.0,1136.0,79.61360903705364,2769.1783697847927,2550.883975279497,19227.915895075374,17.0,34.0,16545.35642685543,412.6906175961695,16.0,11723.502755044978,1725.785302800254,1710907.193748656,1551832.1414215825,23192.007566902128,0.0,19.0,1.1025078989415376,0.8235294117647058,218.2943945052957,0.07883002297257598,4.595858874279238,11.88135082733745,10.59149655523995,1.5742191233669156,0.035304820248404666,0.0,4,0.71875,0,0.44627959952033713
29ABCDE1235Z5,206,0.7,4.5,0.5,55788.79471187414,20829.278537434726,-29457.04820208702,2.0,140.0,22.094179212618865,816.132414084457,730.4601307988637,2617.8444274344383,2.0,2.0,5000.0,996.552115335313,1.0,4370.216638083394,1555.5742260650657,96619.67837061924,85627.02370854713,9803.941106102806,0.0,3.0,1.1283783341517082,0.5,85.67228328559327,0.10497350896386223,5.982827061764385,10.929346241174695,6.047372179046278,1.6741157862828895,-0.5280006559303123,0.0,4,0.08333333333333333,1,0.98
29ABCDE1236Z6,604,0.3,1.9285714285714286,0.14285714285714285,214039.39277076145,46943.72865521522,-141.71328426878273,14.0,852.0,103.4309777502169,4119.562281520069,3891.6370860421857,23354.6848191856,11.0,18.0,20829.71064606579,540.0228568658183,11.0,13090.581233029816,2091.2711324557076,2012652.3005664342,1965934.0683405646,35664.13454380774,1.0,13.0,1.023763885563723,0.8571428571428572,227.92519547788288,0.05532752751435069,3.363772351738739,12.273920027457951,9.693198526658119,1.4914065049762564,-0.0006620866390418116,1.0,4,0.5104166666666666,0,0.7320559552665327
29ABCDE1237Z7,180,0.7,1.7083333333333333,0.125,75317.20215466128,17781.066920135112,507.1254834504569,21.0,196.0,25.891356448475623,859.6531719206723,831.915449379735,1146.852289603295,3.0,5.0,7589.742202148908,832.3582531119506,3.0,4064.106749906029,2689.670237243343,49563.19047006054,46775.89915589804,7995.4833521169185,0.0,2.0,1.0595881931606022,0.875,27.737722540937284,0.03226617832278165,4.88524014421919,11.22947711305792,7.074963197966044,0.8187056682312884,0.006733106592336152,0.0,4,0.3020833333333333,1,0.7789536655836913
29ABCDE1238Z8,1054,0.3,0.0,0.0,585107.6949658466,147035.99616786808,14833.8977280204,24.0,934.0,396.5292526756302,11532.381853141384,10253.401793860885,612873.2491707004,17.0,37.0,58153.67661512374,520.5300622773956,12.0,39048.71518357499,11628.018413418342,5890146.257506184,5191914.329737494,91785.77859524902,0.0,19.0,1.1344844855720093,1.0,1278.9800592804986,0.1109033741310004,3.8083668199713965,13.279552912315108,10.478132689015073,1.6337217326184397,0.025352379576048294,0.0,4,0.75,1,0.9764171840467207
29ABCDE1239Z9,1097,0.3,3.1666666666666665,0.25,48077.64314109609,12317.827836587514,-115.20840133268818,24.0,1074.0,23.934299110734248,908.4027867198494,927.6998736321922,2202.697524712761,14.0,2.0,5000.0,910.2504261404642,2.0,3800.228146640314,1003.9587327627662,653239.3677371916,656041.5677237982,8715.104775421087,1.0,19.0,0.9957286243365201,0.75,-19.29708691234282,-0.021242875070895204,4.0963982583735925,10.780593347951807,8.078688229229872,0.0,-0.0023962490163165965,1.0,4,0.6145833333333334,1,0.8705773383682239
29ABCDE1240Z0,1080,0.7,1.8181818181818181,0.09090909090909091,60910.93196683645,14812.568495987061,1153.1738022549089,22.0,1280.0,25.5182422974244,1209.016153001989,1124.0802856196703,3154.821404155856,14.0,4.0,6810.8822203650825,765.2569703004448,4.0,5232.41474383287,1417.9683690550241,1005903.5606019647,926044.7245338113,12719.131725207031,1.0,21.0,1.0862364785981107,0.9090909090909091,84.93586738231875,0.07025205343321746,4.654840771403088,11.017184361712614,8.764834214330834,1.5119412554640483,0.018931821155873947,1.0,4,0.6354166666666666,0,0.6507334898665424
29ABCDE1241Z1,1039,0.7,2.7083333333333335,0.20833333333333334,175944.3848520948,51080.6853798082,1680.3769564621934,24.0,1400.0,92.83886372835578,3485.461971451556,3355.296408532555,39768.846041900804,19.0,59.0,23923.151095055182,651.3297656969241,20.0,8643.545796406914,1743.427319654605,2754582.375102019,2633373.425639911,33654.79569443979,1.0,23.0,1.046028014212475,0.7916666666666666,130.16556291900133,0.03734528277317355,2.5760900808722247,12.07792891252277,11.339286108559108,0.6527083160579812,0.009550560009714212,1.0,4,0.8958333333333334,1,0.7955212550375836
29ABCDE1242Z2,563,0.3,0.23076923076923078,0.07692307692307693,38089.433954622975,6982.477263268408,493.08832467229615,13.0,1056.0,14.17648134334261,666.0675902678809,694.8746186930097,765.1504423386937,11.0,10.0,5084.774580906842,618.5213265107,10.0,3841.76025209557,1005.6651303572697,489893.81430198567,509532.40204376495,6874.198969435769,0.0,15.0,0.9614576273010161,0.9230769230769231,-28.807028425128806,-0.04324940718635344,5.528709998534039,10.547718452283124,9.36108525866861,0.0,0.012945201025005671,0.0,4,0.5104166666666666,0,0.6391703605260404
29ABCDE1243Z3,897,0.3,1.391304347826087,0.17391304347826086,40885.44340342843,11295.640543324662,213.91038222152866,23.0,1384.0,21.151200942744218,800.2756456518289,826.0166935013933,2564.1932513792226,18.0,24.0,6147.2653850538845,480.8094922350703,19.0,3830.91709679082,904.0719491863747,587845.5867108462,605496.1668444966,7187.646212720979,1.0,20.0,0.9708493940999903,0.8260869565217391,-25.74104784956444,-0.03216522705573305,4.637820430180396,10.618553829957948,10.45233124348964,0.0,0.005231816817884232,1.0,4,0.8333333333333334,1,0.8287283989016105
29ABCDE1244Z4,484,0.3,1.0,0.1,60230.2779985636,11804.13053336366,330.41547021042726,10.0,492.0,33.02031086719152,1063.7990426934557,966.950075638823,1523.7620134745034,8.0,21.0,7679.155118491491,697.9554461976115,10.0,4760.986773603162,969.0990358592261,373201.9017231005,335383.1803138234,5794.676588924959,0.0,12.0,1.1127627252323433,0.9,96.84896705463268,0.09104066009442789,4.923715188147412,11.005947064450602,9.291551627401006,2.4802414500258827,0.005485778837671467,0.0,4,0.4166666666666667,0,0.40373785612751145
29ABCDE1245Z5,950,0.7,3.5,0.18181818181818182,50242.16017295307,11928.768609454442,698.267310490016,22.0,1422.0,24.23193157831712,968.9910805867427,945.33151410031,1304.7153683649547,18.0,15.0,6042.028144806412,647.0540225165998,14.0,3783.268203889435,936.4034490427555,804657.0512859726,781880.3017762242,8486.730566011189,1.0,21.0,1.029130737093652,0.8181818181818181,23.65956648643271,0.02441670203208309,4.002054461804379,10.82462970069557,10.033111320329633,0.6547605802317725,0.013897758582190214,1.0,4,0.78125,1,0.7795133704143533
29ABCDE1246Z6,1107,0.3,0.875,0.08333333333333333,274067.91879931936,64381.661265482406,-1673.2690599399548,24.0,1376.0,125.35940891300058,4873.668784830394,4204.991565921647,85727.73146379134,19.0,68.0,29529.753890288153,610.7206397000313,22.0,32820.34761845724,7389.851663509709,4031160.1469125967,3444941.6010727324,43797.71449070793,1.0,22.0,1.170167919728253,0.9166666666666666,668.6772189087469,0.13720202345100832,7.805092377459669,12.521134882206896,11.461769003325914,2.2837750750178034,-0.006105285733495258,1.0,4,0.90625,0,0.2548961994788914
29ABCDE1247Z7,1278,0.3,0.0,0.0,373618.4497696214,97656.40032548188,5328.3637216764,24.0,1798.0,129.12127481770017,6541.584816165125,6356.195857291813,115279.21916439853,18.0,17.0,9095.94417521319,616.3493178278623,11.0,17231.28949670888,1299.5038647098334,5765154.368322701,5616090.82067347,57234.82458722412,1.0,19.0,1.0265422252611214,1.0,185.38895887331182,0.028340068054333117,2.7109437600072037,12.83099304439292,10.385357991846698,0.5460173825595861,0.014261473070960139,1.0,4,0.75,1,0.7737058655423038
29ABCDE1248Z8,754,0.3,1.15,0.05,358862.3796630887,61950.01253023282,4453.730635267886,20.0,1218.0,169.4569340872223,6669.931158498141,6229.977948891657,147888.74127222522,16.0,62.0,40311.794974188066,788.3190780477836,20.0,26898.146428317934,4483.29748325041,5243208.741201456,4896804.616739181,39481.379554005325,1.0,21.0,1.0707408507331764,0.95,439.95320960648314,0.06596068222472432,4.317534772832261,12.790697036998292,11.248920855872804,1.1440301386735954,0.012410657892842611,1.0,4,0.8020833333333334,0,0.6340265326815273
29ABCDE1249Z9,251,0.3,0.0,0.0,59072.22628877441,9946.725354920576,9760.535863168658,3.0,416.0,20.624496354927658,950.1260298242989,765.8320669056823,1159.8412669963946,5.0,1.0,5000.0,891.6409732173062,1.0,8339.601442583968,2123.9311539467817,197964.25418928356,159814.94973998514,5909.651994713661,0.0,5.0,1.2387092353460447,1.0,184.29396291861667,0.19396791281752068,10.889595517043098,10.986533076869264,6.726233402358747,5.409096003701268,0.1652277431988413,0.0,4,0.14583333333333334,0,0.18659197934246044
29ABCDE1250Z0,308,0.3,7.0,0.5,84690.62961135493,21660.447948623696,-3168.938131823762,4.0,560.0,32.18940070597197,1269.1532638405781,1305.9987926371796,1411.6068228982997,7.0,12.0,6514.14216917344,507.3412736848254,8.0,3895.934764712139,1399.3227698075832,367550.7406495673,378996.0235928029,10533.66482366787,1.0,7.0,0.9698010474233034,0.5,-36.84552879660146,-0.02903158337638702,2.9831074781050515,11.346772051805791,8.894670262984233,0.0,-0.0374173710715668,1.0,4,0.2708333333333333,1,0.9309743075441707
29ABCDE1251Z1,1186,0.7,3.1666666666666665,0.2916666666666667,41338.594725023606,11311.279972144568,748.8939998282345,24.0,1498.0,23.45575865853549,799.1355372297432,874.0419137457883,2287.4498933669047,21.0,25.0,6057.657759671111,701.560367417313,18.0,3742.876524254045,1102.3419509660298,607566.730854241,660303.4296615785,8356.96075048994,1.0,22.0,0.9201326292756553,0.7083333333333333,-74.90637651604504,-0.09373425786533408,4.282262057907038,10.629576029729156,10.57065003612408,0.0,0.018115658965928746,1.0,4,0.8854166666666666,1,0.8264382291646893
29ABCDE1252Z2,861,0.3,4.15,0.2,72182.43128996027,16936.95401815585,1148.849927998627,20.0,1490.0,31.858622181400385,1319.427123677687,1178.9595631795012,13521.015538686872,19.0,49.0,9534.51357565349,585.2936891368739,17.0,6905.573740404087,1515.3245094249373,1269473.889820147,1138799.4649192034,14555.840818985795,0.0,24.0,1.1147475292414322,0.8,140.46756049818578,0.10646102234631608,5.85734571063714,11.18696581502699,11.219225320192884,1.2079677082642744,0.015915701255371277,0.0,4,0.8333333333333334,0,0.23747517745419608
29ABCDE1253Z3,531,0.3,3.5,0.2,33320.123852025274,14527.15398352071,2394.29603014528,10.0,656.0,20.546220150988123,603.2784678812985,622.0233883958113,1115.0961096690703,11.0,15.0,5116.481211799224,604.1265783924617,14.0,3752.8408087110643,1087.382958102031,264608.5691874713,273463.56827060983,7167.182261623286,1.0,15.0,0.9676190903997276,0.8,-18.744920514512728,-0.03107175460835607,6.033279260430356,10.413946824764347,9.26027274072439,0.0,0.07185520034612379,1.0,4,0.5208333333333334,1,0.8315641963726301
29ABCDE1254Z4,665,0.3,0.6875,0.125,411173.43817416555,87030.71446368996,-5207.067104250688,16.0,1004.0,221.1781295597156,7599.841137332868,7204.34833453076,168822.95921343335,15.0,49.0,49737.243587801415,510.6418878078159,18.0,24209.12679122827,6142.23369588782,4590198.567849412,4414342.995466476,64812.05020414151,1.0,17.0,1.0398373149896913,0.875,395.4928028021077,0.05203961446763928,3.3603492872759713,12.9267728272175,10.824765825921322,0.9625461119513541,-0.012663888172068408,1.0,4,0.6875,1,0.934970924789949
29ABCDE1255Z5,1456,0.7,0.5,0.08333333333333333,379757.6340935452,83576.53731468403,-1070.8205808054977,24.0,882.0,262.88486371092347,7311.454387341008,7180.073724723648,124660.34542626936,16.0,29.0,50106.8348670058,398.75866615987593,12.0,11347.443701174849,943.9440916620197,4440558.4627245795,4342910.349263218,47496.779527871084,1.0,22.0,1.0224844874999381,0.9166666666666666,131.38066261736003,0.017969155746198926,1.5804076860800753,12.847291156456421,10.184522582266116,0.3721050319659014,-0.0028197399207564155,1.0,4,0.7708333333333334,1,0.9231979919607468
29ABCDE1256Z6,696,0.7,1.7222222222222223,0.16666666666666666,179077.5391651826,43554.23598855661,5996.619815600654,18.0,1062.0,113.06342372351646,3613.9893955780617,3449.14919232632,40177.81302228813,17.0,57.0,19451.584480480753,575.6698632505259,18.0,9414.023777360577,1197.0604008487364,1712919.72104843,1621181.1690777927,23768.737659461673,1.0,17.0,1.0565874769090877,0.8333333333333334,164.8402032517415,0.04561170086814135,2.7293756379993455,12.095579754879049,11.029293388888366,0.8223649464094415,0.03348597684320707,1.0,4,0.7291666666666666,1,0.7787970036762454
29ABCDE1257Z7,1497,0.3,3.652173913043478,0.30434782608695654,57182.15540280789,16221.755354156485,-768.2720480373413,23.0,1840.0,26.909930932533406,1111.9694666053363,1138.679302297458,4366.914615352632,22.0,3.0,6599.495065585146,527.4469050314905,3.0,3904.831020030089,1573.721379722918,923486.0087126954,951652.517037825,13716.83904067958,1.0,21.0,0.9704025284220312,0.6956521739130435,-26.709835692121715,-0.024020295965196368,3.429263193026782,10.954014648033485,8.904358542352968,0.0,-0.01343528601430792,1.0,4,0.71875,1,0.8401401238162794
29ABCDE1258Z8,1385,0.3,1.0416666666666667,0.041666666666666664,50716.0117534377,12730.355895622308,240.49677893993973,24.0,1570.0,25.67980799617295,964.7910713962158,955.0802883176666,1871.953780766868,21.0,13.0,6973.07281559677,635.6780387482863,13.0,3860.506011860472,1233.2133823853362,603491.8189899002,588876.2012864462,8060.638294147489,1.0,18.0,1.024819508194634,0.9583333333333334,9.710783078549184,0.010065166818444991,4.042074848660723,10.834016670842292,9.99852496787088,0.22438339910073749,0.00474193511457501,1.0,4,0.7916666666666666,0,0.6000480198312463
29ABCDE1259Z9,606,0.3,2.875,0.1875,146794.9636567318,37459.96546297752,3306.26576941646,16.0,778.0,77.05518085432169,2842.4507931087023,2607.4519982242314,28813.180045042936,11.0,38.0,21499.587657425076,672.5269881717345,14.0,10634.296261563875,1155.0956176079037,1119449.2941265772,1028053.545690678,27758.752029166022,0.0,11.0,1.0889017394269058,0.8125,234.99879488447095,0.0826747099560024,4.07842455730967,11.896798899258194,10.321572692000395,1.3844029063938126,0.022522865663717046,0.0,4,0.5416666666666666,0,0.4552903694146213
29ABCDE1260Z0,1405,0.3,5.958333333333333,0.3333333333333333,185343.48250421847,58815.928434741916,-792.5846858474109,24.0,1226.0,110.25552150689307,3713.27609843795,3796.349977531545,32592.09478983279,18.0,88.0,22969.654462980383,535.4044437915383,20.0,5362.403113236916,1385.9092822359935,2548657.7553268066,2633820.342901515,41729.81293179756,1.0,21.0,0.9676657567763752,0.6666666666666667,-83.07387909359477,-0.022372125554720033,1.412515480652194,12.129971440152088,11.600963814443052,0.0,-0.004276278824913882,1.0,4,0.8645833333333334,1,0.9411562498178354
29ABCDE1261Z1,1062,0.7,3.4347826086956523,0.34782608695652173,79425.1286034305,22558.934425709773,1095.009866762411,23.0,1176.0,43.29337125120912,1479.8271969684042,1515.0554260564154,5923.377920159033,17.0,3.0,11069.657522856722,842.3460266511057,3.0,3866.7262837056746,1146.9569472701812,1057365.382312122,1072491.582313477,13453.064183376162,1.0,21.0,0.9858962063191897,0.6521739130434783,-35.228229088011176,-0.0238056370096321,2.5522012047905704,11.28258266871168,8.457018468380166,0.0,0.013786519449156641,1.0,4,0.6666666666666666,1,0.9148514798036115
29ABCDE1262Z2,700,0.3,6.5,0.35714285714285715,49225.322278268635,11104.933444434017,1920.316130453742,14.0,1318.0,20.169054020014233,963.4561095783321,935.3162617344362,3114.419610545762,14.0,1.0,8665.119275392346,356.5949228571672,1.0,4136.806520687622,930.9900593919705,734022.5027760965,717942.8237493886,11395.097975577351,1.0,17.0,1.022396879660602,0.6428571428571428,28.139847843895836,0.029207192278028704,4.422895965709386,10.804183765071764,7.87777633327726,0.5041542935669735,0.03900994511835554,1.0,4,0.4791666666666667,1,0.8706752128878104
29ABCDE1263Z3,603,0.3,5.3076923076923075,0.38461538461538464,51942.45463525031,20045.975306108878,-347.3899615733727,13.0,922.0,31.67953954220301,946.028861199422,1001.2068359946562,2989.2124477537977,15.0,18.0,7699.2520804223395,552.0273055857355,11.0,3961.933681444603,1072.0107865859375,356948.9046532103,374519.8475798434,11043.249259677916,1.0,13.0,0.9530840807498535,0.6153846153846154,-55.17797479523426,-0.05832588947157163,3.9571580406845612,10.857910995042847,9.772068213669293,0.0,-0.006687848623330185,1.0,4,0.5416666666666666,1,0.9026246765780304
29ABCDE1264Z4,907,0.7,2.090909090909091,0.13636363636363635,507148.44740357023,78747.4732673061,1323.37690958027,22.0,1236.0,268.76573942974125,9897.872544104372,9642.977687375638,254627.25801173688,17.0,83.0,62491.85341456081,570.3144437229522,22.0,24448.496662378973,2557.7253359986307,6455597.989814163,6326550.718792911,71043.32684429237,1.0,19.0,1.0203977296250735,0.8636363636363636,254.89485672873343,0.02575248929433432,2.53536795946198,13.136561007192132,11.5512611712358,0.5051353626283309,0.002609441686973144,1.0,4,0.8333333333333334,1,0.8886157789928766
29ABCDE1265Z5,1417,0.3,2.0434782608695654,0.17391304347826086,69195.47257028834,12202.999250392375,-799.8477254672085,23.0,1268.0,35.240799199842904,1333.1872749157778,1295.3617477548576,1968.4248842214022,17.0,4.0,8427.497080890393,547.6337866331862,4.0,4662.990733765684,1117.1832880946922,1019243.4304005222,982242.2543334266,11304.471140232214,1.0,20.0,1.0376701123412833,0.8260869565217391,37.825527160920274,0.02837225337551309,3.5997594817414185,11.144705165888723,8.755422380148488,0.8523447271386448,-0.011559082360083309,1.0,4,0.6666666666666666,0,0.7417739401121926
29ABCDE1266Z6,395,0.3,6.4,0.4,249972.85500688414,48725.10630419601,12839.61891497969,5.0,544.0,109.61848930267273,4971.0048645386605,4967.738165570333,60363.14114133346,6.0,3.0,30834.1157061128,778.0361203658135,3.0,14234.58983223536,3437.6619372116324,1892830.1213628612,1850495.789953406,54986.995503738595,0.0,9.0,1.022877291393633,0.6,3.266698968327546,0.0006571506279607545,2.865406621244726,12.429111611403053,7.687080155783135,0.013295957015948635,0.05136384728965393,0.0,4,0.23958333333333334,1,0.918301122377625
29ABCDE1267Z7,176,0.3,10.0,1.0,33701.813776919196,5937.626177836287,8397.071468997598,2.0,156.0,13.47503280409308,530.7472573952415,520.305301324019,5.223446958355336,2.0,2.0,5415.4678005160185,1146.2588126541896,2.0,3398.985270474099,946.3267509289645,58222.250091206966,57516.64724005172,3477.7977101889837,0.0,3.0,1.0122678021931693,0.0,10.441956071222535,0.019674065057761623,6.53267468508338,10.425336607719021,6.154858094016418,4.185683302205102,0.24915045742406797,0.0,4,0.09375,1,0.959759584478121
29ABCDE1268Z8,265,0.3,4.75,0.25,116795.45917344,32663.54606253076,16155.738359128,4.0,146.0,58.1787202827834,2155.377339297693,2091.6692413454953,110.79427857645096,2.0,17.0,15050.91867400751,581.9024723000708,6.0,6909.909621609825,1184.5438017275644,450362.4202348857,444526.353900777,19447.35523633465,1.0,6.0,1.013128729675747,0.75,63.70809795219793,0.02955774693862029,3.303538382179837,11.668188033620856,7.8808043446749005,6.025385670097342,0.1383238710613402,1.0,4,0.1875,1,0.8624747367997543
29ABCDE1269Z9,468,0.3,5.777777777777778,0.4444444444444444,33331.8047169695,7801.667111462777,1327.0573802237986,9.0,856.0,13.740522890235791,652.1014118236003,654.7749875143816,1391.5711096849932,9.0,1.0,5000.0,981.0419577882966,1.0,3587.0873615933842,942.7093463246686,378303.3898477293,380170.708485124,7135.940796623058,1.0,13.0,0.9950882101231958,0.5555555555555556,-2.673575690781263,-0.004099938510031153,5.478351235147932,10.414297317685456,7.446585099157725,0.0,0.039812352770548676,1.0,4,0.3333333333333333,1,0.8913538217616027
29ABCDE1270Z0,970,0.3,2.272727272727273,0.22727272727272727,68175.77445641455,17846.748150380827,2097.6785576865686,22.0,1748.0,31.833419209264687,1306.5752702425655,1222.734583293556,6448.241440398623,22.0,19.0,8041.327326797012,474.7010166663742,15.0,5001.791685319196,1217.6516828519925,1096930.2168486544,1031146.6709627694,13169.842238911766,1.0,22.0,1.063796497373612,0.7727272727272727,83.84068694900952,0.06416827936246224,4.090660192047875,11.12985923533861,10.462531748572593,1.044000027439407,0.03076822824798811,1.0,4,0.84375,0,0.611003914562439
29ABCDE1271Z1,283,0.3,5.75,0.25,26334.616443899264,6142.955477772381,3717.2572800978496,4.0,344.0,15.837607974052737,564.32748150635,525.2999471084784,412.7575479092801,5.0,2.0,5000.0,613.7425125885109,2.0,3863.56168016154,1217.8267638861541,115900.42839286085,106017.2416750807,2701.552878756037,0.0,6.0,1.0932224472324032,0.75,39.02753439787159,0.06915760028857011,7.354963010045165,10.178677539424024,6.94215670569947,1.9186605696593542,0.14114943115215992,0.0,4,0.17708333333333334,0,0.6076996503718898
29ABCDE1272Z2,846,0.3,1.4090909090909092,0.18181818181818182,44307.89842962607,11516.895916884485,1315.364224487302,22.0,1462.0,19.248917696620254,789.5489096594489,773.8909610327072,1731.7176079137605,18.0,2.0,5000.0,640.5092015106517,2.0,3882.602611304216,1093.1946981595001,651803.0015271707,636588.6257821963,7946.720413316367,1.0,21.0,1.0238998548336926,0.8181818181818181,15.6579486267417,0.019831511936981006,5.016989223033611,10.69894080334797,8.386856689688234,0.3761585775222607,0.029686231684961404,1.0,4,0.65625,1,0.8031376436370268
29ABCDE1273Z3,1356,0.3,2.2083333333333335,0.125,618340.0405452437,102921.36306996197,381.86724132918044,24.0,892.0,357.48996971942535,11837.870580015166,10939.347490679651,329533.10469796095,14.0,66.0,60166.24557870664,592.0412912639624,19.0,37804.903376171016,3952.7463805132165,8329407.912871406,7713296.619891649,84968.78110125646,1.0,23.0,1.0798765201627125,0.875,898.5230893355147,0.07590242546260069,3.4558645667285806,13.334795429771537,10.999279200267464,1.565233223607904,0.000617567355698169,1.0,4,0.8333333333333334,1,0.895122229622554
29ABCDE1274Z4,320,0.7,6.25,0.25,37243.72181329956,10750.399431947164,2065.48591559568,4.0,558.0,14.286835823743377,680.6188691148749,648.0568624932592,2743.42881830317,6.0,17.0,9095.94417521319,616.3493178278623,11.0,3912.955975191596,1225.8079589284312,174345.31622892572,171026.07459250296,7416.839472351426,1.0,5.0,1.0194078104425386,0.75,32.56200662161564,0.04784176298838377,6.0379824698365825,10.525265517480578,9.216521231051264,0.6215630294678325,0.05545714439617923,1.0,4,0.2708333333333333,1,0.7847544040029728
29ABCDE1275Z5,1089,0.3,0.0,0.0,209727.5341133274,47492.58970492223,4085.1960690463543,24.0,1244.0,101.99213099046723,3657.4122421603874,3391.3772551807924,68514.19502664256,18.0,63.0,21459.99275736399,569.6568580270596,19.0,12869.77942601651,1863.1578126127495,2668818.0825509587,2495728.88152395,33352.95912922647,0.0,21.0,1.0693541683587506,1.0,266.03498697959503,0.07273858383064073,3.7948533759717127,12.253569278750618,11.28577389225848,1.016354715549127,0.0194784943609004,0.0,4,0.8541666666666666,0,0.4537942699275495
29ABCDE1276Z6,192,0.3,0.0,0.0,46096.07718126581,17781.066920135112,0.0,1.0,194.0,17.53448298738426,907.5839795498446,793.2608702264286,3862.837571695208,2.0,17.0,9095.94417521319,616.3493178278623,11.0,5061.717110902147,1535.1605956273825,161044.17643853166,139843.13998043822,6835.640794001629,0.0,4.0,1.1516058382346044,1.0,114.32310932341602,0.1259642213827083,6.380898517605349,10.738504825266867,8.163371316459912,1.8391815310968742,0.0,0.0,4,0.1875,0,0.4581345405480977
29ABCDE1277Z7,1019,0.3,1.5217391304347827,0.17391304347826086,53478.40621568152,13398.665046403214,1319.1510589278535,23.0,1274.0,25.35840925545451,1037.9706006143665,981.1927363511986,1751.2267265426203,16.0,14.0,7952.303976444803,669.4545413011148,13.0,4129.7977971370465,1049.7575104332332,844887.3050895225,794835.5369910881,10120.626749961555,1.0,22.0,1.062971225831081,0.8260869565217391,56.777864263167885,0.05470084049544517,4.208956756543769,10.887051928231308,9.858751658694736,1.3563878849574782,0.024666524037453594,1.0,4,0.7708333333333334,0,0.6125521572288171
29ABCDE1278Z8,293,0.7,0.0,0.0,69504.83267163235,13159.95326710922,-7672.360742893279,4.0,236.0,43.756578345219,1225.1730264257362,1356.4650959421845,1626.8315851277828,4.0,14.0,6718.791801362262,362.13055594064537,7.0,3247.117529460136,1106.610151110305,91662.92980846812,99924.8678730003,5757.858813652699,0.0,3.0,0.9173184989843298,1.0,-131.29206951644824,-0.10716206338583352,2.393808391512446,11.149165951364358,8.176110342237342,0.0,-0.11038441592578209,0.0,4,0.1875,1,0.9775698806354804
29ABCDE1279Z9,775,0.7,2.0,0.1,57624.67734095986,12467.46159004147,1316.412441586653,20.0,1390.0,28.407694016278036,1127.6225184943842,1066.0827416515306,2393.53700962463,18.0,10.0,6159.899508590483,554.407016293499,9.0,4240.2464398045595,1102.3069409110483,704361.497065384,658738.9402537559,9995.106292189364,1.0,16.0,1.0692574159864507,0.9,61.5397768428536,0.05457480303339657,3.9774083888045575,10.961723534519844,9.635673464721814,1.2576075620990017,0.022844199015617603,1.0,4,0.65625,0,0.6340693068042617
29ABCDE1280Z0,876,0.3,0.0,0.0,537560.2941827698,126613.81001364822,8709.921028792229,22.0,1834.0,209.9450605431143,10343.991985870314,8907.970065933265,523404.2892780413,20.0,4.0,58164.07494227419,496.4551713220759,4.0,75149.54928322893,12475.723771384528,11060307.13437223,9552223.26926435,106140.1176423547,1.0,24.0,1.1578777864165255,1.0,1436.0219199370495,0.13882666594276433,8.436214842102268,13.194798068171254,9.12423767292277,1.9849154658356363,0.01620265655851121,1.0,4,0.7291666666666666,1,0.8601755449927174
29ABCDE1281Z1,1123,0.3,1.5416666666666667,0.08333333333333333,200378.68281455836,33730.56363928513,612.3920947854571,24.0,2164.0,71.50509416144918,3605.851817785108,3427.649262459257,46660.29250451431,22.0,8.0,19678.734335741243,635.0912512409474,8.0,13955.953048938476,3037.4373540557126,3790483.4537365017,3607336.3244402837,28590.45485778318,1.0,22.0,1.0507707385239815,0.9166666666666666,178.20255532585088,0.04942037674618356,4.07158141930934,12.20796925989234,9.87740021777281,0.8249650408669575,0.0030561586193955407,1.0,4,0.7916666666666666,0,0.5238802333289501
29ABCDE1282Z2,342,0.3,3.875,0.375,99458.9928048581,17781.066920135112,353.5691424393056,8.0,600.0,38.266081814191615,1984.8909686198604,1841.717212799301,6222.4440247061575,6.0,17.0,9095.94417521319,616.3493178278623,11.0,13384.414500501362,4346.958581072028,805811.7853145187,736944.698018078,20944.681035646478,1.0,8.0,1.0934494643650334,0.625,143.17375582055934,0.07213179871542832,7.267355926026148,11.50751075992666,9.288966692431373,1.814880456230834,0.0035548880757815173,1.0,4,0.34375,0,0.494190689187448
29ABCDE1283Z3,1466,0.3,2.652173913043478,0.21739130434782608,54802.680484944314,8915.616739863208,-52.50667320518787,23.0,1074.0,31.93276157382582,1007.6337731203057,1009.7653992496317,3947.7696489572145,17.0,28.0,6470.289212394107,655.966253436127,17.0,3887.4046735909733,926.3359371100469,668703.470758378,663538.7045656398,5599.387675890416,1.0,21.0,1.0077836698254385,0.782608695652174,-2.131626129326037,-0.0021154770574284163,3.8498097444017674,10.911512632814851,10.347371770548238,0.0,-0.0009580866237553612,1.0,4,0.8125,0,0.6855142535527098
29ABCDE1284Z4,874,0.3,3.35,0.25,34853.90110147618,7015.959808657124,-1.638518404178237,20.0,1156.0,20.971559137696755,657.8601012341451,688.980030053491,598.0114149007733,18.0,26.0,5257.859544882195,647.0644481617896,23.0,3935.825089850423,911.2389099552397,413781.82237637293,433837.6263839925,5358.564910546612,1.0,19.0,0.9537711743105748,0.75,-31.119928819345887,-0.04730478221884094,5.712538706738501,10.458949040489308,10.349422593198007,0.0,-4.700969884860303e-05,1.0,4,0.8333333333333334,1,0.8563296441446541
29ABCDE1285Z5,1019,0.3,1.5416666666666667,0.08333333333333333,282011.8416737584,66363.17403329034,-1581.7224522040767,24.0,1370.0,132.0098576935036,5162.913338906332,4884.503607765887,125794.03977217215,18.0,37.0,36215.36539470244,645.4119970416439,18.0,20624.083800412594,2855.6025435564025,3953130.6013871594,3730583.546897313,43640.981143016215,1.0,21.0,1.0596547568744135,0.9166666666666666,278.4097311404448,0.0539249282071856,4.222349998395395,12.549707886733641,10.8608818392887,0.7849692649940064,-0.005608689458311492,1.0,4,0.84375,1,0.7951654336372963
29ABCDE1286Z6,766,0.3,6.409090909090909,0.45454545454545453,34696.27897353194,10455.025382428992,506.20565392997247,22.0,1490.0,17.7087434911967,663.7116034669642,725.0267018953034,780.2404315939871,19.0,8.0,5000.0,511.23481656656423,8.0,3714.283154249191,952.2592233366519,432827.24424152495,476470.0066012854,8904.30190665141,1.0,17.0,0.9084039671855334,0.5454545454545454,-61.315098428339184,-0.09238214023689448,5.122960498612846,10.454416547111915,9.504426892100957,0.0,0.014589203214353506,1.0,4,0.6875,1,0.8688086754571915
29ABCDE1287Z7,1184,0.3,0.4782608695652174,0.08695652173913043,53185.49523227959,9417.434635115416,531.2669970940169,23.0,1680.0,25.80916711043222,986.559410494514,984.3224415748555,1684.9071152376134,22.0,14.0,6554.949515388117,553.7850387321093,14.0,3988.355825228296,1693.911017147021,838708.676534738,837725.1672428157,7827.637486402467,1.0,22.0,1.0011740238092157,0.9130434782608696,2.2369689196585796,0.002267444713276108,4.051879401273399,10.88155979408732,10.135194334510826,0.054480756360158075,0.009988757386134065,1.0,4,0.84375,0,0.7192912139435343
29ABCDE1288Z8,590,0.3,2.0714285714285716,0.21428571428571427,88271.90417808526,17994.99930259705,2020.6033137716988,14.0,906.0,46.16624344246682,1706.4817275925893,1510.9503153977907,11680.118673814546,13.0,14.0,11207.345461307337,487.0411871860046,10.0,8391.599390297797,2324.3045917290415,792333.8230541743,705504.1888650149,12003.40258058345,0.0,14.0,1.1230745834817044,0.7857142857142857,195.53141219479858,0.11458160320922015,5.553855282189424,11.388188478550259,9.518192651217346,1.8091489265585203,0.022890413911105197,0.0,4,0.53125,0,0.5127908853075209
29ABCDE1289Z9,994,0.3,5.875,0.2916666666666667,130848.1541156622,36824.88556932157,937.4063274839233,24.0,1148.0,75.04906954879674,2628.3620899686753,2756.4086501574902,6299.233116023392,16.0,39.0,15146.554761083285,627.6183032492884,15.0,3809.552195863105,939.1745510965843,1916965.338511519,2025418.384291901,29605.011096559738,1.0,21.0,0.9464540034683757,0.7083333333333333,-128.04656018881496,-0.04871724511531857,1.3820709043433899,11.781800443402908,10.735526731962691,0.0,0.00716402283086459,1.0,4,0.7916666666666666,1,0.9479429562142511
29ABCDE1290Z0,1281,0.7,3.25,0.16666666666666666,110438.63910448644,21478.866108424554,-465.60050485506895,24.0,1338.0,49.07544492409951,2023.2189937613257,2080.7150880164954,22353.813588407877,16.0,3.0,11771.084850115802,533.1537258255647,3.0,3606.898759020916,974.013635289853,1748943.8807518366,1784255.6478177481,15420.677291523723,1.0,21.0,0.9802092446174403,0.8333333333333334,-57.49609425516974,-0.02841812697115892,1.733489981302198,11.612224398241635,8.585972706811063,0.0,-0.004215882165411338,1.0,4,0.6666666666666666,1,0.902154081901095
29ABCDE1291Z1,1268,0.3,2.4583333333333335,0.25,87241.67170257388,28316.51815585176,-1901.8295838357226,24.0,510.0,85.5261154504313,2140.8290183028703,2221.002869669127,15326.262247252915,10.0,72.0,8349.208989117335,521.0000502604531,20.0,3842.5204002539595,955.8109157865432,868135.1635511833,899039.2014610785,20574.14245295227,1.0,19.0,0.965625483449808,0.75,-80.17385136625671,-0.037449908741340805,1.7300834918895882,11.376448844589575,10.526829031352095,0.0,-0.02179930470629562,1.0,4,0.7604166666666666,1,0.9347488139534857
29ABCDE1292Z2,544,0.7,0.7692307692307693,0.07692307692307693,166331.1495659067,42223.538615433914,2004.6251039869453,13.0,882.0,88.57141522879073,3079.496832042939,2929.7330319411712,42388.41089977743,13.0,24.0,21319.72632990543,725.6380832023411,11.0,6712.17323201853,1261.4870324175151,1215596.638477342,1149268.1137942174,25404.542945168923,0.0,12.0,1.0577137083044497,0.9230769230769231,149.76380010176763,0.048632555339378054,2.2910528566390242,12.021741969201985,10.00220102547216,0.7274081468515041,0.012051940104295,0.0,4,0.5104166666666666,0,0.6324418941729183
29ABCDE1293Z3,1174,0.3,2.5,0.18181818181818182,53250.62354984328,10260.507005418458,448.71021953509893,22.0,1260.0,24.531739294355084,1038.7861738256634,1021.8799269001637,5344.87034940705,15.0,17.0,9095.94417521319,616.3493178278623,11.0,3789.41513217488,902.6417737265905,895538.956430842,887308.9404291252,8444.823629131693,1.0,22.0,1.0092752542285177,0.8181818181818181,16.90624692549966,0.016275001873809102,3.708278274601142,10.88278357230582,10.030032093861085,0.23122670840627893,0.00842622608708086,1.0,4,0.7291666666666666,0,0.6436215274921292
29ABCDE1294Z4,1108,0.7,1.6666666666666667,0.125,746812.9721915266,133680.5455676626,6030.989186080122,24.0,1528.0,285.9295876283236,14491.530399460164,12814.745219044737,511603.3675620745,16.0,2.0,69728.28597378182,520.5939963968597,2.0,111698.20385696006,30751.677101232362,15544760.57751225,13761339.365660094,121210.10360427028,1.0,23.0,1.1295964850850555,0.875,1676.785180415427,0.1157079434811033,8.716381164641406,13.523571399890228,8.430981494597171,2.344284441732877,0.008075624466936762,1.0,4,0.6770833333333334,1,0.8940755328863023
29ABCDE1295Z5,644,0.7,4.533333333333333,0.3333333333333333,51195.11031148398,12149.075824621628,940.2372882381746,15.0,1364.0,20.105180613947333,941.9164111799639,886.3146793149803,3785.7089853644943,15.0,6.0,5306.105883072926,305.5673666538725,6.0,5589.6113018751785,1613.1810909176438,655392.1568838155,623469.1811983236,10435.255003920513,1.0,16.0,1.0512021710906947,0.6666666666666667,55.60173186498366,0.0590304311561255,6.306576470329148,10.843418837662867,9.164819856674374,0.9035607432116167,0.018365404764495687,1.0,4,0.5416666666666666,0,0.6471082920611737
29ABCDE1296Z6,1075,0.7,4.041666666666667,0.16666666666666666,195990.2525194852,51807.78687911881,-461.30421113595315,24.0,1110.0,109.60429516009279,3502.7456456301093,3256.18588924228,29465.291916595932,18.0,63.0,21608.26066260283,581.8785833982982,20.0,12064.002551604775,3132.5758521036714,2128678.740307264,1978877.7711314587,29083.409642509232,1.0,20.0,1.0756999605337696,0.8333333333333334,246.5597563878291,0.07039042549247833,3.7049489685037877,12.18582530721408,11.171898872999302,1.4363472550680534,-0.0023536979595050597,1.0,4,0.8541666666666666,0,0.6208651678460132
29ABCDE1297Z7,991,0.7,3.909090909090909,0.22727272727272727,62113.57490544389,13821.178547863754,376.3191743231078,22.0,1766.0,26.3375206133513,1189.2272904699248,1136.3757796889945,3307.2198886933743,20.0,5.0,8363.461281223334,532.5635968985142,5.0,4178.883654795298,1255.574107750361,1121788.8294585773,1068556.2847021515,10569.900270460706,1.0,22.0,1.0498172585932277,0.7727272727272727,52.85151078093031,0.04444189197848459,3.6773783192906335,11.036735940954454,9.268797941547751,0.9188830112800971,0.006058468159783319,1.0,4,0.71875,0,0.7266592319886538
29ABCDE1298Z8,1199,0.7,0.0,0.0,474660.96314318775,76250.01278398177,2741.642683772045,24.0,1062.0,299.85591726651404,8761.341700988314,7999.025885171574,223589.85075523276,19.0,85.0,55989.34157567838,631.721298916646,22.0,25127.66600588145,4762.55854076035,5371643.110064507,4966913.382918398,51927.09834841849,1.0,23.0,1.081485159080488,1.0,762.3158158167398,0.08700902690860095,3.14134075406139,13.0703581731284,11.423197674595455,1.6121591629278904,0.005775989855216172,1.0,4,0.9166666666666666,0,0.737357580471919
29ABCDE1299Z9,1053,0.3,4.125,0.25,43876.78544892542,13163.03978222934,825.3511644819187,24.0,1712.0,16.983254688122777,759.1010110134453,771.179621937407,2048.4537508181484,19.0,4.0,5424.5359032522665,557.7053035611215,4.0,3799.270630198762,916.9569108492426,618647.0640839986,628757.4398521356,12259.548518321666,1.0,17.0,0.9839200697640815,0.75,-12.078610923961719,-0.01591173078248974,4.926570311406816,10.68916344476841,9.05543941075822,0.0,0.01881022836584684,1.0,4,0.6666666666666666,1,0.8381298043132318
29ABCDE1300Z0,549,0.7,2.076923076923077,0.07692307692307693,66160.78129789923,16103.977725817023,3061.3416312367435,13.0,772.0,33.42994591505781,1219.2625215414637,1126.9118644971388,4115.141322735051,11.0,31.0,9421.498338445614,629.2188166579074,12.0,5384.420007779294,1261.9620452425584,560343.4078506561,518819.4310667426,13592.532022374686,0.0,13.0,1.0800355081122082,0.9230769230769231,92.35065704432486,0.0757430458270543,4.778031164115909,11.09985825342671,10.116014951387148,1.439444255869005,0.046270544280734884,0.0,4,0.5104166666666666,0,0.5610069526992446
29ABCDE1301Z1,779,0.3,7.529411764705882,0.4117647058823529,42969.07142693785,11258.84487562336,781.510167407559,17.0,1132.0,21.853531228517152,805.164422960119,844.0487337519754,1530.1300427197766,15.0,32.0,5671.735713110653,652.7565299074253,22.0,3928.9238886231283,1047.0775332928038,645251.4213448546,673527.9119217119,8890.968781008143,1.0,22.0,0.9580173440827735,0.5882352941176471,-38.884310791856365,-0.04829362759087327,4.65485431292365,10.668259139018947,10.529131822494486,0.0,0.018187313668685964,1.0,4,0.7916666666666666,1,0.8553903237278319
29ABCDE1302Z2,107,0.3,0.0,0.0,50271.93776565681,17781.066920135112,0.0,1.0,86.0,19.825302844037935,881.6879844821118,823.2880601051506,6039.475649747926,1.0,1.0,6804.7755150062785,420.8433701412186,1.0,3172.0493008574963,1344.0986017149926,37912.583332730814,35401.386584521475,1775.684249552428,0.0,1.0,1.0709349827926602,1.0,58.39992437696117,0.06623649795030866,3.8529033209255594,10.825222194717634,5.159055299214529,0.7514095592719006,0.0,0.0,4,0.041666666666666664,1,0.8829275344912103
29ABCDE1303Z3,434,0.3,0.5,0.1,74807.60890213611,16296.551043026753,-1004.6698687087832,10.0,776.0,26.086430404450137,1334.1703672828298,1196.2133819488336,5285.067945074273,8.0,1.0,5000.0,667.2907903578399,1.0,9643.202070716317,2174.1680644471485,805914.1919105173,721000.9629177554,14177.66290117418,0.0,12.0,1.1177713114960819,0.9,137.95698533399627,0.10340282524409483,8.061439719898395,11.222688249614508,7.348587530927593,1.8974805153791863,-0.013429869682820629,0.0,4,0.3229166666666667,0,0.30486142551801493
29ABCDE1304Z4,1529,0.7,2.5833333333333335,0.125,184010.699253768,35281.02680267154,-1854.9655868740494,24.0,1302.0,84.73170487894828,3171.9012519395683,2957.025400971024,32288.288134466187,18.0,32.0,20701.37518069459,587.4353649130496,15.0,10891.15160338852,2430.1224535811148,2535774.523867973,2370393.7514882833,22201.198945802396,1.0,22.0,1.0697693251493992,0.875,214.87585096854446,0.0677435499724814,3.68314441932494,12.12275461747073,10.668932138591325,1.1957995190189408,-0.01008069375152007,1.0,4,0.8229166666666666,0,0.48688586860050564
29ABCDE1305Z5,1004,0.3,1.8181818181818181,0.09090909090909091,41247.0693953303,8555.91860246874,657.3055668200814,22.0,1070.0,31.349820598633574,839.9153742470298,837.3000277798662,1666.5534591150433,20.0,34.0,6180.733644741403,574.9079285494123,23.0,3892.2858086592596,1448.541690346784,446057.42309657624,445977.87826320954,4979.088775328503,1.0,20.0,1.000178360491055,0.9090909090909091,2.61534646716359,0.003113821400766958,4.648615406092613,10.627359588130107,10.531696131937162,0.06404560716902323,0.015935426226142236,1.0,4,0.8854166666666666,0,0.7357525789315579
29ABCDE1306Z6,1133,0.3,0.0,0.0,771460.4430319,199804.96183298892,659.4385578612603,24.0,1324.0,368.1320992743842,14211.136488966276,12867.02459099398,1298017.2025424012,18.0,39.0,93728.76743029659,545.9817666784252,15.0,57182.107683680566,6136.110408351106,11331846.299404958,10339262.319438487,159762.65873857285,0.0,21.0,1.096001431175641,1.0,1344.111897972296,0.0945815909245459,4.4440816351360715,13.556041972909,10.87804719253426,1.179763712990878,0.0008547913363882691,0.0,4,0.8125,1,0.98
29ABCDE1307Z7,702,0.3,0.0,0.0,40715.14702660151,13204.818278671284,581.4625965254626,18.0,1706.0,19.512172018910654,833.4044594766219,918.5831965371452,1796.2213449730705,19.0,17.0,5416.0501371733135,528.946237712361,16.0,3765.785005332245,1145.4315434539803,660368.3856777789,729706.059480062,12651.727242105433,1.0,18.0,0.9049786240617375,1.0,-85.1787370605233,-0.10220576107069976,4.099557905618586,10.614380025593354,10.332864480690606,0.0,0.014280884587276136,1.0,4,0.7395833333333334,1,0.8228204558554338
29ABCDE1308Z8,1168,0.3,0.9166666666666666,0.08333333333333333,179029.82637594678,33273.174581659216,-1529.9110477254296,24.0,1190.0,93.10769423402549,3354.047125257219,3163.4914711245656,18196.97308334528,17.0,91.0,24259.894972180373,661.4713997729281,21.0,12371.130767122995,2705.1726833212165,2263785.9363109455,2136002.336855799,24246.268061001396,0.0,19.0,1.059823717067297,0.9166666666666666,190.55565413265322,0.05681364841230121,3.9105940003452186,12.09531328438646,11.60433714640434,1.4125711446586056,-0.008545517432359775,0.0,4,0.84375,0,0.34217702976893016
29ABCDE1309Z9,153,0.3,0.0,0.0,33565.84089134701,17781.066920135112,0.0,1.0,142.0,19.8329301486311,723.2406388581512,684.8974016946567,631.6250326721785,2.0,1.0,6879.111236541273,382.1463992133183,1.0,4351.574574680981,3492.2509174333018,49899.01383894027,47336.58403229171,2703.1216729766984,0.0,2.0,1.054132123367849,1.0,38.343237163494564,0.053015877570196664,6.353615247939012,10.421293980432631,5.655991810819852,1.5244584412886764,0.0,0.0,4,0.0625,0,0.746838619379274
29ABCDE1310Z0,1119,0.3,0.875,0.08333333333333333,170113.785150687,29463.242528050338,1262.4739470092475,24.0,1160.0,89.41216761734017,3287.689464981021,3194.6926872761414,36812.479287623515,16.0,2.0,23095.341224890348,732.4360518625379,2.0,8567.19945015978,937.0883406947917,2630196.4578138823,2531607.4701924664,22945.043151069407,1.0,23.0,1.03894323617789,0.9166666666666666,92.9967777048796,0.02828636302042488,2.681697517974521,12.044228694951613,8.155649270366,0.4846904560159186,0.007421306419021445,1.0,4,0.6770833333333334,1,0.8052747649062459
29ABCDE1311Z1,797,0.3,0.85,0.1,134394.369843497,49389.63604506444,3110.822190469629,20.0,1124.0,72.42910870814717,2507.057569955045,2281.7846763953908,17303.30817512367,17.0,30.0,18614.312587019147,644.0582288628768,18.0,10540.254316520824,1440.412153670157,1903851.8216819465,1717221.8545818676,31949.44712159081,1.0,22.0,1.1086813370107744,0.9,225.27289355965422,0.08985549285319909,4.619302787663385,11.808541255908533,10.459525519123666,1.7125048770712044,0.023146795861287275,1.0,4,0.8020833333333334,0,0.5634380744700929
29ABCDE1312Z2,1375,0.3,1.2608695652173914,0.08695652173913043,59473.507617533025,12196.555801045253,-99.96713969055709,23.0,1226.0,32.50840221263993,1119.500785858384,1094.6826092914243,2761.462979539884,18.0,47.0,8132.536037881844,603.5486497620763,20.0,3879.342857286503,914.6684508919456,907737.0967514396,886784.8908697062,8230.748753099651,1.0,24.0,1.0236271570450244,0.9130434782608696,24.818176566959664,0.02216896752594075,3.5438060533340874,10.993303056322816,10.983528455618803,0.47219527462250377,-0.0016808401396682918,1.0,4,0.8854166666666666,0,0.5474683427549701
29ABCDE1313Z3,234,0.3,1.25,0.25,219520.10081610703,33640.66584902894,19249.185316670333,4.0,114.0,167.70604374215407,4593.034779432186,4966.209713870596,12580.211697707537,2.0,12.0,24396.90892008327,694.7367892101538,5.0,5436.490132464732,2518.6322703699702,529633.9050536995,559615.1724508516,25582.347870192923,0.0,4.0,0.946425206332687,0.75,-373.17493443840976,-0.08124800972757788,1.0946960450100698,12.299203638157717,7.309881485824787,0.0,0.08768717560684695,0.0,4,0.15625,1,0.964128261159245
29ABCDE1314Z4,231,0.3,0.0,0.0,27025.580804177604,17781.066920135112,0.0,1.0,296.0,21.333642805493973,785.2111153934303,793.4784522131237,1004.8621208890787,4.0,2.0,5000.0,549.407640975119,2.0,4150.735492048434,1740.1182344792976,138430.4415061862,137857.24558977128,10871.692979089428,1.0,5.0,1.0041578947407712,1.0,-8.267336819693355,-0.010528807676838609,5.231062646340862,10.204576134938325,6.79234442747081,0.0,0.0,1.0,4,0.125,1,0.9220540365975204
29ABCDE1315Z5,403,0.3,0.0,0.0,23419.148354295146,2230.01667014799,688.4911279282915,6.0,666.0,16.286937051356414,549.37476383165,535.3352437886871,1084.9709010080092,10.0,17.0,9095.94417521319,616.3493178278623,11.0,3799.4913314781315,1040.8647248060527,201488.17809130467,195104.87101566582,3185.200633022524,1.0,11.0,1.032717312706797,1.0,14.039520042962863,0.025555451337158846,7.097405552057964,10.061351971644674,9.393161803811788,0.42603292809500004,0.029397385426981098,1.0,4,0.3958333333333333,0,0.5084688447195879
29ABCDE1316Z6,1044,0.3,1.3333333333333333,0.08333333333333333,274725.5216854985,61042.55215788605,5985.433329507115,24.0,1442.0,129.91252776743102,5363.14757527675,5044.289371425222,130064.68348373957,18.0,36.0,31751.354410217733,455.1715543949036,15.0,20325.75730672258,6241.595760512259,4017383.7857638695,3772458.229796484,49282.8469145603,1.0,19.0,1.0649246568279693,0.9166666666666666,318.85820385152783,0.059453557705816826,4.02945901990942,12.523531415240539,10.885397471418095,0.884130212688191,0.02178687843017618,1.0,4,0.7916666666666666,0,0.7685044136636255
29ABCDE1317Z7,1468,0.7,1.75,0.125,193905.75595303698,24004.8929105931,-108.01612978125053,24.0,2106.0,62.65987846654821,3409.564270476879,3188.5209320506465,19551.2762465991,20.0,4.0,20813.74450645419,512.050964500639,4.0,16256.395770951667,3957.2981731631,3715057.8697329494,3484315.2911094315,26650.104663962404,1.0,21.0,1.0662232201581412,0.875,221.04333842623237,0.06483037740048705,5.098412749166625,12.17513268308398,9.262458326238288,1.5808067032600377,-0.0005570519152381228,1.0,4,0.71875,0,0.3790207221642114
29ABCDE1318Z8,523,0.3,2.5384615384615383,0.23076923076923078,56783.905447265046,10484.451664032045,631.9107215848633,13.0,1102.0,21.91057229023837,1054.8494567805164,957.2714318730403,2975.6458953175043,12.0,17.0,9095.94417521319,616.3493178278623,11.0,5744.934788946121,1460.1961098398328,671205.2885100117,608560.2566418092,9887.163109752588,0.0,14.0,1.1029397355224835,0.7692307692307692,97.5780249074761,0.09250421875865768,6.001364500876542,10.947025820223807,9.896160777149667,1.7884979077313956,0.011128146055851154,0.0,4,0.5208333333333334,0,0.2944473764218891
29ABCDE1319Z9,931,0.7,2.9166666666666665,0.16666666666666666,39186.113657637026,14475.58301673818,1474.6037741846076,24.0,2010.0,12.72718906568281,661.4389973008889,684.9636354371345,1039.8428853873697,19.0,2.0,6857.613463939972,365.28969354058626,2.0,3645.5100333752453,902.3926582324707,744749.0622416507,763497.1905360292,11932.801713955667,1.0,21.0,0.9754444043452,0.8333333333333334,-23.524638136245585,-0.03556584693712006,5.322194996598221,10.576103238510399,8.704999678440762,0.0,0.03762981338885182,1.0,4,0.6875,1,0.8185289223568039
29ABCDE1320Z0,117,0.7,0.0,0.0,297490.151339284,17781.066920135112,0.0,1.0,1158.0,38.266081814191615,1416.04014191832,1326.120364264417,6039.475649747926,16.0,1.0,31268.328956897298,1100.4846941355045,1.0,9461.337040282775,3882.2673491433707,161220.47563978238,145173.69572898588,11346.786891132264,0.0,1.0,1.1105350375646086,1.0,89.91977765390288,0.06350086766049436,7.134599011704993,12.603139760128114,7.748460023899697,1.1569634929767398,0.0,0.0,4,0.19791666666666666,0,0.5595702422547771
29ABCDE1321Z1,541,0.3,0.38461538461538464,0.15384615384615385,173332.90035862706,34542.119081125384,5487.203938463942,13.0,780.0,96.9131869539044,3324.8506881708086,2974.5064638329773,82539.73900939066,12.0,30.0,19820.258932160355,535.3693707244379,11.0,15465.017275529133,3361.3532181743944,1435613.3231309417,1312431.46008895,22575.152816606384,1.0,14.0,1.093857749366693,0.8461538461538461,350.3442243378313,0.10537141580050194,5.199187651319058,12.062975073183921,10.094562354324832,1.2194409804242703,0.03165684223980965,1.0,4,0.5208333333333334,0,0.48799901707548543
29ABCDE1322Z2,772,0.3,4.2272727272727275,0.36363636363636365,387920.34309965855,92123.40799154893,7439.177144997609,22.0,2124.0,147.005324716635,7237.123772426041,7631.4147846278975,182699.25392825418,21.0,1.0,45686.99814497445,332.47644246370294,1.0,5070.759688055699,1050.6555597654115,6268566.6051407475,6683306.336667694,96860.25784633523,1.0,18.0,0.9379439291520286,0.6363636363636364,-394.2910122018566,-0.05448172846015616,0.6644586660745824,12.868557874084177,8.354674261918461,0.0,0.019177024614204983,1.0,4,0.6458333333333334,1,0.98
29ABCDE1323Z3,123,0.3,0.0,0.0,153718.60388272375,17781.066920135112,0.0,1.0,1158.0,38.266081814191615,1416.04014191832,1326.120364264417,6039.475649747926,16.0,17.0,9095.94417521319,616.3493178278623,11.0,4386.5052339998365,3773.0104679996725,93384.1784312977,89788.80416321347,2542.3135258659813,0.0,1.0,1.0400425676852623,1.0,89.91977765390288,0.06350086766049436,3.3077730741530225,11.942885467800126,9.945684601235916,1.1569634929767398,0.0,0.0,4,0.3020833333333333,0,0.6915704715748591
29ABCDE1324Z4,393,0.7,1.6666666666666667,0.16666666666666666,142394.94110133132,20094.38891805682,6260.725039391792,6.0,850.0,46.05139932575314,2460.5473763131236,2432.4138020481473,19171.568165958084,8.0,8.0,17395.9823698684,502.2246624600236,5.0,7967.582922843484,1703.713384896342,1274851.5061406146,1264326.5546462862,27380.711952973106,1.0,10.0,1.0083245514820915,0.8333333333333334,28.133574264976232,0.011433868144872501,3.275586956518089,11.866366774051894,8.943636705909594,0.20318178242857385,0.04396701894007327,1.0,4,0.3020833333333333,1,0.8103852484293896
29ABCDE1325Z5,889,0.3,4.6521739130434785,0.34782608695652173,45183.92896155508,10925.16233517023,742.2888410090175,23.0,1042.0,26.96818822495515,928.3074961933066,945.0826458335778,1330.5627457126648,15.0,31.0,5823.475150611289,581.7392637102346,20.0,3907.900619761589,950.2053747591166,661123.5236648025,663494.3359392647,7107.636745989516,1.0,22.0,0.996426778427421,0.6521739130434783,-16.775149640271138,-0.018070682084396262,4.13498294248622,10.718518880166071,10.415592357800499,0.0,0.016427797012596453,1.0,4,0.8333333333333334,0,0.7621802928694649
29ABCDE1326Z6,1526,0.7,1.8333333333333333,0.16666666666666666,331518.8829860075,84915.47006706015,-6820.119139793919,24.0,1724.0,144.7769048314641,6304.745012249267,6175.024184222938,123732.77478191338,20.0,31.0,33882.28183995745,636.9836422515954,15.0,13368.222123751799,1535.260679962785,5549556.470010382,5496668.511210031,67904.70725354877,1.0,21.0,1.0096218206887482,0.8333333333333334,129.7208280263294,0.02057511093221048,2.164885792335411,12.711443065651046,10.918718232265187,0.36877848941561275,-0.02057227783252378,1.0,4,0.8333333333333334,1,0.9623105755502153
29ABCDE1327Z7,1419,0.3,0.6086956521739131,0.043478260869565216,54976.7292334269,9269.861317495697,-281.48930645073193,23.0,1410.0,20.89678651844709,1050.5407335378743,1054.0641943914395,2175.1263473529334,14.0,2.0,9124.566604364485,1190.615721529105,2.0,4009.9946197245276,948.2355799241759,911983.7973294234,914424.8320506598,9732.83459227289,1.0,18.0,0.9973305244611935,0.9565217391304348,-3.5234608535652114,-0.003353949771846884,3.804317271245216,10.91468345918254,8.350666240520924,0.0,-0.005120060620466372,1.0,4,0.59375,1,0.8089010507128968
29ABCDE1328Z8,910,0.3,0.8695652173913043,0.08695652173913043,377644.37988332694,109004.49530349732,11618.915526727624,23.0,1780.0,140.33405411289596,6815.608210233042,5674.122605814698,238269.29658096842,20.0,76.0,42475.114707080094,667.5431741590463,20.0,54818.71554060045,9243.170929165042,5748778.626321471,4746483.68293058,95367.75213797674,1.0,19.0,1.2111657829974996,0.9130434782608696,1141.4856044183443,0.16748110648503872,9.661179242835468,12.841710885808231,11.828735705143345,2.3384898334394304,0.030766735529287485,1.0,4,0.8541666666666666,0,0.43778646082117895
29ABCDE1329Z9,739,0.3,2.1578947368421053,0.10526315789473684,28751.22299602722,7893.388224883156,-583.9254947392179,19.0,1304.0,13.489806727773408,536.897215996878,562.5220323166546,631.1149774193983,16.0,11.0,5228.276176908105,713.5860897157751,11.0,3883.1958580198934,1012.2014649475212,456004.38415570237,479026.2344275867,6079.586381895254,1.0,19.0,0.9519403142932362,0.8947368421052632,-25.62481631977664,-0.04772760140355365,6.9031889151569565,10.266470364837282,9.658864969544794,0.0,-0.020308881675684717,1.0,4,0.6770833333333334,0,0.717721369274868
29ABCDE1330Z0,1510,0.7,3.6666666666666665,0.25,110877.48644762421,25920.456793099856,-474.4399330413824,24.0,906.0,75.63687871045882,2085.554708755121,2197.38354822461,11547.173348022334,16.0,89.0,11410.35174503639,621.943486209277,21.0,3858.790960938622,915.4408095539902,1163936.2454352723,1220571.8478861833,17059.25529780837,1.0,21.0,0.9535991244194318,0.75,-111.82883946948914,-0.0536206693595875,1.7560843959427823,11.616190163966424,11.309952120445402,0.0,-0.004278917833762947,1.0,4,0.8541666666666666,1,0.9093404694334184
29ABCDE1331Z1,1370,0.3,3.4583333333333335,0.25,105361.60700728302,33253.10723391671,1547.295645238374,24.0,1524.0,50.990560955277026,2018.9269262028415,2071.0528051572733,14959.152591710399,19.0,67.0,14320.64163199758,630.6883973713253,18.0,3798.089717319547,1379.6125550738973,1414110.3605247603,1437977.0739379358,29495.91377223144,1.0,18.0,0.9834025772415023,0.75,-52.125878954431755,-0.025818606051517225,1.833893229502241,11.565163079915928,11.54925739421762,0.0,0.014685434322362767,1.0,4,0.8229166666666666,1,0.8486458186102172
29ABCDE1332Z2,532,0.7,0.6153846153846154,0.15384615384615385,53040.54996518524,11483.778870595577,1048.274200727645,13.0,1178.0,19.76694148007481,963.6661887157571,827.5228161710219,6487.718335742212,13.0,1.0,7334.7037391904105,542.3862313196557,1.0,6862.183303969304,1455.7678951704806,525336.7913798976,450652.7091868902,8248.426051179675,0.0,12.0,1.1657242498946903,0.8461538461538461,136.14337254473526,0.14127648571562793,8.292440002706964,10.878830847004139,7.765569081097317,1.6901180637553372,0.019763264863407994,0.0,4,0.40625,0,0.3610476949631996
29ABCDE1333Z3,464,0.7,2.5454545454545454,0.2727272727272727,298925.8907586643,47185.883830979285,-2863.112625036537,11.0,450.0,137.64609435154728,5262.763873879211,5060.693202486834,88147.53398376433,6.0,15.0,38180.07987538271,602.988188502894,6.0,11990.255899876252,2468.3486123126604,2360604.3823773935,2275782.999064267,30959.413973224393,1.0,12.0,1.0372712966693232,0.7272727272727273,202.07067139237733,0.03839630206388682,2.369291205794538,12.607954309961936,8.88405606174246,0.6806059437930251,-0.009577969441859424,1.0,4,0.3645833333333333,1,0.9454043623060425
29ABCDE1334Z4,1510,0.3,0.0,0.0,44431.26465910627,7641.240154280418,-135.54948432585263,23.0,1492.0,20.195844542598394,852.0103155634141,822.0007987452971,944.802764727677,18.0,17.0,9095.94417521319,616.3493178278623,11.0,3896.893654347142,1047.1087219497726,666552.426633846,646704.2719413601,5792.80502540128,1.0,20.0,1.0306912379485342,1.0,30.00951681811705,0.035222011130548896,4.740741931510729,10.701721166026552,10.198914555435355,0.9757952805965564,-0.003050699426775046,1.0,4,0.75,0,0.6067913713454874
29ABCDE1335Z5,817,0.3,0.14285714285714285,0.047619047619047616,141843.0379946523,27453.809480235832,2584.4686335652846,21.0,2170.0,51.47377178690892,2559.355597844182,2517.8300738645617,15539.196798435863,22.0,3.0,11095.3152997411,862.4082230424915,3.0,7569.052191584492,1301.6926715893287,2595481.4385127258,2560027.0362432282,24142.72713958764,1.0,21.0,1.0138492296243582,0.9523809523809523,41.525523979620175,0.016224991952895607,3.0061807070113042,11.862483409002285,9.069237530998182,0.33310938146024754,0.018220495341952424,1.0,4,0.6979166666666666,0,0.7616645154653895
29ABCDE1336Z6,1436,0.3,0.782608695652174,0.08695652173913043,50537.3199156315,16109.763826468723,461.85199292095416,23.0,1008.0,31.077178625041523,962.5304922971775,995.3317610804382,2363.762858053698,16.0,41.0,6734.727297916371,713.8067346042282,21.0,4047.125571225017,1407.390683244531,637815.8802937716,654904.7259794754,8758.796948057381,1.0,22.0,0.9739063637689501,0.9130434782608696,-32.80126878326075,-0.03407816068764447,4.066107130784051,10.830487137723065,10.654384638636976,0.0,0.0091386495176723,1.0,4,0.8541666666666666,0,0.7604431703074231
29ABCDE1337Z7,505,0.7,6.0,0.36363636363636365,27467.161159549476,5203.111988815692,123.61033551495835,11.0,628.0,15.36292834122653,531.4663277216266,540.5246720884023,794.8254470686979,9.0,12.0,5082.20858417507,700.2310021397246,12.0,3768.0191890537612,1003.7284222128325,245548.3583842984,245885.16897586218,2784.555119029285,1.0,13.0,0.9986302118465842,0.6363636363636364,-9.058344366775714,-0.017044060732141673,6.971040146040743,10.220782836897866,9.009080614161977,0.0,0.004500131435699854,1.0,4,0.46875,1,0.7999843279388229
29ABCDE1338Z8,344,0.3,2.1666666666666665,0.16666666666666666,86305.67552474797,18545.120002642485,-5317.020445386274,6.0,668.0,37.29678229487131,1705.8927057869244,1408.3886158348303,9347.238467910978,8.0,3.0,7815.84641506576,868.2980847588175,3.0,14166.495224365419,2994.456018025327,627137.819187841,519673.5017323842,16433.637306394347,0.0,9.0,1.2067919897728356,0.8333333333333334,297.5040899520941,0.174397890877232,10.058655022547274,11.365662226626291,7.89207842124812,3.077003918868691,-0.06160613200611171,0.0,4,0.2708333333333333,0,0.2668701856611841
29ABCDE1339Z9,293,0.7,3.6,0.2,44664.65350855932,11096.590039192011,-3862.022824822815,5.0,732.0,14.493407464803575,791.3747559280677,724.221567534249,365.09544036455077,7.0,17.0,9095.94417521319,616.3493178278623,11.0,6228.071856605459,2777.8838713054215,289954.2869440601,265669.6909729584,8633.061970199502,1.0,7.0,1.0914089818908759,0.8,67.15318839381871,0.08485636911056918,8.599677413377957,10.70696010736349,9.487517459782815,3.5096958131133156,-0.08646515882909296,1.0,4,0.3125,1,0.8030338895218758
29ABCDE1340Z0,686,0.3,6.533333333333333,0.4,33242.352338860066,8121.169914220694,155.7666611468251,15.0,1220.0,16.514997210907705,668.1934288295099,675.0263443243167,625.5125144186997,15.0,15.0,5243.082930903295,645.4503127673772,14.0,3780.1269443912483,950.9509577391867,504685.2525437928,507991.9286321966,6128.391688294653,1.0,19.0,0.9934906916782964,0.6,-6.832915494806798,-0.010225954341957801,5.599969506634669,10.411610096437057,9.880014196350485,0.0,0.0046856484135247845,1.0,4,0.65625,1,0.7790658696924387
29ABCDE1341Z1,642,0.7,1.8,0.13333333333333333,150299.405337581,37385.18316848841,2761.055534192477,15.0,836.0,72.16557839677445,2622.246095202145,2405.2891997731417,24976.49364304573,12.0,61.0,16522.103988527353,669.3059213028182,19.0,10935.249341572906,2705.224723305952,1574957.6947980535,1441686.9242049619,26827.595284139617,1.0,17.0,1.0924408540825086,0.8666666666666667,216.95689542900345,0.08273704585773387,4.54633452917191,11.920391272594255,10.856958455534567,1.372773949214169,0.01837024676008711,1.0,4,0.65625,0,0.5668151499154097
29ABCDE1342Z2,210,0.7,9.5,0.5,53227.82539984184,2076.348129680853,2936.3996852026685,2.0,180.0,34.72321944194826,1069.6865092448859,1013.7066572720092,3693.178538997508,3.0,2.0,5175.310519973639,331.87154409112645,2.0,3358.069961151156,1598.8196618023587,161144.54596681317,157008.76528475495,16010.544874355857,1.0,4.0,1.026341081496676,0.5,55.979851972876645,0.05233295127971091,3.3126644054879484,10.882355359416511,6.297109319933936,0.9210279404778692,0.055165592386177166,1.0,4,0.11458333333333333,1,0.953891065846381
29ABCDE1343Z3,665,0.3,3.8333333333333335,0.3333333333333333,97558.15627928247,20076.40180918946,-152.63351079052367,18.0,834.0,61.90932054444151,1927.2226729179658,2044.4983527792824,7338.342054142093,13.0,63.0,12663.366518219455,660.4909725750821,16.0,3810.2904508221272,984.1693510103578,925760.612257076,979971.7181370736,12770.19893527139,1.0,16.0,0.9446809485654821,0.6666666666666667,-117.27567986131658,-0.060852169035429636,1.8636798829612333,11.488214204068624,10.886314808210527,0.0,-0.001564522661036345,1.0,4,0.65625,1,0.870503110770986
29ABCDE1344Z4,906,0.7,1.5,0.1,68435.68077815752,16471.880142179558,667.323916202722,20.0,2084.0,25.492225385715937,1329.4377239238902,1200.3621667347768,6018.811128975784,21.0,6.0,6877.167295359686,605.6760045815801,6.0,7483.54412303788,1596.6361833668059,1354697.7432976435,1219870.417908361,14398.751918290598,1.0,21.0,1.110525940632664,0.9,129.0755571891134,0.0970903374158374,6.234405190722234,11.13366422855649,9.588434283288215,1.6636140353737323,0.009750968466251323,1.0,4,0.7083333333333334,0,0.44380718574890543
29ABCDE1345Z5,459,0.7,4.923076923076923,0.23076923076923078,67137.76562572579,14117.314761798987,2266.271613089192,13.0,918.0,24.355939899692938,1172.5584459423783,1063.3168368494332,1844.2878997180135,10.0,1.0,5862.441489351656,540.0844570476696,1.0,6925.4910790339,2415.8857496148626,627471.8479241385,570479.7534909666,12977.701284153334,0.0,11.0,1.0999020457508215,0.7692307692307692,109.24160909294505,0.09316517182659345,6.51310205860547,11.114516885284974,7.516433302915632,2.5430565726916523,0.03375503841882993,0.0,4,0.3645833333333333,0,0.5561754429752642
29ABCDE1346Z6,697,0.7,3.1875,0.1875,71882.30700425076,11798.611364236627,1031.2061344033468,16.0,1252.0,28.851249640296484,1330.8216446835402,1249.3043945772595,4380.747428993627,14.0,3.0,7432.672663549439,629.0169976754056,3.0,6409.18771156725,1146.9725109688184,967799.7641608958,904711.9086584755,12184.361799456465,0.0,17.0,1.0697325357372252,0.8125,81.5172501062807,0.0612533245397169,5.130205048014735,11.182799347132608,8.51959031601596,1.2314757112639205,0.01434555778495788,0.0,4,0.5208333333333334,0,0.465596307324295
29ABCDE1347Z7,332,0.3,0.4,0.2,92161.81638216064,20017.184238805734,-3183.9385060182112,5.0,546.0,36.6630236613395,1675.2283427560044,1661.10681042589,4430.802753616814,6.0,7.0,9755.930968801851,646.6731182060406,4.0,5203.878561590923,1261.7899892327127,472993.89131605683,463993.4339167519,13936.469440401857,1.0,6.0,1.0193978119977443,0.8,14.121532330114405,0.008429616410908107,3.1327778135210367,11.431312035165044,8.383890344101816,0.21212488171369107,-0.03454688811608957,1.0,4,0.21875,1,0.9352153230164342
29ABCDE1348Z8,793,0.3,0.2608695652173913,0.043478260869565216,371318.6030548211,91939.10705492998,9495.496328999656,23.0,1262.0,161.33868668297387,6560.670990652361,6164.917921467202,239430.42249332322,16.0,23.0,43051.36298149174,680.7984282883897,11.0,21635.48506653035,4749.409502979937,5417323.85009433,5105454.767630867,61635.57197416512,0.0,22.0,1.0610854657729507,0.9565217391304348,395.7530691851589,0.06032204171631645,3.509452249346618,12.824818434502259,10.319298952698437,0.8087861745131368,0.025572300117959985,0.0,4,0.75,1,0.7821337938804899
29ABCDE1349Z9,293,0.3,0.0,0.0,57277.05312271336,8265.220543383379,4052.739031802562,5.0,516.0,21.569122975927723,983.2408991936154,871.7036767361686,985.1610882986017,6.0,3.0,5279.61784965258,946.2161422579267,3.0,4437.5187047285635,1250.2223987226225,282366.31039761857,249921.3530595329,7355.4773322088595,1.0,7.0,1.1298206693461565,1.0,111.53722245744677,0.11343834715268833,5.090627495508007,10.95567281227745,7.63433723562832,3.55177866526624,0.07075553044933132,1.0,4,0.21875,0,0.5765637133850002
29ABCDE1350Z0,1488,0.3,0.0,0.0,201568.2776782536,38464.55872535617,568.9419033930324,24.0,1332.0,107.68359528267975,4120.99271809653,3847.5933328217707,28930.042813664553,18.0,3.0,24503.6772976943,650.9536335724341,3.0,13033.34846200776,3227.357576659046,3218678.41316012,2992802.3424859433,30720.398727063264,0.0,22.0,1.0754731000666602,1.0,273.39938527475897,0.06634308866263687,3.387402808614726,12.213888411097459,8.5814816812986,1.6073686356472134,0.002822562594589349,0.0,4,0.6979166666666666,0,0.4466920570478007
29ABCDE1351Z1,1501,0.3,1.380952380952381,0.14285714285714285,43117.221117998415,7188.193337094852,-300.94378703980726,21.0,1514.0,20.646205023166235,825.9742297785073,819.2023178569497,1204.9673397006607,19.0,39.0,6390.355215594092,741.595931614006,23.0,3683.2716229106804,1027.9289345736972,710441.0994180947,708100.6368817651,6734.2812689395105,1.0,23.0,1.0033052682266128,0.8571428571428572,6.771911921557603,0.008198696372613895,4.496168458783412,10.671700950511084,11.012050172057405,0.1950040035142276,-0.0069795037744306955,1.0,4,0.8958333333333334,0,0.6073249879850015
29ABCDE1352Z2,1410,0.3,5.909090909090909,0.3181818181818182,55043.20974062458,18231.12129608252,-438.06834689274945,22.0,1284.0,28.602311117212697,1104.087434785926,1191.2480323703926,3085.1200939790683,16.0,47.0,6851.970106265394,524.0182468668922,23.0,3974.7161050033783,970.9541556123821,912716.5345742537,987733.6224336191,14506.3739778269,1.0,21.0,0.9240512966699107,0.6818181818181819,-87.16059758446659,-0.0789435644663109,3.3365982540968657,10.91589195479548,11.029715008237211,0.0,-0.00795848189949468,1.0,4,0.8541666666666666,1,0.8803175696007172
29ABCDE1353Z3,747,0.3,4.875,0.25,38052.79132844973,8735.930473066743,1237.9908793433733,16.0,1904.0,14.453758990228867,697.8690772843221,678.1287785854661,1851.7485694871714,20.0,2.0,5000.0,574.9836944705003,2.0,4026.0018694913315,912.7421431865793,501723.0860684916,487674.8559710602,7261.967624010924,1.0,16.0,1.0288065499490608,0.75,19.74029869885601,0.02828653588674989,5.936928200996451,10.546755999021158,8.65084957622891,0.45861206580509134,0.03253265538400711,1.0,4,0.5625,1,0.7715048594991077
29ABCDE1354Z4,525,0.3,0.0,0.0,50735.08859832974,10383.921279124294,1596.3599389437395,11.0,1164.0,22.99627613009382,1076.0176146708968,983.0335711313498,5817.047433968219,13.0,11.0,6657.490988416244,626.2798012962522,10.0,7092.5045151893055,1201.6592543504837,625340.0374139512,570000.2336417158,10331.297588147865,0.0,13.0,1.0970873352431294,1.0,92.98404353954697,0.08641498268407662,7.214915872127044,10.834392743038228,9.5453830157878,1.2190451734356804,0.03146399304806269,0.0,4,0.4895833333333333,0,0.2853006747446733
29ABCDE1355Z5,1240,0.3,1.9583333333333333,0.125,176362.96582291773,55949.78907245259,674.3857190181534,24.0,1022.0,90.21791957900226,3271.0176380517983,3314.890491215366,27369.21413433884,14.0,23.0,22659.240242379932,663.0264073014094,14.0,4399.532371503528,1053.7043456791541,2388856.416048103,2465025.445577144,44765.9169518712,1.0,20.0,0.9691001041527961,0.875,-43.872853163567925,-0.013412600608811873,1.3272029296782262,12.080305126307486,10.108548596299572,0.0,0.00382382940796016,1.0,4,0.75,1,0.9349365188647799
29ABCDE1356Z6,1328,0.7,1.5,0.08333333333333333,431964.7810108355,99267.51803711132,5077.16724312496,24.0,1294.0,193.60945404370258,7787.750595634516,6949.345494515552,287308.3693110413,17.0,77.0,60611.460092134956,733.2856580445864,20.0,37828.08444278714,9726.518274377242,5542184.3018534975,5112742.639899813,64310.97082902966,1.0,20.0,1.0839943827022163,0.9166666666666666,838.405101118964,0.10765690180023722,5.443402471879,12.976101653465854,11.52297480082323,1.5641522280246711,0.011753632964268537,1.0,4,0.84375,0,0.7505782052482727
29ABCDE1357Z7,306,0.7,0.0,0.0,29944.468454668728,6458.274661862598,3197.883923283569,5.0,242.0,16.570609845805404,507.68459792826854,494.8372977429584,124.706034429627,4.0,8.0,5000.0,409.19997398806447,7.0,4018.0681079554174,2200.922158313361,115083.3755809032,111052.87326233607,3126.837769276107,1.0,7.0,1.036293543788336,1.0,12.847300185310132,0.025305672533176483,8.119978276258774,10.307133288412189,7.690286020676767,1.1458659351726894,0.10679024534628692,1.0,4,0.23958333333333334,1,0.7827290655589356
29ABCDE1358Z8,465,0.3,0.0,0.0,114244.909388754,18440.794449031437,896.9403326664615,9.0,382.0,77.31248961500931,2630.401141873402,2291.8273636155245,19613.671465705083,6.0,31.0,10243.20787362308,579.2684080260495,13.0,7742.497200655755,2115.936196039341,846891.0467250705,763801.8281068219,14355.102975091497,1.0,12.0,1.1087837388713713,1.0,338.5737782578776,0.12871564449547854,3.378307338316007,11.646108504078308,9.413770891980372,2.4174795045768795,0.007850962344869334,1.0,4,0.4166666666666667,0,0.48498181392047635
29ABCDE1359Z9,613,0.3,0.0,0.0,175958.49124828848,33914.528867186185,5350.676512016291,13.0,1076.0,84.26808938003118,3414.549533666804,3062.055050112736,33626.0743065095,14.0,49.0,21198.732115501043,639.665596182592,16.0,14462.12114599934,3353.003393495641,2121688.451516403,1917362.2481287194,27121.584442475607,0.0,17.0,1.1065663014837697,1.0,352.4944835540682,0.10323308538316406,4.723011477362854,12.07800908416664,10.893957682584535,1.9222407645730917,0.03040857002971322,0.0,4,0.625,0,0.2536710713639073
29ABCDE1360Z0,845,0.7,2.5,0.18181818181818182,296422.6821072252,82792.73522913024,7223.772102952403,22.0,1792.0,126.19372947116283,5389.947907370435,5378.583674168793,76158.15980232578,21.0,11.0,26796.61761048688,775.7160752881551,9.0,13339.756510213583,1546.8839860951541,4977441.172001117,4977242.2573484555,67570.43408806069,1.0,22.0,1.0000399648324065,0.8181818181818181,11.364233201642492,0.0021084124368071487,2.4801615663765073,12.599545068359486,9.976552123393134,0.04117930997530142,0.02436975362966901,1.0,4,0.7708333333333334,1,0.8918850003830188
29ABCDE1361Z1,944,0.3,4.521739130434782,0.30434782608695654,134180.2141199691,39759.715425545655,357.81759482580634,23.0,776.0,87.9556976717803,2412.0417335454213,2463.2169374046866,30118.906465164564,14.0,36.0,19556.35661695659,642.732126688114,13.0,3801.3862657287045,977.1443643669622,1409204.3162338468,1463132.1302848428,22596.478962636094,1.0,21.0,0.9631422118790479,0.6956521739130435,-51.175203859265366,-0.021216549924301584,1.5432608504770797,11.806946509518102,10.266358263011872,0.0,0.0026666742969391212,1.0,4,0.7395833333333334,1,0.9108700627370809
29ABCDE1362Z2,1524,0.3,5.05,0.35,57964.32728115547,19492.806963005718,-1529.3718933471619,20.0,844.0,44.57527177059927,1192.6575854953621,1158.6880004037491,4183.010104748168,16.0,39.0,7508.281335239709,673.9658718243415,19.0,3997.658322649574,1120.8097920348266,594605.5980704929,592163.0208171497,9653.07561036371,1.0,21.0,1.004124839220748,0.65,33.969585091613,0.028482261383936083,3.450159422775221,10.967600305274285,10.42821608147111,0.5251627091141372,-0.02638425357160643,1.0,4,0.7916666666666666,1,0.8500590267356674
29ABCDE1363Z3,1281,0.3,0.7916666666666666,0.041666666666666664,248408.84884068905,40251.378862092606,-342.481677241439,24.0,1016.0,178.32778612791492,5034.074399055586,4501.769322310812,71977.56030564567,19.0,49.0,28360.96259236551,768.2038781785066,15.0,15922.133060460881,3700.2520212138934,2560163.390916914,2296483.836537205,24667.950898453855,1.0,20.0,1.1148188156975243,0.9583333333333334,532.3050767447739,0.10574040718282525,3.5368611584673246,12.422835277372561,10.836635401476705,1.9840793190973478,-0.0013786960494512452,1.0,4,0.8125,0,0.519952250103241
29ABCDE1364Z4,253,0.3,6.0,0.3333333333333333,35866.67741401327,18524.781732243886,15909.04506201059,3.0,146.0,19.032215325121452,703.0746187557739,686.2770999780919,40.79630750238777,2.0,6.0,5808.145694448281,743.4070230722185,5.0,3663.5041586527586,1531.5299803188748,151981.01880488123,152524.2202250908,8019.260200834545,1.0,6.0,0.9964385891014035,0.6666666666666667,16.797518777682058,0.02389151639040605,5.338228769063851,10.487591818332746,6.9363427358340495,2.5982215312035297,0.44354823643515395,1.0,4,0.16666666666666666,1,0.9335433790842463
29ABCDE1365Z5,1062,0.3,1.0833333333333333,0.041666666666666664,431717.6149518827,118906.66017241131,6013.497620719066,24.0,1352.0,168.83114434842668,7698.760442256262,7518.5533683485955,374436.480142672,15.0,79.0,47578.01963374133,686.9503730966925,19.0,18188.416569626126,2026.7272729279825,7648252.488666185,7466374.993432025,101787.37241323046,1.0,22.0,1.0243595446778595,0.9583333333333334,180.2070739076662,0.023407284232220278,2.4191377886862164,12.97552930072484,11.59210626284467,0.294497883514653,0.01392920622936146,1.0,4,0.8333333333333334,1,0.9657725502352537
29ABCDE1366Z6,532,0.7,5.181818181818182,0.36363636363636365,27686.390742964068,7448.421051957177,-1462.6349006336252,11.0,698.0,22.237634605768193,677.7650952231758,733.313900670115,484.8970314700415,11.0,12.0,5153.103877983128,602.7282669545713,12.0,3641.5075053934675,914.3483866259531,260331.40333300643,282215.4502560475,7579.289894260866,1.0,12.0,0.9224562407792126,0.6363636363636364,-55.54880544693924,-0.0819587875481372,4.965823642598067,10.228732380701658,9.114600099695346,0.0,-0.05282675114502477,1.0,4,0.4791666666666667,1,0.930825514792267
29ABCDE1367Z7,533,0.7,4.2,0.2,211784.99736049082,65543.46201897117,12042.996221499277,15.0,596.0,132.16218704195063,3856.8346587881997,3303.952930030215,69447.90686433247,11.0,30.0,26108.47838056753,555.9804575706538,11.0,19824.41679997287,5936.4001152661685,1208021.7887917848,1036412.3226668166,35198.11118682313,1.0,12.0,1.1655803027152318,0.8,552.8817287579845,0.14335116168337314,6.000211631281192,12.26333159740721,9.825904317877749,2.097971241956929,0.05686398709826095,1.0,4,0.5104166666666666,0,0.39227786365127154
29ABCDE1368Z8,1105,0.3,2.869565217391304,0.17391304347826086,104843.82165865849,27103.24328871966,1583.710984247853,23.0,1636.0,40.658602121861705,1826.4372980915593,1674.4823372434796,13214.85464489124,19.0,61.0,11942.663653187217,547.4110465963926,17.0,9208.440704042767,1429.4643864909722,1654256.0225054484,1530087.8526659783,21124.234414070972,0.0,21.0,1.0811510068674315,0.8260869565217391,151.95496084807974,0.08319746919692078,5.499276104161023,11.560236647019433,11.527754962416227,1.321804591984796,0.015105285689777929,0.0,4,0.8333333333333334,0,0.20067524514771753
29ABCDE1369Z9,1257,0.7,1.7916666666666667,0.125,77305.73889738695,15164.93244012204,762.3620460211127,24.0,2002.0,25.234307930653035,1380.709366403668,1278.1898166051412,6710.511161944596,19.0,5.0,11749.961396787488,476.63126730901786,5.0,8425.941666552968,1569.3932441763902,1457681.9957012236,1350565.5016514342,12361.423105095424,1.0,21.0,1.0793123279980203,0.875,102.51954979852667,0.07425136114311966,6.5920894980466835,11.255536409267112,9.394160804893874,1.2514010987730502,0.009861521219166074,1.0,4,0.71875,0,0.36814801265960456
29ABCDE1370Z0,551,0.7,6.0,0.2857142857142857,398464.4629750116,105475.43141493427,18233.44774151159,14.0,562.0,199.3557274383249,7541.992853904544,6462.746998637778,485258.5888778246,8.0,19.0,48771.90648105537,634.0753537885918,10.0,37056.786835519866,10302.672238964607,3866862.188363587,3319685.042718404,72079.83705201108,0.0,15.0,1.1648280299498275,0.7142857142857143,1079.2458552667658,0.14309823360652382,5.733906470937315,12.895376105890714,9.329011901693681,1.5492921718083186,0.0457591671945105,0.0,4,0.4895833333333333,1,0.8826426409302105
29ABCDE1371Z1,1418,0.3,2.25,0.125,208651.9757527737,44410.384900810925,-253.00216315749742,24.0,1690.0,82.7069511395274,3799.6973554657206,3556.868298523823,20031.40928647075,19.0,4.0,19689.84952199883,496.02341235829624,4.0,17799.073112309583,2786.0168495189555,3580104.5659991982,3318487.9699627175,36526.75828049318,1.0,22.0,1.0788360839046285,0.875,242.82905694189776,0.06390747320772729,5.004141738870844,12.248427747853171,9.04251326133268,1.71567119903582,-0.0012125499875797203,1.0,4,0.71875,0,0.5395310848735421
29ABCDE1372Z2,836,0.3,0.23809523809523808,0.047619047619047616,31433.597431891427,5901.336190484571,-443.4404795495582,21.0,1950.0,12.531251204852559,614.9710126360923,606.8259798370323,1728.5502104818163,20.0,3.0,5192.586909801793,221.4146084148964,3.0,3852.6648777156042,988.5580311493185,592021.2747612073,584877.5419815752,6152.556995538402,1.0,20.0,1.0122140657947456,0.9523809523809523,8.145032799060004,0.013244580039872236,6.348879259833712,10.35566439436937,8.962391701743002,0.19585120603587625,-0.014106765022531298,1.0,4,0.6666666666666666,0,0.5985593068133087
29ABCDE1373Z3,266,0.3,0.0,0.0,314467.93507811317,34501.38107349565,48792.32103473996,2.0,296.0,130.24838478323224,4980.989316910776,4657.391157048409,33971.34510011068,4.0,11.0,32861.52693307356,759.0594991062578,5.0,21371.70033609305,2813.803878495283,1143437.582136614,1082819.6954504044,42440.77724735392,0.0,6.0,1.0559815146888285,1.0,323.59815986236754,0.06496664402867341,4.588770755007236,12.658640574657717,8.1786387885907,1.7556715830123744,0.15515784102051317,0.0,4,0.17708333333333334,0,0.461512614855758
29ABCDE1374Z4,522,0.3,0.0,0.0,303252.59891959844,73198.97773231761,15197.841957998002,12.0,1146.0,138.7166733895117,5409.271113876912,5188.682733081781,63321.58569356917,15.0,1.0,8741.826540065354,336.6817399006488,1.0,14282.744620026973,3750.1365880245967,2995791.1135408273,2870401.0315948837,62460.201199102106,1.0,14.0,1.0436838199839529,1.0,220.58838079513043,0.04077968660680259,2.752672567348098,12.622324694566371,7.7380522976893165,0.8766037266630499,0.05011594919942699,1.0,4,0.4375,1,0.8917691446921614
29ABCDE1375Z5,445,0.3,3.4444444444444446,0.2222222222222222,80753.80859885902,18835.69955302522,5565.90211938976,9.0,606.0,39.014755632288505,1628.9819535295424,1326.3857856163118,6939.152350160852,8.0,6.0,8092.176615390018,768.5110609142954,6.0,13717.536643470721,4972.556912900868,608407.7335059296,499270.1144068801,11241.466071610164,0.0,10.0,1.2185943359111373,0.7777777777777778,302.5961679132306,0.1857578392796743,10.342041351941056,11.299172788523796,8.354438940114811,3.6322766737779015,0.0689234760871986,0.0,4,0.34375,0,0.12291067003859525
29ABCDE1376Z6,1433,0.7,0.6666666666666666,0.041666666666666664,268876.81211686955,45873.378662299656,-421.77395039527556,24.0,1086.0,132.92036812225408,5008.21252564089,4615.2221264103055,53944.486566241816,15.0,4.0,39020.88632583251,518.9114180584183,4.0,19275.954484403956,4662.44215511826,4096551.1521250717,3795502.9366211165,27917.146358658072,1.0,23.0,1.0793170814332076,0.9583333333333334,392.99039923058444,0.07846919379290805,4.176603846237123,12.502012325341445,8.60061479955531,1.6920156800725132,-0.0015686454269865477,1.0,4,0.6875,0,0.5465871932614025
29ABCDE1377Z7,1264,0.3,2.142857142857143,0.14285714285714285,58976.93162405252,11393.115167182434,55.57387072149869,21.0,1492.0,26.412765293864155,1096.7741149167332,1092.5506527746736,1965.810584085246,18.0,22.0,7349.969978437759,689.0250169258351,16.0,3863.0430724359603,1149.19693263804,930831.5855518419,931441.5066742616,8615.066345851532,1.0,21.0,0.9993451858028127,0.8571428571428572,4.223462142059589,0.0038508039938380863,3.5358022647510787,10.98491861264705,10.44403701346834,0.09523297187292847,0.0009422824638162527,1.0,4,0.7916666666666666,1,0.8006712810586848
29ABCDE1378Z8,1155,0.3,0.0,0.0,227987.46798973347,49588.783599140785,917.6724419031776,24.0,1556.0,75.52056778074721,3850.3888906241095,3493.9863260535567,62793.17683971178,16.0,14.0,25113.509732149192,524.805533092453,10.0,19777.716170818574,4660.268358934288,4209376.434643195,3887831.8140785876,39765.14648539743,1.0,21.0,1.0827053833450904,1.0,356.40256457055284,0.09256274487972137,5.660501881001184,12.33705032766502,10.058566372936209,1.4222670035975018,0.004025082715782367,1.0,4,0.7395833333333334,0,0.44617611006905766
29ABCDE1379Z9,1130,0.7,4.217391304347826,0.30434782608695654,30024.625589916286,8816.465087981473,241.7334122601021,23.0,1428.0,17.806775212898035,628.2389551127795,643.16479508814,1503.036540006683,20.0,12.0,5031.023331781169,657.550064770362,12.0,3860.180994714417,1334.6094846879514,366833.32599026966,373941.5075304478,6774.4741098830955,1.0,17.0,0.980991194085082,0.6956521739130435,-14.925839975360418,-0.023758221062049514,6.001853683837614,10.309806482365307,9.829679535391405,0.0,0.008050903437005659,1.0,4,0.75,1,0.8434855887343077
29ABCDE1380Z0,1272,0.3,1.3636363636363635,0.09090909090909091,65141.98156100256,15858.295064798367,-1267.9697972366735,22.0,1036.0,33.827079894663676,1248.837811532575,1087.485839858863,5819.6650710385575,15.0,51.0,7897.298678090813,601.9939353095434,21.0,6154.687278003206,1017.4718006356298,846489.0559674542,747429.4126092664,10458.897140653142,1.0,21.0,1.1325337773534654,0.9090909090909091,161.3519716737119,0.1292017027220697,5.659556246545683,11.084339849367057,10.895330926810955,2.114890915333023,-0.019464411466172983,1.0,4,0.8229166666666666,0,0.34517036171188303
29ABCDE1381Z1,144,0.7,1.7083333333333333,0.125,75317.20215466128,17781.066920135112,507.1254834504569,21.0,248.0,46.1374730111381,2865.681451940638,2855.365201440486,2755.396047402571,2.0,17.0,9095.94417521319,616.3493178278623,11.0,11917.016707372748,5952.3293063323335,353345.96863189526,351918.284150873,30524.21512939495,0.0,2.0,1.0040568636110143,0.875,10.31625050015191,0.003599929257023927,4.1735525463996,11.22947711305792,8.407824654360873,0.196494803689868,0.006733106592336152,0.0,4,0.375,0,0.5723533167865581
29ABCDE1382Z2,1314,0.7,1.125,0.08333333333333333,502655.79550996626,100972.50427683746,-832.6501059924949,24.0,1364.0,198.89464022011362,8882.60617253512,8073.161906229569,142560.10220194454,16.0,38.0,59661.96374230507,669.4598847137613,12.0,44083.29534128401,5163.440433921389,7800892.173577704,7042253.402499175,80496.53212236195,0.0,22.0,1.10772670730782,0.9166666666666666,809.4442663055506,0.09112688895386804,5.460474576543251,13.127662901109467,10.882471353748706,2.143810673700939,-0.0016564982577182443,0.0,4,0.7708333333333334,0,0.43680283826171945
29ABCDE1383Z3,527,0.3,0.07692307692307693,0.07692307692307693,177309.57689740902,32053.40909573693,3401.940260877813,13.0,1148.0,79.43702181381008,3421.285129197416,3092.5506595350103,37190.125930776245,14.0,45.0,20826.830255879497,777.5796686840725,14.0,21846.27935622046,5420.569498014925,1661614.9763030629,1498812.5312853784,32960.388989543295,1.0,12.0,1.1086209526671527,0.9230769230769231,328.7344696624059,0.09608508418575515,7.064162162991122,12.085658145654726,10.87528867433785,1.7046121571168926,0.019186335752808238,1.0,4,0.5520833333333334,0,0.22924750119733894
29ABCDE1384Z4,703,0.3,1.263157894736842,0.05263157894736842,497746.3358001755,138667.4869419652,11513.227495183733,19.0,1598.0,223.5811282255323,9230.786748440323,8633.345396779707,158733.35547082542,20.0,52.0,53780.16977662294,413.91222696312656,17.0,43987.32944322011,3884.734257859922,6627023.497881688,6142747.065403562,92182.5075071691,1.0,19.0,1.0788371110387418,0.9473684210526316,597.4413516606164,0.06472269026923007,5.095050345098861,13.117847869426283,11.347425626386077,1.4995460679310162,0.023130666237871755,1.0,4,0.78125,1,0.8462950498033175
29ABCDE1385Z5,668,0.7,2.8125,0.125,155036.33553155343,32315.687454521903,2897.1036872439086,16.0,1848.0,53.65506760162352,2808.3910643636405,2700.1958760697075,18580.025472998426,18.0,2.0,12956.227500581177,116.51812112644018,2.0,12333.615807454335,2074.822264145505,2356585.979926869,2281799.0860315706,35614.92230796061,1.0,16.0,1.0327754070694126,0.875,108.19518829393292,0.0385256845696627,4.567674484936489,11.951421241292923,8.621012520055235,0.7937305709391435,0.018686490433488426,1.0,4,0.5416666666666666,0,0.6726315476615163
29ABCDE1386Z6,1242,0.7,0.7083333333333334,0.08333333333333333,187056.67216087712,35558.208928384556,1615.033725557582,24.0,1932.0,73.20791303606462,3429.0194256516925,3306.1085736662535,42243.970113045645,21.0,21.0,22007.928938675752,573.1807522572994,10.0,11252.4153236731,3330.6799655677055,2939564.259807466,2806865.1063818093,30239.067805903152,1.0,19.0,1.0472766408061243,0.9166666666666666,122.91085198543897,0.03584431486913478,3.403522622729514,12.139172255566393,10.657870932566647,0.5980021225793964,0.008633881235133666,1.0,4,0.7708333333333334,0,0.6200890779405254
29ABCDE1387Z7,1107,0.7,1.0,0.08333333333333333,179353.96307201128,47135.87571941963,257.8561849043408,24.0,1576.0,73.60553216821876,3487.220136233632,3336.445669478883,25181.374987402996,17.0,3.0,30191.12565729112,498.91820129288243,3.0,14505.39048231711,2036.168403363941,3710181.5648973268,3548117.4083859622,35643.13526995789,1.0,24.0,1.0456760974505315,0.9166666666666666,150.77446675474903,0.04323629162040594,4.3475578262848495,12.097122155128492,8.74957394808293,0.9501221828469071,0.001437686365003522,1.0,4,0.7083333333333334,0,0.575292163086635
29ABCDE1388Z8,674,0.3,2.142857142857143,0.14285714285714285,49767.273691367634,13564.700698614348,758.0004991706774,14.0,1734.0,18.651674627641214,844.4100847275874,857.8006418160898,2387.1175475648456,19.0,2.0,8240.827098734953,203.35533333477838,2.0,3827.4493950950296,1147.0487739430314,752007.433447399,760808.4287827241,12867.308548600518,1.0,20.0,0.9884320480657575,0.8571428571428572,-13.390557088502305,-0.01585788390106946,4.461933470919021,10.815132985524045,8.557374981049069,0.0,0.015230596581897383,1.0,4,0.5729166666666666,1,0.8624176985681252
29ABCDE1389Z9,1120,0.7,5.166666666666667,0.3333333333333333,71080.63655276672,15630.861906308151,894.7763488076683,24.0,1098.0,44.550894818897,1439.7725568914775,1437.6911202349286,4514.118095614878,17.0,65.0,9474.286279132715,580.7601523403885,22.0,3772.258810400978,1105.4558336158982,990032.403279778,989618.0894525344,11167.119958831363,1.0,22.0,1.0004186603212486,0.6666666666666667,2.081436656548931,0.001445670461342054,2.6238311952462814,11.171584306099861,11.191810696430046,0.03097623580711526,0.012588009958710508,1.0,4,0.8854166666666666,0,0.7379591488184648
29ABCDE1390Z0,547,0.3,0.0,0.0,68575.38445822857,11353.353494357389,1262.3217266733702,13.0,938.0,25.616974244097836,1146.674078576857,1037.7551796925766,4401.683974961471,11.0,4.0,8757.886403530747,525.8716144324987,4.0,7843.150786645861,3197.30845155836,696911.1857269182,626844.8976127531,8392.778144504198,1.0,14.0,1.1117761161987634,1.0,108.91889888428045,0.09498679783488281,7.557804518951481,11.135703504566335,8.454253391642363,1.641513601974619,0.018407528140278073,1.0,4,0.4375,0,0.4558127294010489
29ABCDE1391Z1,1496,0.3,0.0,0.0,151850.97181235166,26687.937876915126,19.430055644389675,24.0,1278.0,76.5152310187578,2937.5260049411895,2814.6190092924858,23817.3784695611,17.0,30.0,17623.825905135116,539.8631658169,11.0,7419.044518524007,1587.6153463041942,2207225.7769266325,2115295.3870289586,22045.168625728627,1.0,22.0,1.0434598356623823,1.0,122.90699564870374,0.04184030896814627,2.635896543734685,11.930661455653674,10.58782100606399,0.7963802973724307,0.00012795392389372472,1.0,4,0.7708333333333334,0,0.7072503730822104
29ABCDE1392Z2,1448,0.3,2.3043478260869565,0.2608695652173913,40610.54806316911,11540.092140476952,194.57271314592253,23.0,1050.0,25.229830003998295,824.236694710934,831.4708993014543,1592.516821657144,16.0,23.0,5143.568119901066,643.5326945053463,18.0,3818.77998828828,900.45239088431,527491.6609100683,521562.1842534027,7572.184343236411,1.0,21.0,1.0113686859125983,0.7391304347826086,-7.234204590520335,-0.008776853344362963,4.592800531559867,10.61180774019927,10.135551201224898,0.0,0.0047910686104177804,1.0,4,0.8125,1,0.8000799490116902
29ABCDE1393Z3,497,0.7,2.8333333333333335,0.25,33808.26102966921,9935.37421712505,1187.6152743556086,12.0,1192.0,14.292716090718123,705.0240203090231,714.7191113689773,1075.3286187628337,12.0,17.0,9095.94417521319,616.3493178278623,11.0,3762.826634393495,1091.6454189206413,445405.4483821168,452700.5276559494,14722.177301723179,1.0,13.0,0.983885419105637,0.75,-9.69509105995428,-0.013751433682649238,5.264762862134964,10.428490038901973,9.97459817999408,0.0,0.035126921978963714,1.0,4,0.5,0,0.7697164317552505
29ABCDE1394Z4,659,0.3,2.125,0.1875,161917.275899175,39993.55263964744,2613.524763865182,16.0,1238.0,66.77822120448364,2921.926327183267,2589.5028628934497,21619.69028074265,15.0,52.0,19196.971524810786,693.9652366983914,17.0,16098.535338862508,2540.836883503123,1959480.4096733108,1728704.4375234833,26658.115720455335,1.0,17.0,1.1334964885497916,0.8125,332.4234642898173,0.11376859888533639,6.2168440010428805,11.994847017168663,11.092351795181264,2.260772664342913,0.016141011564948973,1.0,4,0.6770833333333334,0,0.3595413986840594
29ABCDE1395Z5,1491,0.3,0.0,0.0,72583.74366073462,15041.38644616115,-1008.3814049058186,23.0,1716.0,29.279230875919264,1306.6743268400485,1205.4836823138244,5528.657429698384,20.0,16.0,8063.88712677782,785.1799902181754,12.0,4820.3068900811695,1780.7630932919378,1052865.6427369965,970626.0671863245,11460.177066119086,0.0,19.0,1.0847283813313093,1.0,101.1906445262241,0.07744136579995037,3.99864963815105,11.192510036315753,10.281547204953693,1.360790437141355,-0.013892470429034687,0.0,4,0.7708333333333334,0,0.39971914977075884
29ABCDE1396Z6,250,0.7,0.0,0.0,40984.061649417985,6834.479055913221,-2296.0219988432195,5.0,556.0,16.874674614450583,810.9855158704872,752.734331735267,2890.1431276124686,6.0,4.0,5000.0,444.6364074260464,4.0,4156.147672821186,1885.1498758289515,179220.1387217333,169649.74794760664,5187.995264191871,1.0,5.0,1.0564126436373034,1.0,58.25118413522023,0.0718276504268947,5.521400443155132,10.620962929280656,7.932003152361385,1.0833529295746533,-0.05602094779027433,1.0,4,0.20833333333333334,0,0.7461511016057752
29ABCDE1397Z7,1546,0.3,1.8333333333333333,0.125,217734.64163323093,70163.6397117829,-5694.321002086433,24.0,1556.0,112.82219621577961,4258.574424078935,4101.013066956926,38656.10140176986,21.0,51.0,24076.000895475165,804.3725220016594,17.0,10287.56969295099,1995.1370112070078,3639835.0501843714,3517781.899655937,49059.69187308056,1.0,23.0,1.0346960539368208,0.875,157.5613571220092,0.03699861536553687,2.508543504979533,12.291036952853977,11.301759890415426,0.8013736708951631,-0.026152452393064535,1.0,4,0.8854166666666666,1,0.9078494516986996
29ABCDE1398Z8,168,0.3,0.0,0.0,297483.99567273876,17781.066920135112,0.0,1.0,188.0,111.00293261270228,5371.841979627612,5062.4336859664,5.493187566458775,2.0,2.0,29042.11632650731,1024.9150046400648,2.0,30152.837420948465,22184.222820257564,236891.34381807013,223826.58951161278,9238.176364632145,0.0,1.0,1.0583699833650886,1.0,309.40829366121216,0.057598174859689565,5.956194054360714,12.603119067982465,6.340359303727753,121.42356414294193,0.0,0.0,4,0.0625,0,0.4119033314217985
29ABCDE1399Z9,496,0.3,1.7692307692307692,0.15384615384615385,38995.04657725394,12159.991423873029,-702.2930417356658,13.0,1230.0,16.055948578377176,757.544995925628,761.5947541823664,940.5600300093018,13.0,2.0,7227.139841013071,1057.0847770610656,2.0,3774.93547818833,1186.3165905254632,471929.73330216005,474452.9270442827,10769.41929491673,1.0,14.0,0.9946818881319976,0.8461538461538461,-4.049758256738414,-0.005345897971103487,4.956619589956379,10.571215550159515,8.214194414852564,0.0,-0.018009339494052902,1.0,4,0.4375,1,0.8764555484027878
29ABCDE1400Z0,121,0.3,0.0,0.0,24447.980119070682,17781.066920135112,0.0,1.0,64.0,17.795675263371656,581.9144083730109,557.0088084827752,6039.475649747926,1.0,17.0,9095.94417521319,616.3493178278623,11.0,4501.593013004425,4003.1860260088515,18621.26106793635,17824.281871448806,563.5493943009469,0.0,1.0,1.0447131167603536,1.0,24.90559989023575,0.04279942124112365,8.081726795786626,10.104343781111565,7.064759027791801,0.3204508573697255,0.0,0.0,4,0.14583333333333334,1,0.8035478018757813
29ABCDE1401Z1,178,0.7,0.0,0.0,36584.491753346985,17781.066920135112,0.0,1.0,288.0,19.91214617103688,1006.2727494601264,905.2932829594142,1313.9835042417803,3.0,17.0,9095.94417521319,616.3493178278623,11.0,4929.561218192597,1340.3946567909895,137656.82403513888,122975.33299554528,8304.112918459583,0.0,3.0,1.1193856579361767,1.0,100.97946650071219,0.10034999611674718,5.445264325918562,10.507407040620361,8.556798446008596,2.7846647638416875,0.0,0.0,4,0.1875,0,0.6124855737122904
29ABCDE1402Z2,1099,0.7,0.875,0.041666666666666664,221887.4758974328,44557.8712596668,666.2273867355121,24.0,1142.0,103.96192786710397,4139.39788298205,3775.570225300133,36373.35167450419,15.0,74.0,30264.02681302657,544.0353049632206,22.0,19969.182528321904,3688.1248942489174,2928354.581375645,2641738.4628392616,29166.31219873862,1.0,20.0,1.1084952664952068,0.9583333333333334,363.82765768191666,0.08789385992047055,5.289050749078434,12.309930173806569,11.358899777331121,1.9076472894175787,0.003002532619330233,1.0,4,0.84375,0,0.22633137943558682
29ABCDE1403Z3,457,0.3,4.444444444444445,0.5555555555555556,73142.28570933998,11349.411530154975,333.7563850015672,9.0,522.0,43.770975334554535,1614.8206764504669,1649.2434842120285,3995.7713255570434,7.0,3.0,8806.755381850046,682.9223608299302,3.0,4256.64162656503,1407.1030917119326,636129.5200103538,647586.2021103994,12203.283221962083,1.0,11.0,0.9823086377339267,0.4444444444444444,-34.42280776156167,-0.021316798988000547,2.58096616255468,11.200175614256548,7.645875825184814,0.0,0.004563048839887547,1.0,4,0.3125,1,0.9500372148889554
29ABCDE1404Z4,1248,0.7,0.22727272727272727,0.09090909090909091,80688.48220981358,26556.487582107304,951.5327716930537,22.0,1674.0,34.641264903215436,1601.631647100679,1620.0059888983567,3807.0040362876584,18.0,5.0,9031.22705460546,569.5170661672976,5.0,3940.153011220048,1286.666438818791,1539505.8580018508,1558907.487205673,21143.753069180068,1.0,23.0,0.9875543421511179,0.9090909090909091,-18.374341797677744,-0.011472264444162003,2.432184225380208,11.29836351379152,9.215327913487222,0.0,0.0117925254399182,1.0,4,0.7083333333333334,1,0.877472117400188
29ABCDE1405Z5,870,0.7,1.2857142857142858,0.09523809523809523,228140.16441915583,66311.67424197237,5601.434080091139,21.0,2018.0,92.77811809989203,4553.456273751932,4362.079075085312,75744.58561927426,21.0,1.0,28922.42200939633,296.9561932853474,1.0,16798.413388658853,3934.8822359964042,4515927.684569158,4325932.721047762,60197.37559516645,1.0,21.0,1.0439199996331376,0.9047619047619048,191.37719866661973,0.042028996691985315,3.8510107449921263,12.33771985853641,8.303504798872783,0.6953629216326433,0.024552491850176668,1.0,4,0.6666666666666666,1,0.8147621937920022
29ABCDE1406Z6,1205,0.3,2.375,0.16666666666666666,79246.54340634686,18575.226603571635,-18.674143769971966,24.0,884.0,39.789103048561195,1445.7898627900272,1259.8691445121344,10158.692761531844,13.0,50.0,8349.556763846813,673.9697998828601,18.0,8859.327417663828,2715.6860937700026,971819.5044119563,848952.2606829419,14357.5551547092,1.0,19.0,1.1447280953468144,0.8333333333333334,185.92071827789277,0.12859456485544202,7.031942528519079,11.28033169323191,10.717413277732255,1.8445375518900293,-0.0002356431880067133,1.0,4,0.7708333333333334,0,0.21208682966285375
29ABCDE1407Z7,849,0.7,5.136363636363637,0.3181818181818182,35556.320005549875,7418.690817989241,498.9783180111979,22.0,1756.0,17.16766693550699,693.2768847006834,742.267074287425,1691.2075277624422,21.0,12.0,5321.126313863526,533.7599322418558,12.0,3752.974978684506,945.8230503919468,616039.6816362154,664056.8618607246,6824.7504899683045,1.0,22.0,0.9276911617328034,0.6818181818181819,-48.99018958674162,-0.07066468054519477,5.0560978772867635,10.478901321364493,10.036312445648633,0.0,0.014033068800835276,1.0,4,0.8020833333333334,1,0.7912459202036569
29ABCDE1408Z8,289,0.3,10.0,0.5,282850.6206390286,59469.26365653674,26172.24387587829,4.0,538.0,102.7679353380891,4767.7100297850375,4447.148172196952,24107.67165532589,6.0,3.0,29485.74075476357,601.7048001639245,2.0,28451.842049732175,6798.437567805055,1400758.299293846,1313291.42429181,48003.95389342555,0.0,6.0,1.066601268678201,0.5,320.56185758808533,0.06723602223823552,6.397772448332113,12.552677730431496,7.676009932028888,2.0645490480400817,0.09252994137614982,0.0,4,0.1875,0,0.5901646827397614
29ABCDE1409Z9,921,0.7,1.3157894736842106,0.15789473684210525,36481.10379302329,11314.539906864426,22.781630118867216,19.0,1110.0,23.608614003406537,671.2470066918054,707.9930745598397,665.0749515113396,19.0,15.0,5080.7755687200215,707.6771522521383,15.0,3778.2820082133867,952.3170686968451,414981.29973670025,437349.928185267,5961.005189184481,1.0,21.0,0.9488541622920054,0.8421052631578947,-36.74606786803429,-0.05474298954290277,5.336608709855461,10.504577112290324,9.785604511879411,0.0,0.0006244604271759102,1.0,4,0.7708333333333334,1,0.7981167625135445
29ABCDE1410Z0,1420,0.7,4.041666666666667,0.2916666666666667,44288.977467768964,10383.145018130128,-16.49814908073781,24.0,1220.0,20.522041324441297,783.6929609776118,781.1126900110372,1620.9029349578295,16.0,27.0,5614.65663254588,544.3640163570818,20.0,3586.757389202426,934.0400147942391,551835.2772963747,547772.4499824208,7101.225778019996,1.0,19.0,1.007416998270147,0.7083333333333333,2.5802709665746306,0.003292451374522863,4.59185650812016,10.698513688174033,10.439629984285908,0.06406972882545328,-0.0003725029910603131,1.0,4,0.8229166666666666,0,0.7376406275258268
29ABCDE1411Z1,1083,0.3,5.2272727272727275,0.36363636363636365,58834.42474750904,11512.739584604176,830.5166190853113,22.0,1100.0,27.863812788269005,1021.0399386895713,1022.3063324501558,4075.5657963565054,15.0,24.0,6875.3768865520615,478.77136442604314,16.0,3911.129047416089,1243.1114073362721,659042.9326533707,654944.4452346702,7118.935313026158,1.0,18.0,1.0062577634614978,0.6363636363636364,-1.2663937605844922,-0.0012402979673937283,3.8257897102547616,10.98249941417186,10.22284996159088,0.0,0.014115927991502662,1.0,4,0.7395833333333334,1,0.8747560677793402
29ABCDE1412Z2,413,0.3,0.0,0.0,132637.21232579087,29876.534660431076,-5150.767341938444,7.0,602.0,63.9825147095096,2775.662135346476,2726.8341296713493,6099.5746997207925,7.0,1.0,6016.776386197171,418.88164517659874,1.0,6556.369312367547,1700.7761261977732,1208403.6621644802,1159688.4003902774,23460.347326811327,1.0,11.0,1.042007199311305,1.0,48.82800567512686,0.017591480264593454,2.4043887528860255,11.795380492638,7.095064377287131,0.6251491020847368,-0.03883320840669157,1.0,4,0.2708333333333333,1,0.9474511073521851
29ABCDE1413Z3,797,0.7,0.85,0.05,304107.9456113804,76502.28965797523,7228.5737110213495,20.0,1122.0,160.72686580789252,6176.1993960034915,5846.1701664268685,164845.88675169196,15.0,49.0,36640.019962460356,660.2453314113504,19.0,13574.695045492224,1149.6938955357593,4571580.743630822,4334712.215189104,40473.05083336154,0.0,21.0,1.0546445800050384,0.95,330.02922957662304,0.053435650052065846,2.321980828311908,12.62514128990948,10.935781960166588,0.8128530334186459,0.02376968456646032,0.0,4,0.78125,0,0.7302036939337907
29ABCDE1414Z4,741,0.3,1.95,0.1,498321.051239635,92296.3287030651,5537.233147619089,20.0,1484.0,229.1428879706468,10332.431249359626,9670.394971136835,202306.87447805447,17.0,4.0,70077.29349896112,632.4838832118791,4.0,39203.808469044656,5192.601888158072,7803708.111737656,7280036.445834598,69297.25692558596,0.0,18.0,1.0719325610248402,0.9,662.0362782227912,0.06407362045247794,4.054002818504933,13.119001836229627,8.9126079636709,1.4718901362172567,0.011111756210355468,0.0,4,0.6145833333333334,0,0.5791978659467313
29ABCDE1415Z5,928,0.3,4.565217391304348,0.30434782608695654,42233.90037099456,11092.044530926993,70.99435414982965,23.0,1756.0,17.376551544429443,728.9006268857544,724.1100641627266,1118.2640038082202,21.0,22.0,5577.810599619192,562.1378354649733,19.0,3993.980145678026,1017.3987097199164,631030.5894710493,625623.0842190027,7344.084378618581,1.0,21.0,1.0086433915059208,0.6956521739130435,4.790562723027733,0.0065723125297552955,5.515708651689826,10.65100218123836,10.606857304116247,0.14319249698612796,0.0016809404905945052,1.0,4,0.875,0,0.7071998021491724
29ABCDE1416Z6,1129,0.3,4.173913043478261,0.30434782608695654,40888.67539163604,14547.169183810307,-512.163428700818,23.0,1988.0,16.84897591792189,770.0962990078738,824.9400878887318,1118.737508581672,21.0,6.0,5758.088877367179,542.94332404495,6.0,3966.768004784994,1157.168185112539,849900.0704007967,911789.5716731076,12232.775044180746,1.0,24.0,0.93212304330401,0.6956521739130435,-54.84378888085803,-0.0712167932134125,4.808552842833882,10.61863287475139,9.541297427909285,0.0,-0.012525495098588647,1.0,4,0.7708333333333334,1,0.8532004760505925
29ABCDE1417Z7,686,0.7,0.0,0.0,179886.56420284265,38932.3236407454,4947.16080607971,18.0,1110.0,74.144621111076,3312.713285800761,3018.096670606498,35266.52994229091,13.0,16.0,18156.96491366662,973.6368772201498,9.0,17471.567456476318,4076.747542310399,2279390.1452793083,2099543.400492197,33837.67793203374,1.0,17.0,1.0856599319380347,1.0,294.616615194263,0.08893513859381501,5.7889356648623655,12.10008729138389,9.846229133695847,1.5688077055366658,0.027501405269467386,1.0,4,0.59375,0,0.3938771162111426
29ABCDE1418Z8,636,0.3,1.0714285714285714,0.07142857142857142,59289.70428371294,13571.94527815479,343.1601005725339,14.0,770.0,22.36914992931426,975.1180366353985,938.6870128725994,1186.5086605608053,9.0,16.0,7130.535303248552,723.3359419741504,12.0,4405.827360824932,961.3431393482426,605076.3501036402,564933.5114002698,12078.359259087241,1.0,14.0,1.0710576340282427,0.9285714285714286,36.4310237627991,0.03736062957926892,4.6936063889305135,10.990207815256483,9.480901717619545,1.0571898451935398,0.005787755512744,1.0,4,0.5104166666666666,0,0.770086083444216
29ABCDE1419Z9,251,0.7,1.5,0.25,478947.38226039225,50547.89136078749,36310.607302941244,4.0,596.0,155.08372769210152,8177.8167628646515,7227.166854550767,211468.50149727124,6.0,17.0,9095.94417521319,616.3493178278623,11.0,58147.91674645406,22201.645628639042,2405643.6852614293,2106941.73798073,52548.19028158456,0.0,6.0,1.1417703878071979,0.75,950.6499083138842,0.11624739657053357,8.045741563284894,13.07934810912581,9.282288871288767,2.0672677991688913,0.07581319542530593,0.0,4,0.28125,0,0.46813703691705383
29ABCDE1420Z0,658,0.3,2.1333333333333333,0.2,113065.90888980943,35636.872894671054,-3606.0308581138215,15.0,886.0,75.27983526202107,2183.923922536604,2262.605013606774,13471.852022861374,15.0,68.0,16909.86244671438,622.1143266241953,19.0,4030.9864529166184,989.3131623792556,1057943.7437292389,1105040.8497995404,18918.928232081045,1.0,18.0,0.9573797601429439,0.8,-78.68109107016971,-0.036027395578314136,1.7815687796478903,11.63573503653322,11.02195148690684,0.0,-0.03189289327461952,1.0,4,0.6979166666666666,1,0.9631863406274996
29ABCDE1421Z1,111,0.3,0.0,0.0,31433.027302701612,17781.066920135112,0.0,1.0,78.0,13.556076313754444,529.8865492712621,527.4874032015847,6039.475649747926,1.0,17.0,9095.94417521319,616.3493178278623,11.0,4146.165720300412,3292.3314406008253,20665.575421579222,20572.008724861804,66.16164574211162,0.0,1.0,1.0045482528210452,1.0,2.3991460696773856,0.00452765987922672,7.8602175049778635,10.355646257208196,7.259819610363186,0.03086889769255215,0.0,0.0,4,0.14583333333333334,1,0.8114212026698059
29ABCDE1422Z2,355,0.3,5.5,0.25,189393.06634841318,34799.55043033162,15173.950352187938,4.0,484.0,72.68391364298698,2975.7415431621316,2887.4274907054846,21416.127902595294,6.0,14.0,24111.600136965084,437.6301429570137,5.0,12414.427500191245,2984.972541834688,871142.4159388553,830607.2070975215,23291.48924749239,1.0,7.0,1.0488018987735253,0.75,88.314052456647,0.029677998299140345,4.299476797305837,12.1515851305655,8.892199092039693,0.6034609866632001,0.08011840415461395,1.0,4,0.22916666666666666,0,0.74593552611891
29ABCDE1423Z3,1439,0.3,3.0434782608695654,0.2608695652173913,43938.97175503715,12085.145829974319,-68.42089535671451,23.0,1452.0,19.0783301134351,756.1927411333489,782.7925546837492,1575.1388976244052,18.0,2.0,6482.942503409562,1084.163847773274,2.0,3744.5356294580997,915.7647519645741,668068.7026495495,696256.9364798965,9063.589223842524,1.0,21.0,0.9595146096886878,0.7391304347826086,-26.599813550400313,-0.035175970494683226,4.7835606088140485,10.690579703130865,8.379997952238393,0.0,-0.0015571447277699022,1.0,4,0.6666666666666666,1,0.8977896029304349
29ABCDE1424Z4,985,0.3,2.5217391304347827,0.13043478260869565,34718.064966050115,7598.3438964259,-448.20661435847273,23.0,1588.0,14.72257474512185,625.6570410288931,604.8402587212909,1266.31783523544,19.0,1.0,5000.0,347.9306998085109,1.0,3891.711067134012,1032.0309851738189,580305.1863177414,566881.7819892798,6863.392152111366,1.0,22.0,1.0236793715284989,0.8695652173913043,20.81678230760224,0.03327187411392196,6.434279152253495,10.455044237710327,8.064007347096661,0.5847508033969464,-0.012909524343375884,1.0,4,0.6770833333333334,0,0.6893310855668617
29ABCDE1425Z5,996,0.7,2.0416666666666665,0.08333333333333333,216685.10151283725,40129.147802716885,1841.3063937026327,24.0,1762.0,88.50841067866254,4000.2265157285815,3797.3644650615875,35281.51867820299,20.0,70.0,22420.39267764358,708.9560858627464,19.0,12150.58383674124,3828.8773857831234,3748444.936450855,3557532.237348198,36134.43548700332,1.0,22.0,1.0536643623628732,0.9166666666666666,202.86205066699404,0.050712640864050106,3.1997412807053736,12.286205048470988,11.737452059439185,1.0799932005585238,0.008497574975262302,1.0,4,0.8854166666666666,0,0.5942284582967596
29ABCDE1426Z6,1549,0.3,0.391304347826087,0.043478260869565216,108816.07044224978,24357.90004194719,-62.442298347123916,23.0,1840.0,43.434391672586244,2037.9139197136603,1767.7661125510394,12776.205790379232,21.0,36.0,13275.413584556629,687.786910136147,14.0,13673.801940621759,2706.3075377661385,1739928.9457257902,1515444.4679082239,20642.69129458546,0.0,21.0,1.1481311143835073,0.9565217391304348,270.1478071626209,0.13256095095546447,7.735074138789368,11.59742349854401,11.128982093877303,2.3899207604221284,-0.000573828151165516,0.0,4,0.8229166666666666,0,0.13868784124802291
29ABCDE1427Z7,1291,0.7,1.75,0.125,332397.2472559445,74265.0424594327,2366.1343194908673,24.0,1196.0,154.01210264663717,6172.153507162103,5340.251165674025,156087.3392296471,16.0,50.0,36974.90820852755,603.6544254979387,16.0,41128.40742074062,7738.643971213001,4561130.087045709,3928440.8347631968,51194.859024947495,0.0,21.0,1.16105352705933,0.875,831.9023414880776,0.13478315802138535,7.701586712831991,12.71408906895297,11.019399338282298,2.105654519382485,0.007118371829647343,0.0,4,0.8020833333333334,0,0.215207632462874
29ABCDE1428Z8,448,0.3,2.4,0.2,131914.79068539204,29278.04071979365,84.33391380767482,10.0,398.0,93.92218570255345,2576.216617718807,2763.930512226375,32184.608735553087,7.0,24.0,17012.60158637969,694.8102507934449,10.0,3692.6103426222576,1028.963101668055,801387.3318935675,863022.5672643943,15534.589643355535,1.0,12.0,0.9285821278507259,0.8,-187.71389450756806,-0.0728641734613859,1.3359997027015782,11.789919048639144,9.207837241758064,0.0,0.0006393011281629206,1.0,4,0.40625,1,0.9758590346465466
29ABCDE1429Z9,1043,0.7,0.8333333333333334,0.08333333333333333,906813.0053873841,160573.51321176928,-1800.2629039859432,24.0,1614.0,386.4406525102917,17254.95015883038,13930.810498750163,804656.7890686694,20.0,31.0,112715.01576892384,642.0524124438194,12.0,143826.186247699,28965.43746905132,15470827.244152393,12539122.032543922,127479.627193885,1.0,23.0,1.2338046638352789,0.9166666666666666,3324.1396600802163,0.19264846490321835,10.3243229287056,13.717692642343378,10.852826138456484,3.705728965161744,-0.001985261468493624,1.0,4,0.8229166666666666,1,0.9549386339836448
29ABCDE1430Z0,1339,0.7,2.7083333333333335,0.20833333333333334,458960.1387382746,73816.36837976059,-1704.4025158488214,24.0,1822.0,180.6038722840176,8644.573193492275,8674.387611848779,172401.25377088797,19.0,45.0,58923.62902239208,510.0110337144811,16.0,20143.691625523992,1215.2026653167636,8381163.4690233385,8402957.932582825,67373.72616933803,1.0,20.0,0.9974063343248479,0.7916666666666666,-29.814418356503666,-0.003448917336826793,2.322203310122863,13.036720820400168,11.336880171167758,0.0,-0.0037136096544783228,1.0,4,0.8229166666666666,1,0.8580233629661218
29ABCDE1431Z1,1137,0.7,0.0,0.0,58806.443250491655,9761.44360339475,533.2901000622371,22.0,1132.0,32.60256322238271,1144.0486075063025,1026.8985435370644,5410.160201030133,17.0,52.0,6995.343247408092,573.840852350361,24.0,4850.152187147021,1345.89557322379,651324.0501412882,585942.7320052793,7076.36476565403,1.0,18.0,1.1115831199275288,1.0,117.15006396923809,0.10239955120839804,4.723107475097867,10.982023711768116,11.002916174580129,1.5925656134009571,0.00906841159189111,1.0,4,0.84375,0,0.43696558718646406
29ABCDE1432Z2,1155,0.7,3.0,0.21739130434782608,86003.248533844,21659.81729665462,-1936.4047870412162,23.0,1976.0,32.47935939853206,1609.0556751853796,1447.0973806003037,12982.631680902421,21.0,16.0,8283.195877542135,605.1423179632596,11.0,8228.400665527457,1647.1712476551093,1503122.711166182,1357342.0814124246,18460.380134397696,1.0,21.0,1.1074015399287267,0.782608695652174,161.95829458507592,0.10065425148599452,5.686141634859463,11.362151975571754,10.422549167226833,1.4213633127537353,-0.02251522244600755,1.0,4,0.7916666666666666,0,0.5917922390511725
29ABCDE1433Z3,1300,0.7,5.041666666666667,0.4166666666666667,161488.61020425637,48537.55358911784,-348.9562247509853,24.0,1462.0,81.1707353611239,2921.364495604458,3012.2162592936993,15708.423023902971,20.0,84.0,18046.596025179926,617.5942122689244,22.0,4459.179272781189,2101.836388048278,1896467.8559083722,1938919.0733229134,27947.08498361936,1.0,17.0,0.9781057301469585,0.5833333333333333,-90.85176368924112,-0.03109908531644663,1.4803649170351307,11.992196086474806,11.730895657510441,0.0,-0.0021608586726391634,1.0,4,0.8645833333333334,1,0.9039202081794424
29ABCDE1434Z4,1407,0.3,1.625,0.08333333333333333,513829.94115472824,127044.22179133959,-5229.568055045001,24.0,1390.0,278.56769194007575,10123.15741719504,9237.297172640225,522444.8673130959,20.0,80.0,61077.39728113727,689.1268019041747,22.0,45494.55343232398,5616.249565037385,7721524.709402998,7089697.660456417,97748.32145633176,1.0,22.0,1.0891190399374386,0.9166666666666666,885.8602445548149,0.08750829489721322,4.925093626637176,13.149649582075833,11.632227346595883,1.2255881773354753,-0.01017760441458164,1.0,4,0.9166666666666666,1,0.9673830006834804
29ABCDE1435Z5,446,0.3,4.3,0.4,27074.022184558118,5348.8975352800935,174.10811997134414,10.0,382.0,19.362394106484324,529.1885043205847,527.4450026332742,795.3914837894475,7.0,12.0,5000.0,580.6735029993087,12.0,3588.2337235072555,921.6885021975069,160323.67320215565,160220.00263188695,2700.075140806375,1.0,11.0,1.0006470513579186,0.6,1.743501687310527,0.00329467037374324,6.803048100926096,10.206366891243118,8.512984346642183,0.061781588200239344,0.006430580879473643,1.0,4,0.4166666666666667,0,0.7487012058410063
29ABCDE1436Z6,358,0.3,0.6666666666666666,0.16666666666666666,46732.82430352976,6454.258341672628,1940.008278321493,6.0,570.0,26.332482237188113,981.4457188842816,894.7436405153716,2184.3595765360737,8.0,10.0,5748.002908034638,495.59170233693465,7.0,4530.348268262843,1993.2116545105516,288379.56931742316,262298.7449399674,4516.823493794932,1.0,8.0,1.0994317543662853,0.8333333333333334,86.70207836891007,0.08834118555988399,5.063291945448605,10.752223470640995,8.74528448245438,1.854676014415222,0.04151186655989046,1.0,4,0.3020833333333333,0,0.6335710548694977
29ABCDE1437Z7,834,0.3,1.1363636363636365,0.09090909090909091,38333.43696541048,7532.442254475967,429.29502472424605,22.0,1372.0,19.278239323136876,756.92962199885,712.5006197424718,1452.5910387237727,18.0,16.0,5249.3729725673975,594.2029215272071,16.0,3841.4477205115563,969.9234402498536,629025.4066075805,597215.9488093248,6258.934089977015,1.0,22.0,1.0532629074318502,0.9090909090909091,44.429002256378226,0.058696345030140366,5.391500883044873,10.554103908664855,10.057966749824187,1.1653206486924428,0.011198678230532066,1.0,4,0.8125,0,0.5764090764136971
29ABCDE1438Z8,661,0.7,0.46153846153846156,0.07692307692307693,70893.28076172854,15952.461197155557,3015.9256165601178,13.0,1818.0,21.552554676699536,1216.588797656176,1088.266755416751,4169.816360401517,17.0,1.0,5000.0,953.1229927519433,1.0,8905.719030284734,2306.8339805078317,1224684.088087894,1107363.3135474047,13807.051084243716,1.0,19.0,1.1059460550166285,0.9230769230769231,128.32204223942495,0.10547692242986643,8.183397118360281,11.16894504300035,8.199189359078067,1.9869673396969243,0.042541169529548714,1.0,4,0.5208333333333334,0,0.47792593333435074
29ABCDE1439Z9,221,0.3,5.666666666666667,0.3333333333333333,107665.95967301843,20082.806362585427,16342.31853231998,3.0,358.0,45.84548841015874,2079.443940082532,2023.727272626675,6363.899662207173,4.0,17.0,9095.94417521319,616.3493178278623,11.0,6784.9381457646205,1842.7596541476255,422416.4044291952,407096.19549413194,7261.25945686394,1.0,5.0,1.0376328963636412,0.6666666666666667,55.716667455857305,0.026794022373907295,3.3526939314101267,11.586798034954205,8.773694146384443,0.6983760727930101,0.15178582716509453,1.0,4,0.23958333333333334,1,0.8598571821734334
29ABCDE1440Z0,332,0.7,3.3333333333333335,0.5,46552.93812433179,6909.390256356258,-127.63666216976124,6.0,338.0,25.04055065329165,863.4109577283758,829.3302664341397,626.4255477754183,5.0,11.0,6291.014654916756,529.485105838492,7.0,3583.338473196755,980.2074245437643,213583.13948371357,203574.99709693604,5157.614340503773,0.0,7.0,1.0491619429178327,0.5,34.08069129423609,0.03947215516456033,4.320761725728385,10.74836687900508,8.31090675716845,1.3605900673573186,-0.0027416942005825907,0.0,4,0.2604166666666667,1,0.8526367515907741
29ABCDE1441Z1,1506,0.3,0.9166666666666666,0.041666666666666664,216278.67187183327,39868.32500183736,-1482.0819763776144,24.0,1428.0,93.8673217828364,4214.615648439217,3670.239381319042,33858.794266235476,17.0,21.0,24156.90090199334,683.8097031064331,12.0,23408.376001176308,5962.190588019019,3502797.353296524,3089361.3937696316,34299.9684281962,1.0,21.0,1.1338257027360656,0.9583333333333334,544.3762671201748,0.12916391731278548,6.37788808008583,12.284327626349578,10.355772631288183,2.9584008987190313,-0.006852618017914749,1.0,4,0.7708333333333334,0,0.22701085643185276
29ABCDE1442Z2,172,0.7,0.0,0.0,100520.28915577025,17781.066920135112,0.0,1.0,142.0,43.38858245123928,1566.7381348618103,1513.8512191761783,5790.045558607329,2.0,4.0,10666.440811623084,589.8446940149934,3.0,8979.789119962239,7459.640824982217,125227.64902861277,111182.92179082378,6526.215741356573,1.0,2.0,1.1263209044300195,1.0,52.88691568563195,0.03375606587267801,5.9317514206243755,11.518124816443677,6.5722825426940075,0.6949759075366432,0.0,1.0,4,0.08333333333333333,0,0.7095386038577879
29ABCDE1443Z3,1456,0.3,0.9583333333333334,0.041666666666666664,205490.32633429967,31622.192968258863,450.0235237840363,24.0,1302.0,113.15013933361918,4076.9581339165666,3676.804045681969,48141.02879792303,19.0,63.0,25896.037115624214,598.6703087622682,16.0,17457.926076997766,3204.144786002139,3167226.7955461787,2876042.9775434337,22890.34436484062,1.0,23.0,1.1012445990120283,0.9583333333333334,400.15408823459757,0.09815015879257655,4.748125235964184,12.23315910440868,11.331307660484516,1.8237489888851333,0.0021899879270423513,1.0,4,0.8541666666666666,0,0.3576394732353431
29ABCDE1444Z4,1515,0.3,4.909090909090909,0.3181818181818182,49203.88636829758,18858.68201237316,-1362.9536495642267,22.0,974.0,32.24038343718256,1032.491089026151,1060.984475494903,3007.387510425805,15.0,34.0,6738.178213291882,616.4683680086976,21.0,3957.763582807826,1401.8976408567773,575353.3766382962,590195.8113600292,12770.018351785744,1.0,20.0,0.9748516772975218,0.6818181818181819,-28.493386468752078,-0.027596738385051955,3.730274734662542,10.803748213977663,10.437785532487261,0.0,-0.027699558929219877,1.0,4,0.8125,1,0.8709487483012827
29ABCDE1445Z5,969,0.7,4.291666666666667,0.3333333333333333,54256.950605575934,16038.7020304496,-151.51487481440805,24.0,1592.0,28.405815584418267,1110.2466841073788,1150.856236412315,3629.0104487613976,20.0,17.0,9095.94417521319,616.3493178278623,11.0,3827.2595622724384,1214.520631099831,793582.6361382924,821563.499801425,13256.273188708465,1.0,19.0,0.9659419342876165,0.6666666666666667,-40.60955230493619,-0.036577053447888155,3.3255757245610074,10.90150481560607,10.263746067806213,0.0,-0.002792491664785387,1.0,4,0.7708333333333334,1,0.8374931878807511
29ABCDE1446Z6,472,0.7,0.36363636363636365,0.09090909090909091,165350.8010525786,32434.48410168104,4398.475798716186,11.0,1084.0,57.47330102024416,2832.468000801191,2831.2645724665063,21210.714913964963,11.0,12.0,18240.593472686476,526.7596004707169,9.0,6123.821841754558,1594.1162465601885,1694607.071793442,1670725.0507321032,25747.895157551306,1.0,12.0,1.0142944053247265,0.9090909090909091,1.2034283346847587,0.000424869172165178,2.1629281492473456,12.015830610715774,9.554284623436097,0.008262897053206299,0.026600712969056545,1.0,4,0.4479166666666667,1,0.8776843245097384
29ABCDE1447Z7,1437,0.3,0.4583333333333333,0.041666666666666664,177153.2097635531,42005.689866676235,-1027.174794806933,24.0,2032.0,70.02710316266526,3420.4372516690983,3355.5186353087975,25653.83276639283,21.0,3.0,19679.215323987806,569.7975660608304,3.0,6992.506074043628,1445.1359751135612,2526750.564637505,2487141.910084801,32156.153943710153,1.0,17.0,1.0159253697555817,0.9583333333333334,64.9186163603008,0.018979624996372013,2.0838823544188516,12.084775873847295,9.003562174748238,0.4053075193464383,-0.005798195798891251,1.0,4,0.6770833333333334,1,0.8649233716563463
29ABCDE1448Z8,1129,0.3,0.0,0.0,73439.78838778827,13943.887841153284,1231.8351372520556,24.0,1394.0,37.05303463840971,1422.5719856895005,1295.9506609390858,6556.120810739049,19.0,25.0,10658.583417312018,638.6428147656175,17.0,4990.084810757977,1368.058210258929,892446.5376533873,823514.8269134439,8475.881845931444,1.0,18.0,1.083704274030258,1.0,126.62132475041471,0.089008729276391,3.8505206727098757,11.204234760364587,10.498746232276948,1.5636885650303587,0.016773174203245415,1.0,4,0.8125,0,0.5871353985975621
29ABCDE1449Z9,1173,0.3,1.125,0.041666666666666664,600582.469551773,116546.27223713831,-7665.826482791678,24.0,1920.0,219.44685620429925,11133.879265306063,9933.018930306662,669791.1856322319,20.0,5.0,70037.29296947773,526.7891014867031,5.0,77030.24459986517,16068.460766723012,8547232.399137944,7528315.064527788,130598.1488938784,1.0,16.0,1.1353446721977845,0.9583333333333334,1200.860334999401,0.10785641791009579,7.7549680656339,13.305656910928775,9.352360631996612,1.4673119750021257,-0.012763965162932026,1.0,4,0.6770833333333334,1,0.98
29ABCDE1450Z0,977,0.3,0.5909090909090909,0.045454545454545456,65531.1343704385,16941.46911403954,1311.7316034821336,22.0,1132.0,37.18638620838218,1175.8413873984478,1162.7691230398093,4900.171968574022,18.0,35.0,8427.007470260482,713.3735820333981,16.0,3932.177004944061,908.5576475406051,862307.3259522136,856112.0305356417,8410.570710352651,1.0,23.0,1.0072365475493852,0.9545454545454546,13.07226435863845,0.011117370504844085,3.381734969590723,11.090295902393379,10.616143199484117,0.1867243049260744,0.02001661652079281,1.0,4,0.8229166666666666,0,0.6543915018618363
29ABCDE1451Z1,124,0.7,2.5,0.5,466277.0172570561,19701.766560326232,-27862.505472322053,2.0,112.0,297.7254150195842,8989.620898224231,7683.002342872485,67649.56904158184,2.0,7.0,60305.38751230425,858.0212354075283,2.0,41382.063756231415,22294.08555640454,499354.7443058271,426919.7658291972,23500.033579270104,0.0,2.0,1.1696688330556468,0.5,1306.6185553517462,0.1453474590468937,5.3861839303773635,13.052537338766548,6.806829360392177,5.023577357853872,-0.05975513414985127,0.0,4,0.08333333333333333,1,0.98
29ABCDE1452Z2,1073,0.7,1.3043478260869565,0.08695652173913043,73842.04003604341,16693.130760803564,581.1891779856938,23.0,1780.0,26.09537770062079,1294.3849961632025,1150.339862105482,9334.367192399599,19.0,25.0,8621.501429842052,627.1848330251399,15.0,9802.700570373952,2214.230599111681,1335540.8059808942,1168949.4057170397,12498.517709119162,0.0,21.0,1.1425137815623991,0.9130434782608696,144.04513405772036,0.11128461353051596,8.521569053889815,11.209697038914886,10.743026821311144,1.4908463611567264,0.007870601991765378,0.0,4,0.8125,0,0.18352982919951907
29ABCDE1453Z3,1251,0.3,0.8333333333333334,0.041666666666666664,44314.72778489787,8502.113055827973,-421.6220730027687,24.0,1290.0,24.233712509424084,890.669635195254,846.0797613134721,3402.7593613897598,18.0,2.0,5813.695923310712,784.8868215854635,2.0,3836.086261113335,1176.9233556271897,732579.7280663205,697935.6426560559,5911.079922472304,1.0,24.0,1.04963793692843,0.9583333333333334,44.589873881781955,0.050063314297233104,4.53395345984652,10.69909492202981,8.261784679514752,0.7642876106609422,-0.009514050520602103,1.0,4,0.7083333333333334,0,0.7697781557103761
29ABCDE1454Z4,1376,0.3,5.416666666666667,0.3333333333333333,160602.30609942027,39977.3749080955,-3035.5978329219265,24.0,2280.0,57.90780578359037,2981.768517039262,3019.585900532831,16566.669188511005,22.0,3.0,23184.528160098995,1096.6383122407299,3.0,5704.091773532459,1096.6615664322296,3352752.255103886,3391211.2069230983,34570.79479220772,1.0,22.0,0.9886592283781385,0.6666666666666667,-37.817383493569196,-0.012682870342705158,1.8890311325556013,11.986692666207071,9.118663583404278,0.0,-0.018901216336373317,1.0,4,0.7395833333333334,1,0.951901540091032
29ABCDE1455Z5,1266,0.3,0.041666666666666664,0.041666666666666664,116958.33822313817,25943.229551090946,813.66037465944,24.0,1148.0,63.58468423039057,2289.8917975886975,2003.9445257341479,30651.636833081888,17.0,87.0,14410.253299345502,502.8722383630126,24.0,11737.158610731001,2582.597871676759,1566786.878067216,1360004.793352308,17161.129077406087,0.0,21.0,1.1520451146390491,0.9583333333333334,285.9472718545496,0.12487370458100155,5.85702770710735,11.669581616820695,11.523984092326963,1.6332476332354589,0.006956779911896533,0.0,4,0.8958333333333334,0,0.1434950019173481
29ABCDE1456Z6,1360,0.7,1.6818181818181819,0.09090909090909091,58049.579448443095,11949.898087486788,-318.7056664332499,22.0,1060.0,30.601118709420646,1095.1956051300779,1067.2834503356478,2999.2851950085123,15.0,26.0,7540.977940929631,697.2880363569748,16.0,3822.8065867381138,1045.8082084668622,692526.355827678,678376.464574486,7451.857349435815,1.0,19.0,1.020858464277748,0.9090909090909091,27.91215479443008,0.02548599963667213,3.5818100482452784,10.969069968961543,10.262804004618312,0.5095796726286279,-0.005490137556961071,1.0,4,0.75,0,0.6860537524354058
29ABCDE1457Z7,722,0.3,1.631578947368421,0.10526315789473684,35914.26036265816,7516.274459241967,729.6277399554822,19.0,986.0,17.153956505119893,654.1417630559968,646.9198611015584,626.8633062618941,13.0,20.0,5414.1086786564965,537.1437842473257,17.0,3978.9514992065783,961.2018957817029,436783.4984661509,426241.2674326702,6646.077112329466,0.0,18.0,1.0247330135277104,0.8947368421052632,7.221901954438408,0.011040270415848971,6.150609586218798,10.488917563895354,9.939192477156904,0.2882166306080532,0.020315256873763086,0.0,4,0.6979166666666666,0,0.5593816740184052
29ABCDE1458Z8,944,0.7,2.5789473684210527,0.21052631578947367,59070.45538237295,14083.340789301175,1015.1293986925383,19.0,1388.0,28.925383728793044,1058.7899350970517,1054.285465722145,2977.6202080619437,19.0,38.0,6558.039341255961,592.2894828997844,19.0,3841.362686459174,910.5797164034195,790588.7689735846,786737.8462137389,9834.966450553491,1.0,21.0,1.0048947979029847,0.7894736842105263,4.504469374906648,0.004254356058356142,3.6435698028218457,10.98650309826377,10.89990098888399,0.0825346041687762,0.017184770412740753,1.0,4,0.8125,0,0.7245044985823271
29ABCDE1459Z9,831,0.3,1.5238095238095237,0.09523809523809523,135698.93017949208,44216.64701714816,3289.273914104494,21.0,1112.0,65.21901133839104,2139.19136208528,2126.899261931828,3971.2157788937666,17.0,67.0,16990.671693476786,413.96942516943534,19.0,4073.382553877345,1412.3712713417217,1611786.1037970567,1608763.0210324535,31733.013119186107,1.0,21.0,1.0018791349161313,0.9047619047619048,12.292100153452338,0.00574614331906708,1.9151741818639583,11.818201331301768,11.234322056451653,0.1950337063551549,0.024239319134164095,1.0,4,0.8125,1,0.8591953199349815
29ABCDE1460Z0,347,0.3,4.0,0.5,29802.8413708254,5476.421537529622,-335.08861674843104,4.0,632.0,14.270247368288949,627.7563517178322,660.6431249619701,450.4012701022462,7.0,5.0,5131.212022125628,521.5242626798923,5.0,4020.0579087391943,1254.3363961343734,216018.68801987453,228862.23878169173,6200.340537954149,1.0,8.0,0.9438808654927628,0.5,-32.886773244137885,-0.05238779847331602,6.085067348533459,10.302392569247207,8.242229891372231,0.0,-0.011243135157619145,1.0,4,0.25,1,0.9197582125076145
29ABCDE1461Z1,712,0.3,0.7368421052631579,0.05263157894736842,216252.44000075693,57363.229481615264,6794.305587165307,19.0,1078.0,117.8694369317278,4147.483627168262,3793.969686106899,39848.3463983629,16.0,76.0,26522.872722754546,573.1664747177955,20.0,15208.058677339537,3796.161647535134,2493062.6374542317,2280112.271646278,33543.538184387464,1.0,19.0,1.093394684312716,0.9473684210526316,353.5139410613624,0.08523576530734318,4.008481863476606,12.284206332185553,11.327595387111819,1.7709077717700175,0.03141825437385655,1.0,4,0.7708333333333334,0,0.4269165561123863
29ABCDE1462Z2,1329,0.7,4.75,0.375,162067.32447823093,55784.70853669089,-1643.7531194640587,24.0,706.0,118.23829864052668,3192.8306508609344,3228.418490693822,18965.48349637306,13.0,82.0,21991.969513603337,496.8874646241414,21.0,4130.221877832027,1043.7375598668964,1482959.5592275702,1496386.596028071,27052.432726799256,1.0,19.0,0.9910270268150352,0.625,-35.58783983288777,-0.01114617207251241,1.2793328652210751,11.995773281338904,10.97987127369317,0.0,-0.01014234659830057,1.0,4,0.8020833333333334,1,0.9549672197666135
29ABCDE1463Z3,1007,0.3,2.2916666666666665,0.16666666666666666,93666.13334574465,19210.82391785715,694.7219219609706,24.0,1690.0,36.313482876537286,1692.9819575062277,1375.5073455611728,9914.671028491395,20.0,23.0,10232.07158199825,588.2387449888424,12.0,14949.228048797519,4391.083882792402,1274181.2355121723,1033518.3847845532,15840.817794612161,1.0,19.0,1.232857832304345,0.8333333333333334,317.4746119450549,0.18752391928186693,10.868155736891834,11.447502641974273,10.611129179246525,3.188217535632599,0.007416923067311232,1.0,4,0.78125,0,0.12558525717249122
29ABCDE1464Z4,1100,0.3,5.041666666666667,0.3333333333333333,39329.022126244454,10639.229472333127,167.4850970712463,24.0,2154.0,16.299271312331594,779.0184859346307,816.8283507363811,1937.3847965461562,22.0,2.0,5064.718857048654,620.0500297534328,2.0,3822.5174467605293,953.4139060581837,823080.0218685309,859562.0516295413,10261.98037358361,1.0,22.0,0.9575574216057485,0.6666666666666667,-37.80986480175045,-0.0485352600540511,4.6797071175535,10.579743428005012,8.774158291205957,0.0,0.004258454178684163,1.0,4,0.7291666666666666,1,0.8815940962568489
29ABCDE1465Z5,355,0.7,2.6666666666666665,0.3333333333333333,210341.9383101585,93567.75802868415,-24180.054449000458,9.0,858.0,60.54862753887017,3234.3635941809084,3259.476709362918,19772.421125920253,8.0,17.0,9095.94417521319,616.3493178278623,11.0,6868.25662241013,1734.1354939152054,1786864.4273217274,1831740.9609314401,93988.64320683673,1.0,9.0,0.975500611403649,0.6666666666666667,-25.11311518200955,-0.007764468789839122,2.107165424032917,12.256494517312564,9.64614067988042,0.0,-0.1149553897233577,1.0,4,0.3854166666666667,1,0.98
29ABCDE1466Z6,1108,0.3,0.5,0.041666666666666664,156184.92534676022,34627.659975337425,-1190.5028660385544,24.0,1466.0,72.67010576590773,2918.5193152949723,2688.553055906119,43793.0740374115,19.0,63.0,19227.03106132586,644.278232770526,22.0,11513.789634687044,2751.973300682821,2368597.0565837314,2177752.9282680238,28321.859721028086,1.0,21.0,1.0876335078412622,0.9583333333333334,229.96625938885336,0.07879552421794092,4.282522753045158,11.958802405713026,11.449857861502654,1.098895631607577,-0.007622344096597876,1.0,4,0.8958333333333334,0,0.5780271419254865
29ABCDE1467Z7,1353,0.7,2.3333333333333335,0.25,196129.7761789275,68114.25332632837,-5036.6843866092895,24.0,1130.0,111.43944110258298,3593.9233353647164,3033.7907933678507,87534.91189180802,19.0,62.0,23324.766174723045,703.3811711654279,17.0,18079.913274620696,3335.726424812425,2092710.2604557816,1774243.4547616732,40239.14287213656,1.0,20.0,1.1794944232931588,0.75,560.1325419968657,0.15585545091768704,5.959512209656998,12.18653694111944,11.173992202507653,1.89320513801636,-0.02568023481441989,1.0,4,0.8333333333333334,0,0.568872379243107
29ABCDE1468Z8,486,0.3,5.25,0.25,135276.33080114186,11160.004621494452,-516.9813398013148,8.0,1082.0,56.48485813619075,2619.372135730143,2473.679239549723,18109.42079569366,12.0,21.0,14641.777004539808,526.4356217936972,9.0,9530.70980692154,2606.9021741749134,1394483.342102827,1317134.107364231,15121.294379138411,1.0,12.0,1.0587254056410267,0.75,145.69289618041967,0.055621304889466636,3.8528478771792534,11.8150822524578,10.078532700359307,1.0826151641636488,-0.0038216406011239174,1.0,4,0.4270833333333333,0,0.6416137021625661
29ABCDE1469Z9,932,0.3,0.8181818181818182,0.09090909090909091,64001.6249122005,14310.841960576476,1330.0025253538506,22.0,2034.0,23.002087779428155,1145.6640426689087,1082.252459395704,8264.761491464287,21.0,4.0,6936.865563267998,526.668448971791,4.0,5603.754592817692,2525.721138714775,1143622.4226556844,1072041.4859684869,13398.99818748548,1.0,21.0,1.0667706778367174,0.9090909090909091,63.41158327320477,0.05534919567300273,5.177862655028434,11.06667937575388,9.227689010310796,0.6974726175714461,0.02078043716454384,1.0,4,0.7083333333333334,0,0.6243328347487486
29ABCDE1470Z0,1414,0.3,4.416666666666667,0.2916666666666667,41663.05225868119,13637.285546248935,163.98457516747052,24.0,1712.0,19.55576587276498,803.4965186865757,870.4770400221066,2109.510589238546,20.0,14.0,5603.6397016520405,521.8973951168101,14.0,3859.2123319686093,944.6100251978644,643133.0524408851,700951.3619586264,11124.862049193345,1.0,20.0,0.9175145200428985,0.7083333333333333,-66.98052133553097,-0.08336130870239455,4.433445288655288,10.637393979856078,10.15405169942633,0.0,0.003935876763722675,1.0,4,0.8125,1,0.8956588523832553
29ABCDE1471Z1,553,0.3,4.846153846153846,0.3076923076923077,101418.1476076443,19137.431182744964,-634.563373265204,13.0,782.0,40.65141646694307,1799.2914834127791,1732.8649251593852,21933.640825725233,9.0,9.0,10460.24304994227,718.9965863426012,7.0,4274.61584317919,1300.7327843160604,1056414.6646557061,1046276.5208291305,20619.298148005975,1.0,13.0,1.0096897365321182,0.6923076923076923,66.42655825339398,0.03691817521828114,2.4667911394109496,11.52701718473515,8.965717788984849,0.44851449943267946,-0.006256839938352772,1.0,4,0.4375,1,0.92769361647908
29ABCDE1472Z2,1248,0.3,4.333333333333333,0.25,59364.64652813761,16426.561122665866,172.51960062218268,24.0,1226.0,29.895485292400135,1065.4388419226707,1090.5532150468919,2292.2604187373036,17.0,45.0,8179.41723162404,587.4211110372177,20.0,3748.1101468265215,1061.1733440992268,875694.7539201573,894436.8289688021,11741.53688306113,1.0,23.0,0.979045948867901,0.75,-25.114373124221174,-0.023571858032602092,3.4368888148803993,10.991470996769767,10.940968841200007,0.0,0.002906051070132174,1.0,4,0.875,0,0.7244008937982029
29ABCDE1473Z3,295,0.3,0.75,0.25,44085.82486195702,9853.793408424835,7293.06794432927,4.0,378.0,21.275916479258182,778.4702507944623,829.9890350374562,701.626859035566,5.0,15.0,5517.398356630078,659.6058607854468,7.0,4037.5557829003787,2274.4336733727923,174270.03569255074,186871.4727633602,4427.322036323646,1.0,6.0,0.9325662880242457,0.75,-51.51878424299389,-0.06617951577522295,4.864589304746863,10.69391626083379,8.710124927322207,0.0,0.16542511208654842,1.0,4,0.22916666666666666,1,0.9098088433104635
29ABCDE1474Z4,346,0.3,0.0,0.0,41940.79895385803,4741.2840603585355,-462.89623330423666,6.0,444.0,23.10388763219798,746.1659911956989,719.2805957608588,1230.7790568081962,7.0,15.0,6123.097024158415,410.54785790851815,9.0,3768.020903020033,937.6823180974984,220287.4199481881,212144.3860858181,4800.55917291229,1.0,9.0,1.0383843947634603,1.0,26.88539543484012,0.036031386785341735,5.238596627278956,10.64403819704717,8.87066300440602,0.7660374830393142,-0.011036632782811454,1.0,4,0.3229166666666667,0,0.673753565668161
29ABCDE1475Z5,1018,0.3,1.2916666666666667,0.125,107947.0092584637,32028.847406778343,1208.2318722725506,24.0,1106.0,58.55185266700537,2069.0029983167965,2248.220271663733,6712.005061245233,15.0,17.0,9095.94417521319,616.3493178278623,11.0,3787.150333589431,1041.3287831981763,1469396.2755699365,1585977.8413862505,16597.99870636171,1.0,21.0,0.9264923110688521,0.875,-179.2172733469365,-0.08662011292044322,1.6845103575135256,11.589404994443255,9.899780690604802,0.0,0.01119272027870045,1.0,4,0.7395833333333334,1,0.9499274038166439
29ABCDE1476Z6,748,0.3,2.5789473684210527,0.3157894736842105,35486.597554697306,10879.79048777934,1478.635859644755,19.0,1210.0,21.601664570043404,710.8103755480766,741.3015205492853,1491.5456342206958,18.0,26.0,5359.0501414216815,584.8283815416652,20.0,3732.6285486725483,1383.9648880260336,457433.6031973296,478504.6578296208,8119.912656147369,1.0,19.0,0.9559647867841782,0.6842105263157895,-30.49114500120868,-0.042896313911707055,5.035236601034849,10.476938549765045,10.395038609557421,0.0,0.041666271078669735,1.0,4,0.7916666666666666,1,0.8412602714439036
29ABCDE1477Z7,730,0.3,5.866666666666666,0.26666666666666666,52895.878802053376,11271.488871738378,1081.4467057112915,15.0,1436.0,22.481208449618766,941.9024479505324,957.0984540290292,2662.5431215769063,17.0,11.0,6125.549943722028,765.527885495423,10.0,3810.9834997492167,1223.6599468713848,756136.7865136258,773108.2972203948,11325.488730519271,1.0,19.0,0.9780476929716214,0.7333333333333334,-15.196006078496794,-0.01613331201289634,3.981809273336918,10.87609961425417,9.755219535867026,0.0,0.020444433210477276,1.0,4,0.6354166666666666,1,0.8130692915238623
29ABCDE1478Z8,606,0.3,2.5714285714285716,0.14285714285714285,56593.602029433016,22037.09237311479,2142.0056790032777,14.0,1096.0,26.417787826699644,1092.7757132767829,1134.44701426651,5983.476339949625,13.0,10.0,6468.320839875631,764.772681556953,9.0,3637.2725869536293,955.3088490075709,567204.156412977,589642.5377766144,17701.856313387096,1.0,13.0,0.9619457893111875,0.8571428571428572,-41.671300989727115,-0.03813344356342996,3.2062075541759443,10.943668889138502,9.3982297330736,0.0,0.037848232909020015,1.0,4,0.5104166666666666,1,0.9167383811230784
29ABCDE1479Z9,1453,0.3,0.0,0.0,59456.871227728836,8840.500798047904,58.038460373640106,22.0,1492.0,30.357987114950006,1109.1837389224465,1047.6789646730492,3161.2522139643893,21.0,16.0,6470.932272552333,729.2800039649345,12.0,3877.255663115259,1159.272442175447,800380.0396801183,754189.8106494999,6298.878356464999,1.0,21.0,1.061244833035917,1.0,61.504774249397315,0.05545048317165935,3.7008051071496313,10.993023294157554,10.141756141595407,1.0937311371926082,0.0009761274525175605,1.0,4,0.7916666666666666,0,0.5931158615258759
29ABCDE1480Z0,1082,0.3,1.7083333333333333,0.08333333333333333,189672.08676017603,35038.59262945096,840.1800378637078,24.0,1468.0,81.94186079291701,3640.485246746745,3435.4354381945595,40132.040730332505,17.0,27.0,24452.50160693388,606.2386784934403,13.0,15800.108036243333,3474.9303530478287,3657840.3504200187,3440047.525279255,37089.97499035683,1.0,23.0,1.0633109931012024,0.9166666666666666,205.04980855218537,0.056324856345846885,4.59915731804491,12.153057273218147,10.624541686349081,1.0235482856311549,0.004429621788809908,1.0,4,0.8020833333333334,0,0.4879831134051685
29ABCDE1481Z1,1307,0.3,0.0,0.0,70172.04434705449,14320.514298185397,582.5227189436237,21.0,1942.0,24.41380345117255,1302.6675397613274,1192.6801603532565,3775.8150135531127,19.0,17.0,9095.94417521319,616.3493178278623,11.0,6819.22923036586,1439.5273231417214,1255890.7039481974,1151438.9555349238,12377.379889532142,1.0,20.0,1.0907140998757927,1.0,109.98737940807086,0.08443242504393912,5.717567422557018,11.158719532613107,10.462360207273605,1.7896990090443807,0.00830123196683108,1.0,4,0.7395833333333334,0,0.3485948374156711
29ABCDE1482Z2,542,0.3,2.6153846153846154,0.15384615384615385,27896.542901050838,7269.227076663851,-103.96471099685525,13.0,916.0,14.441502197246072,614.0168185461023,588.5664553336617,797.4571452649516,11.0,5.0,5035.160287115021,618.894586377172,5.0,4040.6289731379666,1860.5638039624873,333785.7890172467,319975.30399662605,7499.238761445172,1.0,14.0,1.0431610966475284,0.8461538461538461,25.450363212440607,0.041448967591316416,6.865204322334868,10.236293895868544,8.61286694148452,0.9006751465284534,-0.0037266619273821112,1.0,4,0.4479166666666667,0,0.6576409002568777
29ABCDE1483Z3,1453,0.3,1.1904761904761905,0.047619047619047616,101773.82243727215,25725.832593433253,-2652.1102402313113,21.0,1592.0,40.65279673437965,1983.2395708959234,1823.775276229512,11930.005450571296,17.0,2.0,9093.691846609652,224.9363885844093,2.0,12821.202160422796,2284.22947451836,1891783.0426238107,1722621.4035504279,24073.801988314408,0.0,21.0,1.0982001261128709,0.9523809523809523,159.46429466641143,0.0804059665844474,7.030033978160651,11.530518028710086,8.471986598578159,1.4599061369827675,-0.026058608374049604,0.0,4,0.6354166666666666,0,0.37391047624136203
29ABCDE1484Z4,804,0.3,1.4,0.1,40536.41135587636,12375.905423578726,709.5522226153612,20.0,1384.0,16.083911445975698,710.1144858517899,681.1438542251079,1422.0880365098553,16.0,15.0,6021.43342280191,606.3712468433163,15.0,3839.111729646074,962.2968930641756,700503.080714146,669720.1359026155,9317.300287946393,1.0,22.0,1.0459638932164446,0.9,28.970631626682007,0.040797128074258934,5.636271553846105,10.609980563894128,10.00604414086122,0.7679661539537829,0.017503639203456527,1.0,4,0.7604166666666666,0,0.6507012919865879
29ABCDE1485Z5,498,0.3,4.5,0.25,165513.95322312036,39757.134057592244,-156.50896309072064,12.0,1134.0,66.00730456421793,3172.8873595472073,3064.802921771387,21077.493858537797,12.0,14.0,16828.72755212992,481.153822564233,7.0,14200.98452028483,3046.013064283695,1936519.5126215466,1863614.285561826,35409.02907977651,1.0,13.0,1.0391203413842376,0.75,108.08443777582033,0.03406500941503474,4.633571842223702,12.016816821519107,9.742438131017714,0.7444634490262629,-0.0009455880574109863,1.0,4,0.4583333333333333,0,0.7030328678710923
29ABCDE1486Z6,178,0.3,0.0,0.0,37310.19082921036,17781.066920135112,0.0,1.0,170.0,26.789115249892316,778.6414113435418,739.4084528170227,440.374308309204,3.0,2.0,6594.159023640057,854.8846525953884,2.0,3735.773111439536,1327.3421197072782,41019.88369792758,39526.88938994233,1478.9413410261425,0.0,2.0,1.0377716114530668,1.0,39.23295852651904,0.05038642686473967,5.05238085554319,10.527048582865078,6.24027584517077,1.8674437717153671,0.0,0.0,4,0.08333333333333333,1,0.7755787786797392
29ABCDE1487Z7,1136,0.3,1.5416666666666667,0.125,514956.2019609888,159710.347058181,12290.717951149869,24.0,1134.0,228.23364672961634,8981.039496806503,8273.424195952492,258345.59142615992,15.0,60.0,62183.780235452716,596.6659907889804,19.0,35170.65640016749,7504.79162941047,7590904.666854563,6959786.592521467,106429.29356013113,1.0,23.0,1.0906806646932614,0.875,707.6153008540114,0.0787899108010411,4.251039904054915,13.151839073204258,11.145261794088814,1.3921814642219557,0.02386745520665806,1.0,4,0.84375,1,0.8681346378715514
29ABCDE1488Z8,1542,0.3,4.136363636363637,0.22727272727272727,46978.41722093936,7615.419330039694,-47.746580590822504,22.0,1554.0,19.951228702997636,855.8323612858289,866.6237167396336,1716.0786274118018,18.0,2.0,5187.386753779806,755.7769308233642,2.0,3863.7618455713036,1005.4217959189313,647147.4723490626,650022.4493925079,5588.876979749863,1.0,19.0,0.9955771111503423,0.7727272727272727,-10.791355453804613,-0.012609193040552179,4.458407692911228,10.75746485330283,8.447843113281444,0.0,-0.0010163297762140228,1.0,4,0.6354166666666666,1,0.7810889339807024
29ABCDE1489Z9,504,0.3,0.0,0.0,165965.92693172218,37366.644866568095,3179.707212069019,10.0,698.0,80.94470004895503,3213.97704616474,3063.734135409772,87552.1360218225,9.0,19.0,18902.62555311094,698.2009770531437,10.0,8671.074250119944,2836.140943279198,1199342.899301196,1148960.9733616533,28115.835905509568,1.0,9.0,1.0438499889096617,1.0,150.24291075496785,0.0467467279936718,2.830230648900674,12.01954381213761,9.5453830157878,0.507759591184383,0.019158679809605273,1.0,4,0.3958333333333333,1,0.7957433576469499
29ABCDE1490Z0,1551,0.7,5.285714285714286,0.38095238095238093,40314.24035066675,7904.160761998168,-386.19935399057897,21.0,1252.0,22.377160897248306,774.6317973965363,781.8240605676237,1536.700089883754,18.0,20.0,6178.723082260958,490.9052992115524,15.0,3731.1576009497576,1280.2717244588534,514293.4683698679,525389.3084687297,5321.5317831597595,1.0,20.0,0.9788807272626062,0.6190476190476191,-7.192263171087461,-0.009284750761923243,4.772374999869976,10.604484848918707,10.177818392619491,0.0,-0.00957948782225707,1.0,4,0.7708333333333334,1,0.8289362358848945
29ABCDE1491Z1,1457,0.3,0.6086956521739131,0.08695652173913043,65304.58428472966,12083.112218011707,-548.955066433477,23.0,2256.0,21.61849842832472,1180.709345063157,1141.7350575225844,2786.7895748639967,21.0,2.0,5008.19149379929,438.14300025256296,2.0,5314.251335696556,1261.3922874669784,1486209.6663769647,1436972.561361141,12265.73983724092,1.0,24.0,1.034264471250018,0.9130434782608696,38.974287540572504,0.0330092140826477,4.65453986078678,11.086832828985298,8.820404065485645,0.7381560609777706,-0.008405943725119363,1.0,4,0.7291666666666666,0,0.7029284835956623
29ABCDE1492Z2,117,0.3,1.7083333333333333,0.125,75317.20215466128,17781.066920135112,507.1254834504569,21.0,1158.0,38.266081814191615,1416.04014191832,1326.120364264417,6039.475649747926,16.0,1.0,16189.676765225913,119.61177232859205,1.0,15402.503906973567,7484.791058889561,172129.91042094282,188208.99377646876,11369.628875956132,1.0,1.0,0.9145679330573189,0.875,89.91977765390288,0.06350086766049436,11.61471034005058,11.22947711305792,7.748460023899697,1.1569634929767398,0.006733106592336152,1.0,4,0.40625,0,0.4767416026591244
29ABCDE1493Z3,303,0.3,9.0,0.3333333333333333,249003.901650146,28670.33340992985,28569.720879401866,3.0,314.0,145.31452881587813,4573.424847750336,4552.327561886812,6397.953835524271,5.0,11.0,25475.577700887163,498.989709824976,6.0,11140.743613026516,1672.1306150118812,616432.7158948947,603588.3183161785,12100.340470798064,1.0,4.0,1.021280063230097,0.6666666666666667,21.09728586352412,0.004613016845330225,2.4472631772589297,12.425227860595042,8.237479288613633,0.2637376298733961,0.11473557624798313,1.0,4,0.1875,1,0.896949320699305
29ABCDE1494Z4,528,0.7,5.230769230769231,0.23076923076923078,361421.41888932174,102235.53296941494,17177.253806248853,13.0,1030.0,161.32758411266678,6492.0032435252015,6290.105343863013,72109.09820997597,13.0,13.0,45314.03458093027,701.8378924072885,9.0,11095.351502151721,1878.9126117586002,3112125.4804848502,3036579.222214656,63445.078882261725,1.0,13.0,1.0248787377972957,0.7692307692307692,201.89789966218814,0.031099476092152446,1.7639373103626923,12.79780268866763,9.577341813632218,0.7518544205062985,0.04752680771446289,1.0,4,0.5,1,0.904848938518929
29ABCDE1495Z5,342,0.3,2.0,0.25,46408.34979237034,6599.796557192315,4595.167964199429,4.0,688.0,16.40030836904424,781.5077320012724,830.4082905562183,1575.8530597153983,7.0,12.0,5403.930856978112,588.0179160675606,7.0,3365.676229347678,933.2893648066362,265194.05555503187,281759.30486711604,6118.091330061383,1.0,7.0,0.9412078003248314,0.75,-48.90055855494586,-0.06257207261369263,4.0530378461097785,10.745256222061025,9.100190628475195,0.0,0.09901384063249408,1.0,4,0.2604166666666667,1,0.9142558652005048
29ABCDE1496Z6,1444,0.3,1.75,0.125,72579.4516852084,13982.608481915891,-514.9677211314529,24.0,1464.0,34.953121440198906,1487.345017649365,1355.508859486813,4180.357625555788,18.0,4.0,11293.724329343931,956.3099302572288,4.0,6248.495173889056,1360.1135796190836,1264449.910989197,1159653.4903278016,10635.916163083122,1.0,22.0,1.090368736467798,0.875,131.836158162552,0.08863858526309448,4.609704414808986,11.192450904021442,8.899048433885268,2.038805900923751,-0.007095129737755561,1.0,4,0.7083333333333334,0,0.3901352596576257
29ABCDE1497Z7,1425,0.3,0.4166666666666667,0.08333333333333333,228063.54695176388,59763.337759135065,-1083.964084757356,24.0,1170.0,130.0990095239604,4368.56306920568,4087.872549851747,50119.20403929715,18.0,64.0,25467.77489117928,603.5832253508156,19.0,11026.582806031221,1761.3227825075467,2852786.4806177076,2699890.6906600604,38089.810450216595,1.0,21.0,1.0566303630315743,0.9166666666666666,280.69051935393327,0.0642523674048662,2.6973890872481134,12.337383968536777,11.240000633493354,1.2537799743640141,-0.004752882897606249,1.0,4,0.8541666666666666,0,0.7504411990958675
29ABCDE1498Z8,1117,0.3,3.1363636363636362,0.22727272727272727,47358.312716708104,13295.295206354926,154.53075076630122,22.0,954.0,36.7726172915944,1017.48977713394,1046.1029814649462,1847.6097587716367,17.0,34.0,7009.171850694429,537.9534635698827,20.0,3680.577858261872,957.2671845498196,591107.7192551846,605005.2896702612,6963.297795811117,1.0,22.0,0.9770290100725384,0.7727272727272727,-28.61320433100616,-0.02812136787418512,3.5183704888285936,10.765518757558757,10.417059401970144,0.0,0.003262943271382898,1.0,4,0.84375,1,0.7726188242236933
29ABCDE1499Z9,1519,0.3,0.0,0.0,204740.05699286898,58241.87035392034,4966.916067138105,24.0,1622.0,89.80819171502422,3817.0880391697624,3466.356308918701,57803.227685439706,20.0,69.0,25981.298801135774,714.509514614645,20.0,20305.651811929005,3576.215202002656,3225431.272191402,2897189.1803254113,41776.12015498258,0.0,21.0,1.113296740887705,1.0,350.73173025106144,0.09188463212060141,5.857923999239182,12.229501323070911,11.640526809563951,1.458798325796234,0.024259501929361927,0.0,4,0.8854166666666666,0,0.2427761095001515
29ABCDE1500Z0,265,0.7,0.0,0.0,104390.60626637266,16554.841721655182,2513.3905958429023,3.0,596.0,39.251584192280355,1957.5847525154215,1941.4059439177602,8707.969087350251,6.0,1.0,5266.265026538055,320.3327901742624,1.0,5812.529977575541,1519.3095117714474,477878.54449238966,473764.03400427743,14587.380100037582,1.0,5.0,1.0086847252910613,1.0,16.178808597661373,0.008264678490610546,2.993979695892888,11.555904551451054,7.085064293952548,0.1733656940719224,0.024076558314751525,1.0,4,0.15625,1,0.9130594309881453
29ABCDE1501Z1,1472,0.7,4.666666666666667,0.2916666666666667,137127.3370821775,36302.039818166384,-395.64109078724,24.0,1900.0,51.78307827931526,2410.638935455787,2508.753501079163,16617.87720534054,20.0,96.0,15971.923153353964,703.6761331248725,23.0,4364.478441556187,1401.7852829536566,2459289.950091068,2559576.6972427526,32887.38224322636,1.0,21.0,0.9608190107138747,0.7083333333333333,-98.11456562337617,-0.04070064752555959,1.7396999903253816,11.828672533341049,12.12484632099181,0.0,-0.002885188424257945,1.0,4,0.9166666666666666,1,0.8821800451377224
29ABCDE1502Z2,765,0.7,3.5,0.15,183991.95075754443,29842.855436362148,2430.529593969993,20.0,1592.0,77.93653595640042,3273.942667117821,2929.8055950116513,39192.93572844586,20.0,3.0,20354.99773979123,315.2965363629628,3.0,18022.36346260333,4744.01607079991,2534391.8724255944,2273125.656188947,29663.269339636474,1.0,20.0,1.1149369879862594,0.85,344.13707210616985,0.10511395803064782,6.1513854343402805,12.122652724756932,8.759668671029939,1.7382891578805257,0.01320990605326401,1.0,4,0.65625,0,0.4126692140420625
29ABCDE1503Z3,316,0.3,0.0,0.0,126318.76186249427,2786.4745609744095,-1657.2392453094874,3.0,444.0,64.68176443111835,2408.999331113302,2377.4512367894563,17104.02855149639,6.0,15.0,16709.613929280033,988.1539463522353,6.0,5621.109640867771,1619.050196713867,675863.4145032135,660860.8167901811,15964.775852370643,0.0,7.0,1.0227015996891757,1.0,31.548094323845817,0.013095933201968174,2.364342769216414,11.746571763735332,8.87066300440602,0.2412188423662774,-0.013119398112177253,0.0,4,0.22916666666666666,1,0.8654507312343583
29ABCDE1504Z4,488,0.3,5.0,0.4444444444444444,41267.572613855154,4761.40732402514,586.3414813787126,9.0,824.0,21.47465153173201,887.0802326624098,882.4310535523078,5317.797789070163,10.0,2.0,5080.136915320967,260.90113455447255,2.0,3592.888930171049,906.166921873465,467015.64753047505,459881.3506419762,7508.5705154730995,1.0,13.0,1.0155133424709213,0.5555555555555556,4.649179110101954,0.005240990542815152,4.071580341271471,10.627856535617246,7.813995675002791,0.06374843654063708,0.014207941885100706,1.0,4,0.3541666666666667,1,0.9195299668368917
29ABCDE1505Z5,1213,0.7,0.5714285714285714,0.047619047619047616,43233.69570458398,9183.395112556702,220.0801390435487,21.0,1484.0,17.63215963341132,781.2332334158722,757.950583994857,3669.7678954768157,17.0,16.0,6401.444691377062,752.6529867497524,16.0,4165.933205843403,908.9900685054365,696951.4771461498,680819.7651981608,10570.482019934065,1.0,19.0,1.023694541158472,0.9523809523809523,23.282649421015208,0.029802430855653584,5.4963124164195785,10.674398593196615,10.136383395293016,0.3842854457010851,0.005090359385141101,1.0,4,0.7604166666666666,0,0.5616746570038392
29ABCDE1506Z6,872,0.3,0.0,0.0,166549.58947606006,32313.803303576315,750.0643181299451,22.0,858.0,96.94273616621518,3354.4156164883434,3043.804970481859,22796.992020834554,13.0,30.0,22545.713036596004,602.9554911116044,13.0,13896.273325365692,4127.596121547365,2142439.129463569,1909791.4894614741,18255.666105145592,1.0,21.0,1.1218183457649071,1.0,310.61064600648433,0.0925975435124092,4.565428291276428,12.023054382949457,10.189756126469401,2.0571598436911347,0.004503522446179989,1.0,4,0.71875,0,0.3681406519933009
29ABCDE1507Z7,759,0.7,4.5625,0.3125,55821.95132321367,12892.324722332538,937.1465491298326,16.0,1494.0,24.55803027736765,1036.4095470622135,1001.9069659593011,2371.840775019212,18.0,43.0,7211.799697815003,632.4334917105284,21.0,3973.4535792777237,903.5143807359356,782490.3126863883,755598.4458957027,9336.227951443796,1.0,19.0,1.0355901563016152,0.6875,34.50258110291236,0.03329048946018754,3.9658907605989544,10.92994037783906,11.094071119743047,0.7083000738381021,0.016787835951269838,1.0,4,0.7708333333333334,0,0.7499972587639391
29ABCDE1508Z8,440,0.3,4.545454545454546,0.36363636363636365,32380.31466115448,9337.274207711975,913.855017975502,11.0,786.0,13.468567740812226,645.6172098889078,677.6695706458934,1782.045416340276,8.0,2.0,5000.0,293.2963548861303,2.0,3824.009412814077,954.6377780684194,352920.5326016523,365088.3824035947,7710.16301224482,1.0,12.0,0.9666714954832741,0.6363636363636364,-32.052360756985536,-0.04964607551663752,5.6428819862302175,10.385336827431345,7.766840537085513,0.0,0.028221677456221003,1.0,4,0.34375,1,0.8508978097505203
29ABCDE1509Z9,935,0.3,0.08695652173913043,0.043478260869565216,61397.69312384629,14184.901932311039,1078.107257442748,23.0,1252.0,31.45623440664465,1138.4346741030333,1049.5211857369168,3028.758638799113,18.0,35.0,8100.429518898963,634.3345814530544,19.0,4500.618091002972,1290.8473804611365,824920.6293186978,756121.5285301175,8658.229212601875,1.0,21.0,1.0909894748299578,0.9565217391304348,88.91348836611655,0.07810152869436363,4.28825844791583,11.025143829280802,10.71681489335218,1.6153388308928835,0.017559123860635205,1.0,4,0.84375,0,0.4699290759037277
29ABCDE1510Z0,1140,0.3,0.25,0.041666666666666664,186720.54236299396,34715.01538115272,2340.7764002723698,24.0,1458.0,88.08269950264187,3429.395085666862,3329.793118272708,20984.24053697395,19.0,71.0,23692.44161426072,688.4606451782538,20.0,6858.182013676849,1515.8377999018398,2660529.0718208393,2592919.426070092,25807.31926397962,1.0,21.0,1.0260747191258537,0.9583333333333334,99.60196739415414,0.0290435965836774,2.059642076873068,12.137373707785077,11.56217266753884,0.6875605355100991,0.01253618822257696,1.0,4,0.875,0,0.6934661760832278
29ABCDE1511Z1,400,0.7,5.0,0.3333333333333333,162230.64065864924,37352.93764690328,3073.670792617217,9.0,358.0,104.18643173079602,3307.9207531348948,2908.536340135934,16638.04617713196,6.0,25.0,24181.245124741577,733.9234174283541,10.0,19503.8348468429,6082.785524494706,1022926.325979223,878270.2863416423,33703.93091305809,0.0,10.0,1.1647056058791796,0.6666666666666667,399.38441299896067,0.12073578625499619,6.705721560945449,11.996780473517637,9.141418926509761,3.0961849687008898,0.018946185714071105,0.0,4,0.3645833333333333,0,0.3882982013044221
29ABCDE1512Z2,268,0.3,7.666666666666667,0.3333333333333333,111650.64293220331,32160.535819843237,22601.271689993668,3.0,190.0,57.201112160474715,1898.1789841071247,1724.5581193896078,7934.811480202754,3.0,16.0,11015.30574644909,497.17736296132307,6.0,5935.737763449582,1860.0852160157797,380637.8456782456,359074.86042942246,14036.530808469593,0.0,6.0,1.0600515035305889,0.6666666666666667,173.62086471751695,0.09146706721083293,3.4418890826077146,11.623138972182012,8.085486772102847,1.9489748894598402,0.20242668263930094,0.0,4,0.1875,1,0.8067196372170716
29ABCDE1513Z3,845,0.3,4.857142857142857,0.38095238095238093,43875.13037375321,16114.753777262678,1015.3878216842741,21.0,1424.0,21.18412724355709,758.5321499020007,829.1624392993306,1576.0842972135454,19.0,17.0,6516.371415992331,655.8553530882376,15.0,3612.7852366380594,912.4076921151537,674130.6487809537,728808.8699078875,13316.501451048014,1.0,22.0,0.9249759115392703,0.6190476190476191,-70.63028939732988,-0.09311443082070421,4.357150137783594,10.68912572394064,10.152298850598916,0.0,0.023142146151787377,1.0,4,0.8020833333333334,1,0.8744048158981809
29ABCDE1514Z4,1513,0.3,2.0454545454545454,0.09090909090909091,71478.66972772317,14208.455626730969,594.5073926729978,22.0,978.0,48.28439026195523,1331.3271373035032,1292.1247335960645,4801.604363110584,18.0,46.0,8363.534904851158,656.0092378023884,16.0,4008.1737780459757,1092.0064468702344,775090.1595760803,745025.5366622315,6702.029706743787,1.0,23.0,1.0403538153182512,0.9090909090909091,39.202403707438634,0.02944610878047598,3.1020022090986337,11.177168348777563,10.73667924424057,0.5656845158235928,0.00831715360378085,1.0,4,0.8229166666666666,0,0.6680804346598876
29ABCDE1515Z5,828,0.3,0.47619047619047616,0.09523809523809523,260378.4464969127,53620.38346224059,2783.260121421399,21.0,1360.0,131.59701727628328,5156.128870041143,4263.447103419134,98997.61196134893,19.0,64.0,36672.45844615204,530.2757095298906,20.0,33203.481170508785,4783.603832035374,3508985.7378879366,2888930.0667557595,43905.18146623082,0.0,20.0,1.2146315960595382,0.9047619047619048,892.6817666220095,0.17313022795236813,7.787942565038691,12.469895255697967,11.390362272547103,2.8371487845756107,0.010689246631662996,0.0,4,0.8333333333333334,0,0.08418802877407336
29ABCDE1516Z6,264,0.3,0.0,0.0,47352.869171752005,4039.916537030048,3544.8058620772754,3.0,492.0,17.43342123004101,890.4153577960558,825.0332912399793,3167.7075715984456,5.0,2.0,5925.15720791963,604.5182963518661,2.0,7162.589681979896,2029.4667656571116,217303.0350943663,198556.5802834404,4917.286285622061,0.0,5.0,1.0944136667954558,1.0,65.38206655607644,0.07342872737270531,8.681576559431827,10.765403809568339,7.2991214627108,1.161495582990026,0.07485778721101544,0.0,4,0.15625,0,0.37965773519849233
29ABCDE1517Z7,119,0.7,1.7083333333333333,0.125,75317.20215466128,17781.066920135112,507.1254834504569,21.0,1158.0,38.266081814191615,1416.04014191832,1326.120364264417,6039.475649747926,16.0,17.0,9095.94417521319,616.3493178278623,11.0,21349.237531471597,15340.975372761262,112747.23160271576,89856.9256847687,16185.890538014924,0.0,1.0,1.2547416990232851,0.875,89.91977765390288,0.06350086766049436,16.099019445579334,11.22947711305792,9.945684601235916,1.1569634929767398,0.006733106592336152,0.0,4,0.5104166666666666,0,0.08827698116446932
29ABCDE1518Z8,972,0.3,5.956521739130435,0.391304347826087,118627.4230657213,34464.515202297385,2710.118387601765,23.0,1520.0,55.73927003709118,2333.8685178604533,2373.0031741605794,12834.595474372627,18.0,23.0,12794.606959367404,557.0088136760539,13.0,4267.343688957591,1039.9997411357654,1798991.4187327693,1862154.3788953305,22622.792518142276,1.0,20.0,0.9660807069067868,0.6086956521739131,-39.13465630012615,-0.016768149533977345,1.798288234682666,11.683751391687435,10.505177122607238,0.0,0.022845438871764594,1.0,4,0.7708333333333334,1,0.8702111245369496
29ABCDE1519Z9,1336,0.7,0.8571428571428571,0.047619047619047616,82883.65972487799,23270.589867997965,-1793.925609007567,21.0,1238.0,43.26784190142064,1547.9185220539164,1427.9474931660143,7799.296274371193,18.0,95.0,11011.863050744574,518.305070717276,23.0,6629.625311701286,1113.9579449948358,921479.1096708664,849888.3546130491,13172.071225891956,1.0,18.0,1.084235481836214,0.9523809523809523,119.9710288879021,0.07750474406670567,4.64276546821916,11.325205278462086,11.686408073096977,1.3583786097152821,-0.021643638460508957,1.0,4,0.8333333333333334,0,0.5331732042081927
29ABCDE1520Z0,724,0.7,2.6470588235294117,0.17647058823529413,37387.57906585742,10720.351472325094,449.4620516276188,17.0,1566.0,16.430981870212307,705.8410103761416,723.6544123323289,1348.7167557792645,18.0,12.0,5363.464853669826,648.4583048117265,12.0,4026.616675211849,947.103298623558,617512.411085735,634051.1445950846,8923.449134064364,1.0,20.0,0.9739157737505363,0.8235294117647058,-17.81340195618725,-0.025237130875541667,5.564281246118731,10.529120564196267,9.921867599817558,0.0,0.012021372912726161,1.0,4,0.6979166666666666,1,0.7746802276707127
29ABCDE1521Z1,349,0.3,2.3333333333333335,0.16666666666666666,53344.979650386515,7940.986650671542,-1411.170735649716,6.0,424.0,30.248715459578666,1084.2860334957616,1053.289858981131,3017.0032699995445,6.0,6.0,7383.687832579072,666.7695020680968,5.0,4203.84707461002,1467.0584478798369,234134.89249346458,227560.01701847024,7888.949421384376,1.0,6.0,1.0288929292638465,0.8333333333333334,30.99617451463064,0.028586713797924983,3.9911587857462982,10.884553895884466,7.997999317979731,0.5642196983249029,-0.02645317875682674,1.0,4,0.23958333333333334,1,0.8388579546370357
29ABCDE1522Z2,183,0.3,0.0,0.0,179705.56885573774,44061.22173818606,-62311.97735687098,2.0,150.0,138.73569884935824,5212.28206524471,5192.895348457156,41798.01758821468,2.0,3.0,26279.04717383558,761.1130910605602,3.0,3668.292029638915,941.7074321165678,475590.3801702246,473046.908746065,34844.292232566244,1.0,3.0,1.0053767847905437,1.0,19.386716787554178,0.003719429713296607,0.7064059226090104,12.099080626670816,6.403574197934815,0.09482464568776672,-0.34674290290909116,1.0,4,0.10416666666666667,1,0.98
29ABCDE1523Z3,1478,0.3,3.0833333333333335,0.20833333333333334,136898.67465167452,23840.36112169703,679.7822536884551,24.0,1704.0,57.59315173543008,2569.250636251527,2595.945708862834,13722.649078534632,19.0,33.0,15805.242770726241,580.8722977686648,15.0,7014.433147826903,970.1560171034434,2430786.138120697,2455229.264139399,20417.720581573652,1.0,21.0,0.9900444629038463,0.7916666666666666,-26.695072611307296,-0.010390217378813127,2.7020723599414596,11.82700363473372,10.96768091433378,0.0,0.004965550542162228,1.0,4,0.8229166666666666,0,0.764196791792997
29ABCDE1524Z4,1132,0.3,5.043478260869565,0.2608695652173913,48538.50790077668,13059.140788341143,242.52817323494037,23.0,1278.0,24.55103162732018,871.0166477676935,872.1065977720394,1098.4716944752754,18.0,29.0,6435.25172987863,641.6172296461375,19.0,3785.586675082172,1075.7457637830873,576176.2142838312,576758.4682030765,9314.544142060176,1.0,19.0,0.9989904718329332,0.7391304347826086,-1.0899500043459511,-0.0012513538141198063,4.34073848856684,10.790133341214712,10.555031183240999,0.0,0.004996510754305765,1.0,4,0.8229166666666666,1,0.7826454971074426
29ABCDE1525Z5,861,0.3,1.0,0.09090909090909091,323180.8338318096,78389.5241414219,6938.798084871268,22.0,1984.0,126.10944157851831,6011.810005333499,5360.968726111061,152705.87991000147,22.0,45.0,37124.198728386385,649.9845801157265,17.0,36046.12766700876,5429.160246529521,5852251.114546182,5239037.958809766,56481.46320460184,1.0,23.0,1.117046900701542,0.9090909090909091,650.8412792224381,0.1082604537809796,6.723808607844135,12.685970396845834,11.422015589610385,1.6655044143778557,0.021470260263707644,1.0,4,0.875,0,0.5588251528911922
29ABCDE1526Z6,1411,0.7,1.1666666666666667,0.125,68654.2144556643,12926.578545559054,391.5371198628436,24.0,1120.0,32.47028896536808,1344.9928012162147,1252.6303160132313,5664.100805947008,14.0,19.0,7744.154342335969,824.2782133094935,12.0,6259.033278762601,1400.4034611551235,1071379.4278571939,1006658.9168848674,9123.531377837291,1.0,21.0,1.0642923932692177,0.875,92.36248520298341,0.06867136026264549,4.996712277157188,11.136852365422437,10.017708696626151,1.2271334340188549,0.005702948027577538,1.0,4,0.7395833333333334,0,0.5407636232798261
29ABCDE1527Z7,268,0.7,0.0,0.0,44134.217100887065,69.9024222808494,-98.85695363231207,2.0,430.0,19.45829451644581,850.7897765727419,822.6235518415979,714.1315022678516,5.0,17.0,9095.94417521319,616.3493178278623,11.0,3839.5119493276557,2119.6955579689393,122629.2806277282,120889.87618434976,5502.6289561110425,1.0,4.0,1.014388338364463,1.0,28.166224731143984,0.0331059745976341,4.667398521148811,10.69501331646086,8.956479847999912,1.0532602283258248,-0.0022398655795968694,1.0,4,0.22916666666666666,1,0.8185292674822119
29ABCDE1528Z8,1391,0.7,4.5,0.3333333333333333,405838.5984753585,116495.50488954465,-4078.992169187295,24.0,1790.0,186.5597437978589,7507.211713229405,7671.96744123275,160564.01006323413,22.0,65.0,44700.89783299746,575.7271262048195,18.0,6080.934408563367,1256.2221365051053,6722622.735495106,6905129.344831836,94069.29426508023,1.0,22.0,0.9735694148186627,0.6666666666666667,-164.7557280033452,-0.02194632765091843,0.7926173377485382,12.913713282873234,11.680184144087136,0.0,-0.010050749568329667,1.0,4,0.8958333333333334,1,0.98
29ABCDE1529Z9,589,0.3,2.0,0.13333333333333333,26435.65383537136,4393.228895249706,-2.7374645530643256,15.0,1000.0,13.61347258291896,567.583797889742,566.8722506868381,494.4760720419084,12.0,8.0,5023.705521479857,567.8311536749951,8.0,3788.8219819663577,1175.7146772382875,311780.44866100146,309087.79364865494,4058.1175728397734,1.0,14.0,1.0087116187299434,0.8666666666666667,0.7115472029038301,0.0012536425556003174,6.683731612150209,10.182506729049335,9.10597935665144,0.031966300134933866,-0.00010354807269147238,1.0,4,0.5104166666666666,0,0.6445537057197976
29ABCDE1530Z0,221,0.7,6.5,0.25,39652.850147923666,2128.4737063832144,919.4543229155424,4.0,300.0,14.85265496482667,745.3900331194068,739.8754633632603,2147.151749314764,3.0,17.0,9095.94417521319,616.3493178278623,11.0,4176.18732473694,2540.5152453258315,147098.2532035635,148940.34088054218,1820.6074463397288,0.0,4.0,0.9876320433665711,0.75,5.514569756146443,0.007398233825408615,5.644446304183677,10.587943325701193,8.597482022645039,0.11898142223941144,0.023187012597405663,0.0,4,0.22916666666666666,0,0.7197404401183977
29ABCDE1531Z1,560,0.7,0.0,0.0,192661.8849087329,35773.70475478496,3066.825925482551,14.0,1528.0,76.28387749828187,3814.6315654526034,3470.4787356333145,32496.365634148766,16.0,2.0,23148.274652213982,420.1696331361089,2.0,19455.00045161792,4001.4670472108255,2585476.6439007795,2339557.8267282043,22705.65486837506,1.0,15.0,1.1051133741440726,1.0,344.15282981928885,0.09021915325614294,5.605854965155881,12.168697230292377,8.430981494597171,1.9090937969903397,0.01591809406848314,1.0,4,0.4895833333333333,0,0.4957027672448297
29ABCDE1532Z2,447,0.3,1.8181818181818181,0.18181818181818182,71684.49991128048,14653.638258345041,1671.980317617154,11.0,678.0,27.10450028376616,1224.0297398441887,1073.0766592049933,5492.957198336292,8.0,3.0,6994.7529966907605,999.3003903933563,3.0,8175.98983327862,2808.656271893233,417724.0086289078,355906.7570888889,9671.350925924724,1.0,7.0,1.1736894574456753,0.8181818181818181,150.95308063919538,0.1233246838090803,7.619203868748704,11.180043773378316,7.906915488678587,2.036570012361726,0.02332382866390599,1.0,4,0.3020833333333333,0,0.4201043058327756
29ABCDE1533Z3,1172,0.3,1.125,0.041666666666666664,207833.39675774783,48762.28674877456,-2167.558099626261,24.0,1932.0,80.758586849176,3902.765914788642,3527.02407533555,77109.60824141731,21.0,3.0,25555.441654298556,753.7840875077778,3.0,23599.38134512754,6962.066564407994,2997997.049194427,2745148.061294955,33112.88411380345,0.0,18.0,1.0921075957484774,0.9583333333333334,375.74183945309187,0.09627578175501221,6.691017934966141,12.24449687213834,8.953122840328222,1.3531080965742812,-0.010429255856780872,0.0,4,0.6875,0,0.3201318931649931
29ABCDE1534Z4,354,0.3,6.5,0.375,43416.63960877691,10516.961623565208,-771.959825514515,8.0,780.0,19.8449033036988,856.665072938114,863.2265467157818,546.3222002222187,9.0,17.0,9095.94417521319,616.3493178278623,11.0,3902.218442507079,1830.17005536476,328228.94324558706,330890.09227848775,7523.725697296309,1.0,9.0,0.9919576043677337,0.625,-6.561473777667743,-0.007659322160951165,4.52050328775615,10.678621080111624,9.55094690773585,0.0,-0.017779866258746658,1.0,4,0.3854166666666667,1,0.9103503783361847
29ABCDE1535Z5,947,0.3,3.8260869565217392,0.2608695652173913,35875.602172418985,11396.97410801676,-564.1504023796165,23.0,756.0,26.853733975554533,686.38108894136,763.7205457385846,321.05962127218174,14.0,17.0,5394.389305083251,680.0916993934995,17.0,3892.405670140708,1293.501472916659,438709.4500253335,486146.37880603253,5728.280580669441,1.0,24.0,0.9024225401057119,0.7391304347826086,-77.33945679722467,-0.11267713817189981,5.096636056028074,10.487840611923069,9.519735011333612,0.0,-0.01572474449136437,1.0,4,0.8125,1,0.881503607691566
29ABCDE1536Z6,1465,0.3,3.1739130434782608,0.30434782608695654,46130.89905073194,9720.766106399124,-328.6911641243697,23.0,1516.0,24.849028037208807,916.8583799606765,966.697945259751,2268.544184097123,20.0,17.0,6515.2120518785305,610.0765309133849,15.0,3733.944411773555,983.8472459471565,784030.5668379839,830401.8466167419,8030.016195887828,1.0,23.0,0.944158024253335,0.6956521739130435,-49.83956529907448,-0.0543590661201265,3.8625761336135325,10.739259943073513,10.214861737244696,0.0,-0.007125029987664352,1.0,4,0.84375,1,0.8471075422502052
29ABCDE1537Z7,1022,0.3,0.043478260869565216,0.043478260869565216,65270.75034533169,13181.539742058243,308.2732389840725,23.0,2280.0,21.813956438047626,1203.3719126567473,1057.3472091045523,6972.5355674051525,22.0,2.0,5790.158892244982,837.1657637614952,2.0,9183.90657560453,2674.237573662491,1296475.924589309,1140198.1009819,10238.25524765422,0.0,20.0,1.1370619925369352,0.9565217391304348,146.02470355219498,0.12134627874919282,8.685800176634702,11.086314608265736,8.830981510952498,1.748637642459288,0.004722919752467165,0.0,4,0.6979166666666666,0,0.12798429674497622
29ABCDE1538Z8,1046,0.3,4.181818181818182,0.22727272727272727,38286.82367927058,8151.274613751248,506.8958123961054,22.0,1212.0,22.98926856475946,773.2709005610104,774.6731827994598,1551.1088817634843,18.0,21.0,6139.480180472399,628.1366891516421,16.0,3883.387501195204,925.7587186673156,524986.4929691075,519044.969763405,6011.994102711544,1.0,21.0,1.0114470297408158,0.7727272727272727,-1.402282238449402,-0.0018134424008869878,5.01293653558742,10.552887205020298,10.191894362302367,0.0,0.01323908657337826,1.0,4,0.8020833333333334,0,0.7312338204474856
29ABCDE1539Z9,797,0.7,2.3,0.2,33037.14380666595,11356.868267300422,1222.3538325521645,20.0,1058.0,24.02608372390179,659.4876384698391,678.3858657347974,1064.7427395985555,19.0,20.0,5420.214958561293,582.4750123855214,18.0,3865.571549256725,1227.0828656904305,305773.3579902064,312820.72974321066,5991.223955558917,1.0,17.0,0.977471532149454,0.8,-18.898227264958336,-0.028655923420803624,5.698189989659808,10.405418045871093,10.00960278332483,0.0,0.03699825994175666,1.0,4,0.7708333333333334,0,0.6662501575353157
29ABCDE1540Z0,1170,0.7,2.2083333333333335,0.125,654552.6655251173,162719.1227705619,7350.06292268183,24.0,1076.0,390.7607663578121,11950.59909599844,10178.800093528185,692201.3135003395,19.0,37.0,64919.13069189817,711.6411050905033,15.0,54826.875887734626,9370.151469901968,7032425.607166294,6046293.133258519,88298.64503035806,1.0,21.0,1.1630970335333908,0.875,1771.799002470254,0.14826026613707813,5.386379080437416,13.391708855661493,10.619520836882774,2.129599467824261,0.011229121934234719,1.0,4,0.8229166666666666,1,0.9746267329021387
29ABCDE1541Z1,883,0.3,0.3333333333333333,0.047619047619047616,64564.322337223435,9182.3159209482,856.2553762914437,21.0,1890.0,19.56997550561728,1083.901685592462,970.9457424973521,2006.917631842347,18.0,15.0,7820.102559051277,704.561827383577,11.0,7802.892342599851,2197.1558378091995,1206721.1332477557,1079064.935848109,9724.273509809813,0.0,22.0,1.118302609193128,0.9523809523809523,112.95594309510989,0.10421235117220805,8.036383498144986,11.075432739713476,10.31744979089824,2.520786935047714,0.013261846224808393,0.0,4,0.75,0,0.14722772605759216
29ABCDE1542Z2,933,0.7,1.1304347826086956,0.08695652173913043,62155.829834692224,12173.289506104817,-4.791874852683588,23.0,1690.0,30.740246245722112,1196.4160736461877,1164.9937515933748,2586.8843927520243,22.0,20.0,7094.597888545419,570.6183642853421,15.0,4181.977403874214,1204.842812108291,1008901.0912321652,979629.0216848514,9388.9168573403,1.0,22.0,1.029880770066376,0.9130434782608696,31.422322052812888,0.02626370770584056,3.589699428133823,11.037415983655592,10.477597786622002,0.6176832716556442,-7.709329554656678e-05,1.0,4,0.8541666666666666,0,0.7540427714577709
29ABCDE1543Z3,1079,0.7,1.2272727272727273,0.09090909090909091,35127.567350223035,8877.027113559974,97.77478230701526,22.0,1190.0,22.161966386174647,696.076697011835,691.9622503327876,932.1182298297517,19.0,19.0,5944.003065986915,536.1056346311739,17.0,3843.3941015337273,912.7518566215094,419590.8759002235,416160.40853362257,6255.425241091242,1.0,20.0,1.0082431372525043,0.9090909090909091,4.1144466790474326,0.005910909956776613,5.5543407168314625,10.466769963051206,10.07828084290929,0.1346924031099612,0.002783341015083966,1.0,4,0.8125,0,0.626071691023788
29ABCDE1544Z4,544,0.3,0.23076923076923078,0.07692307692307693,30583.401951405296,5062.40583530168,-226.5603695342416,13.0,1052.0,13.255620613713727,591.4061472375014,570.6699265647355,914.4896137927466,12.0,17.0,9095.94417521319,616.3493178278623,11.0,3755.2570740416804,954.6555738514098,335682.881556212,323610.5235104838,4573.444977265388,0.0,13.0,1.0373052084795293,0.9230769230769231,20.736220672765853,0.03506257209132194,6.580436254363743,10.328245417828642,9.84977027003014,0.6853349737484572,-0.007407709651940131,0.0,4,0.5104166666666666,0,0.48407963212559835
29ABCDE1545Z5,1111,0.3,3.8260869565217392,0.17391304347826086,75369.07387487718,14822.285931379372,1057.851073229288,23.0,948.0,48.38345668637346,1457.2581780436421,1409.461630623985,10740.80179404125,16.0,66.0,8960.629533481027,746.5320156915939,20.0,4150.7526718718445,1368.5285452263677,767666.4886255068,737421.2707386106,11481.318597421074,1.0,19.0,1.0410148433291084,0.8260869565217391,47.796547419657145,0.03279895638247413,2.944920657424536,11.230165576999928,11.060101418000894,0.46116672025312383,0.014035425717977137,1.0,4,0.8125,0,0.7681943700506534
29ABCDE1546Z6,443,0.3,0.0,0.0,236276.74267748155,34759.44318920658,3581.928673694095,11.0,642.0,127.00872640689965,4887.187619678607,4172.7681973469025,48631.15216662918,9.0,16.0,23529.637096847364,529.7858808910582,8.0,30749.645198092094,8370.676890075702,1868738.3157727937,1584001.6164869755,29089.063742948536,0.0,11.0,1.1797578337813266,1.0,714.4194223317045,0.14618211493560102,7.369123743236707,12.372763267784379,9.299358068293834,3.2396008796567615,0.015159822643910295,0.0,4,0.40625,0,0.15830287278208713
29ABCDE1547Z7,1190,0.3,1.1904761904761905,0.047619047619047616,55599.99195833328,14429.30840093248,192.97333220038354,21.0,988.0,27.067875960949102,922.1714212962469,860.6993419982674,2445.11670534264,15.0,26.0,6629.907782488983,592.8152609463261,16.0,4182.036821229774,1266.542034131496,643738.8449746176,597907.4890885996,9450.492458221424,1.0,20.0,1.0766529216014329,0.9523809523809523,61.47207929797946,0.06666014352469464,4.8588823264584216,10.925956321056743,10.19253119762704,1.24290895373576,0.003470681464550047,1.0,4,0.75,0,0.5971539979512054
29ABCDE1548Z8,299,0.7,0.0,0.0,413032.4572532506,35599.487617874234,50345.27820273081,2.0,390.0,174.98828102419589,7222.359497066728,6426.726422820551,39774.646589634576,5.0,10.0,32012.710141869313,590.9342666095483,5.0,32552.364265253855,5322.449238476988,1607720.3859989867,1424562.8072616856,34633.25628924122,0.0,6.0,1.1285710800560413,1.0,795.6330742461769,0.11016248562112055,5.065154811890581,12.931283878960441,8.366602832783737,3.9893689597333397,0.12189152553775254,0.0,4,0.1875,0,0.22332635245721172
29ABCDE1549Z9,1024,0.3,0.0,0.0,742417.6947812694,183674.46370221436,4051.3645837052786,24.0,1240.0,397.4204495583783,14487.664878879068,12890.188312920325,436617.7930071788,18.0,87.0,87575.84067415024,623.3606498679299,21.0,67610.12147997659,14626.672574495631,10254221.43368475,9055833.710433785,116353.30264245847,1.0,22.0,1.132333229779852,1.0,1597.4765659587429,0.11026459952753559,5.24508407780268,13.517668641685123,11.601009599682815,2.4175935240542312,0.005456980827912594,1.0,4,0.8854166666666666,1,0.9434984440258821
29ABCDE1550Z0,1494,0.3,2.5454545454545454,0.18181818181818182,50177.7651431224,14054.079170073988,-459.8417831468161,22.0,1320.0,26.72093072305965,1010.135192259842,1064.6664874130245,3014.0733359285036,17.0,44.0,6284.990373894518,666.1208204029344,22.0,3606.6955069162673,939.3607851884004,793473.8924446068,831538.9832174616,12435.02465368356,1.0,21.0,0.9542233238115065,0.8181818181818181,-54.53129515318244,-0.05398415535962744,3.3876294121739305,10.823347211070834,10.992806794292644,0.0,-0.009164071332469666,1.0,4,0.8541666666666666,1,0.8288809240234583
29ABCDE1551Z1,1336,0.3,0.8181818181818182,0.045454545454545456,73583.54741702661,18320.394004921127,298.1559949772613,22.0,1346.0,33.26282227837111,1314.4018982274038,1172.9180343663475,6060.140170520067,18.0,41.0,7313.256258412087,580.7704314670981,19.0,5531.622759667363,1357.9072566253178,903648.8275960335,834090.4659631723,11924.610865795243,1.0,19.0,1.0833942653361206,0.9545454545454546,141.4838638610563,0.10764125040587721,4.716120476957067,11.206190329100624,10.943304794693733,1.8173130609815455,0.00405188324781721,1.0,4,0.8125,0,0.3972291234397855
29ABCDE1552Z2,384,0.3,0.0,0.0,51171.95194698324,13602.21711603773,4046.420278844255,6.0,756.0,21.027519629124633,1008.9231469281331,978.1774580241447,5679.2328920015425,8.0,2.0,6169.068367982406,316.1283548803598,2.0,4274.959888040915,2001.184629353156,366720.0182866419,360977.03782468766,9329.449044048673,1.0,8.0,1.0159095450961715,1.0,30.745688903988366,0.03047376700356189,4.3703316335627465,10.842966389151865,7.7279755421055585,0.40794457054517236,0.07907341915777052,1.0,4,0.25,1,0.852148084763391
29ABCDE1553Z3,289,0.7,2.3333333333333335,0.3333333333333333,70148.74247586222,15360.30648350048,14152.034974615468,3.0,364.0,35.924800969508595,1250.9955996085835,1364.3299109716427,4111.349460909493,5.0,14.0,12215.193837032904,560.4883088182124,5.0,3722.4035071202297,1548.475412290945,322558.9365295456,352023.94530605455,10887.034111741079,1.0,7.0,0.9162982826327576,0.6666666666666667,-113.33431136305921,-0.09059529178081818,2.7283749166425766,11.15838741447415,8.607947554684701,0.0,0.2017403696027114,1.0,4,0.20833333333333334,1,0.9676938136844149
29ABCDE1554Z4,1246,0.3,4.681818181818182,0.36363636363636365,45721.24829195053,11624.952578869545,592.3343482789687,22.0,968.0,27.440727243924684,914.7727055089538,982.5575782138386,1319.3231297301159,14.0,33.0,5610.2675604239275,833.2781295996654,19.0,3808.2205524615792,980.2776174002012,629329.9798235587,688335.1838724095,8715.418786455402,1.0,21.0,0.914278384381136,0.6363636363636364,-67.78487270488483,-0.0741002352788513,3.875824314931678,10.730340291939198,10.402625136506927,0.0,0.012955057338754055,1.0,4,0.7916666666666666,1,0.8691003357115719
29ABCDE1555Z5,680,0.3,7.0625,0.4375,351617.2780506002,86442.47351676608,4225.439623264517,16.0,1218.0,163.76590414723694,6221.738578458957,6244.940874749454,114851.3921257019,16.0,53.0,33488.83741163022,765.8395909236489,17.0,8467.030763989766,1160.7466461225495,4108702.8105783057,4160629.345558962,59238.26975632077,1.0,18.0,0.9875195479654821,0.5625,-23.202296290497543,-0.0037292303425973334,1.3558224062977156,12.770301428796348,11.094770176045547,0.0,0.012017121654456337,1.0,4,0.6979166666666666,1,0.9675862609167848
29ABCDE1556Z6,721,0.3,0.5,0.05,159016.15602402974,35305.2554200282,3680.271528614633,20.0,1176.0,85.9135237341571,3279.56498993552,3035.0790045250264,36698.93622578277,16.0,21.0,16318.683183362178,469.01074247363084,13.0,11891.937718953259,1649.0171981539497,2161337.1777123976,1998213.6769746924,25695.892680564117,1.0,19.0,1.081634663308218,0.95,244.4859854104934,0.0745482971555018,3.9181641404469083,11.976767374903833,10.161766560618592,1.276207564408837,0.02314386460325383,1.0,4,0.7083333333333334,0,0.5071454515600372
29ABCDE1557Z7,1360,0.3,1.7916666666666667,0.08333333333333333,172991.5457582928,39506.45626344703,1650.9098793723897,24.0,1438.0,74.33504254391997,3241.840669260892,3046.0294000424556,15097.098672911,17.0,62.0,21976.83977241974,635.7428286667774,20.0,13062.901394474833,2235.277887069321,2912633.9694753615,2726698.2224105806,33682.97070754802,0.0,21.0,1.0681908051050848,0.9166666666666666,195.81126921843634,0.0604012624911265,4.2885014157423305,12.061003784449243,11.4148384332789,1.5935898420226444,0.009543242872898467,0.0,4,0.8541666666666666,0,0.3255651164064893
29ABCDE1558Z8,898,0.3,1.5909090909090908,0.09090909090909091,176494.99766645415,33664.30732606818,2558.824187310814,22.0,1238.0,79.40551651899234,3359.057298951842,3194.544664415659,50673.374580547235,15.0,1.0,6293.540959263415,936.9342453509927,1.0,12357.602790971097,2919.646876971042,3159454.973112421,3006958.2228154326,25304.483181168383,1.0,24.0,1.0507146222185304,0.9090909090909091,164.51263453618276,0.04897583455558117,3.8683455982392814,12.08105347898764,7.815207062189088,0.7308109713568731,0.014497916219871081,1.0,4,0.6458333333333334,0,0.6859308518317421
29ABCDE1559Z9,547,0.3,0.0,0.0,625140.7601917138,110393.95271034985,11915.603298325097,12.0,1066.0,246.03604405099776,12041.913821467839,9814.288091729126,600580.3973753935,12.0,1.0,58503.93324614497,315.7912330891244,1.0,100346.2231633378,23873.837253020396,6364219.161025871,5285299.658295874,107430.01276997899,0.0,12.0,1.2041359189609073,1.0,2227.625729738713,0.18498934328589792,10.22450352235975,13.34573371930635,7.665753431861699,2.874460118522581,0.019060642012894657,0.0,4,0.3854166666666667,1,0.8609062972531311
29ABCDE1560Z0,151,0.3,5.5,0.5,19434.847453361825,27.368494343791838,38.70489588272176,2.0,116.0,18.861277744435018,533.6361423372194,560.3179668400114,164.14310844919922,2.0,17.0,9095.94417521319,616.3493178278623,11.0,3946.413760033278,2793.233571664939,30983.491431350794,32512.918582117298,1124.9341195789093,1.0,2.0,0.9529594014482687,0.5,-26.681824502791983,-0.05000003258012273,7.043168332241083,9.874874446830752,7.652545692693921,0.0,0.001991417970098698,1.0,4,0.17708333333333334,1,0.943240637652148
29ABCDE1561Z1,324,0.3,0.0,0.0,65204.0927924719,24804.36052802519,-35078.663064725086,2.0,444.0,21.515336154803,974.2926831699535,936.2691673765527,496.78112169964373,5.0,7.0,5703.576199353886,569.2940242736314,6.0,4325.269776513988,1011.4071372119629,310993.2526069759,295323.87303498725,12327.077111505492,1.0,7.0,1.053058289568525,1.0,38.02351579340086,0.0390267898448008,4.619686226166661,11.08529285517828,8.177515823846075,1.7042490470832083,-0.5379742833335099,1.0,4,0.20833333333333334,1,0.98
29ABCDE1562Z2,1412,0.7,0.34782608695652173,0.043478260869565216,50606.20761754354,8123.158319756476,-172.33842533362835,23.0,1296.0,22.210963368389766,918.3468275796448,880.741205259926,3271.4279895709983,16.0,15.0,6002.119414282706,705.9648798530883,14.0,4026.7858347890688,1131.2922177528335,795252.6052521768,768130.5236141308,6199.986938681958,1.0,21.0,1.035309209573438,0.9565217391304348,37.605622319718805,0.04094925924536654,4.5720420604150975,10.83184928816597,9.940397906556225,0.6573818825262524,-0.003405412656553794,1.0,4,0.7708333333333334,0,0.6144075438448978
29ABCDE1563Z3,1209,0.3,0.0,0.0,390082.6054621588,92876.98492383168,5504.944688832426,24.0,890.0,206.18678707404698,7044.171706895087,7071.692946635822,103724.06631697899,13.0,56.0,46356.837630147485,541.2870464978901,18.0,14763.442128640118,1284.4136608311182,5613367.55973907,5535719.820042166,67975.24396812348,1.0,22.0,1.0140266744382147,1.0,-27.521239740735837,-0.003906951858342275,2.0876814420602705,12.87411636811112,10.835395695305358,0.0,0.014112217513756676,1.0,4,0.8020833333333334,1,0.9093687114732865
29ABCDE1564Z4,920,0.3,0.4166666666666667,0.041666666666666664,165330.41373138418,44855.266342724244,2203.0060897347803,24.0,1676.0,61.32652797725817,2923.4640778785574,2786.7170826705924,17032.953384529203,18.0,17.0,9095.94417521319,616.3493178278623,11.0,11222.011039655836,1397.8321847727962,2903045.330538237,2770985.4915365763,28822.357943221643,1.0,22.0,1.0476580766680343,0.9583333333333334,136.74699520796503,0.04677567145179254,4.026964599112248,12.015707306475893,10.315133519719375,1.0477557792064547,0.013324788314663718,1.0,4,0.78125,0,0.47039393877973545
29ABCDE1565Z5,1335,0.7,1.5416666666666667,0.16666666666666666,139257.55307799738,36554.85732234252,480.9570645955899,24.0,812.0,90.3304302716864,2567.1710069162646,2671.993948841546,18302.78754255767,14.0,92.0,19081.19391674182,572.5143259693841,23.0,3675.40116874112,973.9330465026552,1398862.7377491596,1465579.4177935745,18641.595811635427,1.0,20.0,0.954477608490943,0.8333333333333334,-104.82294192528161,-0.04083208389424628,1.3755275045943143,11.844087578366425,11.233330602701066,0.0,0.003453698562602546,1.0,4,0.84375,1,0.9296920540796375
29ABCDE1566Z6,726,0.7,0.0,0.0,44329.74193327295,8110.89437521698,506.16333291339004,18.0,1416.0,20.28655626720232,900.4379658989909,789.3128384750378,3354.143864177425,17.0,3.0,6337.3302215043595,777.3725052888485,3.0,5089.743241748218,1523.3240664415598,706247.5682097794,629605.0067949689,8118.469110940662,1.0,19.0,1.1217311815942552,1.0,111.12512742395313,0.12341230782401161,6.448321873975425,10.699433664194418,8.64259160081057,1.9184774487265375,0.011417885441107029,1.0,4,0.59375,0,0.5069293000251708
29ABCDE1567Z7,1541,0.3,2.0833333333333335,0.125,413168.45837918314,113354.81028830669,-11832.30551187226,24.0,1704.0,169.9762184035694,7313.472260304787,7168.501547679329,104398.56644077689,20.0,2.0,53233.878018373754,609.6157051580228,2.0,15683.749373687911,1289.3697636902377,6458123.989402543,6390960.364530427,96296.6394038507,1.0,21.0,1.0105091599761549,0.875,144.97071262545796,0.019822419155441817,2.1878699850131493,12.931613098634173,8.539932678385727,0.44867402342175333,-0.028637899708969416,1.0,4,0.6979166666666666,1,0.98
29ABCDE1568Z8,1389,0.3,1.1363636363636365,0.045454545454545456,85865.57545041734,16366.442042235461,-902.5652951980708,22.0,1172.0,44.040873009183336,1555.1602246399589,1312.389951291312,5113.392431736742,18.0,25.0,10917.820907236732,760.6255166634434,13.0,9305.23830035888,2591.9727646918236,752131.4442897819,653316.4530661562,11754.239573922656,0.0,14.0,1.151251343449052,0.9545454545454546,242.77027334864692,0.15610627734827234,7.090299869488555,11.36054992224262,10.325416386674958,3.3946771956097064,-0.01051125295801795,0.0,4,0.6979166666666666,0,0.1811224795756142
29ABCDE1569Z9,1485,0.3,1.1304347826086956,0.08695652173913043,64879.517349058224,13776.791779402552,-1232.33354338549,23.0,1540.0,27.908052604736536,1203.4745899586562,1184.2143551132474,4179.153000525849,18.0,30.0,8290.274829139631,591.4066637524237,16.0,4026.022237864528,956.0428825952301,1147845.3440889958,1127843.435060156,11054.480999849095,1.0,23.0,1.0177346504018734,0.9130434782608696,19.26023484540883,0.016003856671432084,3.3997411199085796,11.080302662694898,10.774174039805262,0.29789656078312615,-0.018993892060932802,1.0,4,0.8333333333333334,0,0.75265720082322
29ABCDE1570Z0,1125,0.3,0.25,0.041666666666666664,434835.37268556206,84352.16594289325,984.6413930441275,24.0,1902.0,163.83444899227308,7849.827188149208,6988.892906293812,131129.45742417307,21.0,10.0,50044.35902101499,740.6835349186813,8.0,51134.906759113735,9876.658333585894,6941078.918139936,6120320.56458424,70313.32361684016,1.0,21.0,1.134103817748548,0.9583333333333334,860.934281855396,0.10967557134953726,7.316596125412718,12.982725084561045,9.94908214009452,2.3774873421297844,0.0022643951952845015,1.0,4,0.7708333333333334,0,0.41495434245810714
29ABCDE1571Z1,448,0.7,3.7,0.2,44532.28507225105,7232.466113304963,2182.699274221886,10.0,748.0,25.508263408665524,883.7144969820783,850.8474148071772,2107.5383649355667,11.0,15.0,5900.038042872333,437.43963157396234,11.0,3846.2430783915847,1064.8540994833356,358726.89437580644,346454.17429444613,5913.167532116751,1.0,12.0,1.035423790480671,0.8,32.86708217490116,0.0371919689980685,4.520485120429305,10.703992167709048,9.391327705757,0.7157648991410802,0.049012761368954987,1.0,4,0.4583333333333333,0,0.7569594864645875
29ABCDE1572Z2,1296,0.3,0.75,0.041666666666666664,89022.46176356717,14640.09555309543,786.0021734537073,24.0,1910.0,35.6286134539351,1715.72033845579,1686.8122463950126,9194.01129648378,20.0,1.0,14954.298061803644,808.1170467783483,1.0,6746.03107632991,1252.4703721101282,1685949.9407937347,1660280.2458112626,15119.14830929599,1.0,21.0,1.0154610614968373,0.9583333333333334,28.908092060777335,0.0168489534178954,3.99927798173582,11.396655229294844,8.248529124800218,0.3014694409211723,0.008829157593772414,1.0,4,0.6875,0,0.6130872446449994
29ABCDE1573Z3,122,0.7,0.0,0.0,85217.53632558041,17781.066920135112,0.0,1.0,68.0,46.8765762357983,1599.7083299382766,1587.8988540960074,6039.475649747926,1.0,1.0,12630.905180040561,849.993846331612,1.0,5099.835971197575,1415.0497213365913,875352.4737232503,861859.3513187189,12770.018351785744,1.0,19.0,1.04084716962067,1.0,11.809475842269194,0.007382268143046334,3.211688173993247,11.35297425166093,4.927253685157205,0.15194802275073419,0.0,1.0,4,0.22916666666666666,1,0.9597768743409114
29ABCDE1574Z4,1163,0.7,2.8260869565217392,0.21739130434782608,71078.67561004886,14711.134626163835,53.81623514482202,23.0,992.0,48.26216218786098,1348.9111274437248,1310.870255353947,5637.841942273146,18.0,51.0,8604.337193697196,579.0234633331518,20.0,3783.426663792506,1102.625424068291,603368.6831688129,587251.6674106837,9505.782965951517,1.0,17.0,1.027444819065721,0.782608695652174,38.04087208977785,0.02820117005177932,2.8861946087646535,11.171556718527853,10.8519743826266,0.5065887067024586,0.0007571255029365072,1.0,4,0.8125,0,0.6803257420339242
29ABCDE1575Z5,1488,0.3,3.3043478260869565,0.17391304347826086,63198.867245449976,11753.452859789973,-180.6588255111201,23.0,1572.0,28.212504312976858,1206.9129952030787,1127.3005195337437,1911.3234214002837,19.0,21.0,6370.741763579145,563.2783098564471,12.0,4895.169744969981,1128.2000074184364,1029016.6715861827,964720.3666344607,9389.039856027299,0.0,20.0,1.0666476081312837,0.8260869565217391,79.61247566933503,0.0659637239683041,4.342382230955278,11.054057479586065,10.451782356416594,1.8205409709431182,-0.002858531724591977,0.0,4,0.7708333333333334,0,0.45624334264637195
29ABCDE1576Z6,1067,0.7,2.5217391304347827,0.2608695652173913,47363.01497640596,18081.66721017709,196.71373877608036,23.0,1338.0,20.940598373844573,819.033093893331,829.115178118671,1198.8168192750038,17.0,11.0,7526.454377805759,676.8781875981393,10.0,3614.569254536184,1010.5210546736221,582732.8722358716,582902.2419286849,11831.520372031935,1.0,18.0,0.9997094372252664,0.7391304347826086,-10.08208422533994,-0.012309739741301598,4.359550216820216,10.76561804164888,9.684584995479172,0.0,0.004153231918241557,1.0,4,0.7083333333333334,1,0.7874448245690737
29ABCDE1577Z7,469,0.3,0.0,0.0,47134.22507881649,9098.070368350727,901.5413648180748,11.0,738.0,23.67940300093465,883.1217655108554,864.4181759581215,3402.03489272079,10.0,18.0,6330.795646313082,496.1296465946064,10.0,4053.001159969516,1773.5818783109726,401991.83992008056,390788.76635884953,8519.844096901565,0.0,12.0,1.0286678495536477,1.0,18.703589552733888,0.021178947550810852,4.688704232158431,10.760775879013853,9.549736900114642,0.32062085088455333,0.019126701173285486,0.0,4,0.4479166666666667,0,0.5241293263582966
29ABCDE1578Z8,1399,0.7,0.625,0.041666666666666664,502448.32295697,110531.50600901537,807.8581855499606,24.0,1572.0,212.10606421476407,9253.481417813076,9270.448190276318,251330.21791326112,18.0,4.0,63426.87537375449,693.7261142185857,4.0,22386.213696971852,4549.829912423419,7305187.084238307,7270059.157157515,100785.39025184655,1.0,18.0,1.004831862619193,0.9583333333333334,-16.966772463241796,-0.0018335555773182329,2.4147930323856976,13.127250063992806,8.970177815492377,0.0,0.001607840131608946,1.0,4,0.6666666666666666,1,0.9624349016784247
29ABCDE1579Z9,1449,0.3,2.5416666666666665,0.125,291880.84169243736,53460.6855645714,-1314.746508885534,24.0,1062.0,179.8829749100611,6178.498083893387,5058.897172252784,84181.31570500018,17.0,63.0,38128.89128978779,621.8211525908335,20.0,40562.85900867704,9041.020197007958,3712962.7189442683,3038553.1182923224,42782.290834505395,1.0,20.0,1.2219509004440134,0.875,1119.600911640603,0.18120923506624856,8.01812284921655,12.584104347618583,11.12773346170162,3.8588047931141456,-0.004504379242169209,1.0,4,0.84375,0,0.16599070973230756
29ABCDE1580Z0,322,0.3,5.625,0.375,34279.36051387633,4758.21356317058,189.3038059822547,8.0,552.0,18.44214242853682,736.6925270026007,717.6021330763025,1082.7630522733768,7.0,5.0,5055.148612788105,487.10433389205065,5.0,3424.2971630923366,1313.2131560983394,215673.23639026054,209212.28501361381,3953.399435652333,1.0,8.0,1.0308822752747349,0.625,19.090393926298248,0.025913652204362394,4.771860346084328,10.442327889397266,8.10711747075039,0.5798928040774859,0.0055222233122556134,1.0,4,0.2916666666666667,1,0.8561348965720067
29ABCDE1581Z1,695,0.3,0.0,0.0,63069.45458215174,14950.779976784099,1834.7186638835967,17.0,1326.0,22.681292088347753,1064.5287637944534,940.4974568154878,2736.6403626710903,15.0,22.0,7280.446883438894,525.7226351567281,16.0,7101.733465683625,1837.9381805739508,780279.0437811106,681811.4252470245,9379.62548636476,0.0,16.0,1.1444206050058645,1.0,124.03130697896563,0.11651287517761658,7.551039520861654,11.05200770721301,10.326170250261356,2.37051726344842,0.029089986365863334,0.0,4,0.6666666666666666,0,0.28048590122302125
29ABCDE1582Z2,1056,0.3,0.6363636363636364,0.045454545454545456,42505.55020547731,8242.547504715609,-496.8754866999357,22.0,1538.0,16.927724311548374,821.1788769191585,805.998622528429,1403.952912124167,16.0,3.0,5346.840731521909,634.9523506316259,3.0,3824.739483912721,1038.9398702628237,826753.5555995492,803964.9867946779,7625.446607098216,1.0,23.0,1.0283452254503356,0.9545454545454546,15.180254390729488,0.018485928970411056,4.745342457179963,10.657413465518678,8.72518249495877,0.4049936045469884,-0.011689386325120059,1.0,4,0.6666666666666666,0,0.7483389495244002
29ABCDE1583Z3,457,0.3,0.0,0.0,140736.03805088345,23448.264288798844,2380.827295856995,8.0,490.0,83.95194823801727,2686.3395400827294,2455.717289495828,16165.287470752683,8.0,20.0,14693.113711008005,905.0330103801214,10.0,8593.618310288663,2168.914047180064,756200.4156060413,697196.3560320528,13866.637077673135,0.0,9.0,1.0846304761398895,1.0,230.62225058690137,0.08585000039860897,3.499433076864063,11.85464844976038,9.240966565517944,1.813827814537852,0.016916849528950634,0.0,4,0.3645833333333333,0,0.46974326857563725
29ABCDE1584Z4,329,0.7,3.6666666666666665,0.3333333333333333,287524.8534633237,41699.73443895932,-1778.366056251901,6.0,394.0,148.777955499671,5776.201968675516,5947.500924698559,91670.23907295289,5.0,1.0,47105.92887859785,181.93334736815797,1.0,3927.248065399256,1470.4611630739296,1608453.4884806506,1665023.2210708195,30967.105924833355,1.0,7.0,0.9660246584706563,0.6666666666666667,-171.2989560230435,-0.029655984495002414,0.6603190340148292,12.569068060266344,6.672032945461067,0.0,-0.006185064872709772,1.0,4,0.19791666666666666,1,0.98
29ABCDE1585Z5,1033,0.3,0.7916666666666666,0.08333333333333333,535950.9862132478,87031.87733029568,-1987.0412840006513,24.0,1342.0,296.1888409014178,10635.409640748978,10284.875858709056,313375.4957607534,19.0,76.0,57555.826449341104,519.4611410577886,20.0,23748.18668073215,1760.5806100141488,7630219.697288228,7354612.765237937,56036.62567242444,1.0,21.0,1.0374740235615076,0.9166666666666666,350.5337820399218,0.03295912370849085,2.309039701303015,13.191799858080236,11.546466618376922,0.626176361449634,-0.0037074986847982975,1.0,4,0.875,1,0.9377139906221998
29ABCDE1586Z6,740,0.3,0.5555555555555556,0.1111111111111111,40995.72450409501,8667.962240311748,18.887367598038153,18.0,1056.0,21.955920511262377,700.0820715776791,663.7680495925015,955.3245396251529,17.0,22.0,5651.734603274658,560.6498802444662,18.0,3807.9272313039023,1070.5761442003882,367543.3842773602,350539.75747089315,4038.0476263520272,1.0,17.0,1.0485069851395643,0.8888888888888888,36.31402198517765,0.05187109263252765,5.73683417519366,10.621247452351033,10.098684201799387,1.1742801026642322,0.00046070430812470315,1.0,4,0.7291666666666666,0,0.510843470855453
29ABCDE1587Z7,1538,0.3,2.4545454545454546,0.18181818181818182,69933.41543931376,17630.737447252228,-1525.3637828092399,22.0,1254.0,22.61196278965403,1169.4384910039155,1011.7462273211733,3140.8961705102306,13.0,2.0,5877.24203136594,441.95644677306234,2.0,8754.346350972244,2604.087582163078,1225235.998005268,1060847.856590174,15757.920421656301,0.0,21.0,1.1549592058784734,0.8181818181818181,157.69226368274224,0.13484442738614652,8.652709656404012,11.15531315954994,8.233503140233994,2.813289809561857,-0.021811346720026402,0.0,4,0.6041666666666666,0,0.24451040726390064
29ABCDE1588Z8,1110,0.3,0.0,0.0,46952.181947991165,7267.619704098818,313.05763680506954,24.0,1954.0,18.57855022730186,882.8636478259306,845.8262161811094,1975.4965497753558,21.0,31.0,6120.923138919664,667.5893438528005,22.0,3947.3068974900293,922.3809822271039,781283.3821877802,748209.9245679829,6504.6267129718735,1.0,20.0,1.0442034468319756,1.0,37.03743164482114,0.04195147431432539,4.666806043577191,10.756906255460068,11.043881375219193,0.8330917479992417,0.00666744241427206,1.0,4,0.90625,0,0.5362202655885875
29ABCDE1589Z9,690,0.3,1.368421052631579,0.10526315789473684,290797.53997830703,61983.564259503306,3508.6167514130225,19.0,1436.0,126.22519597873874,5348.4942747756995,4721.471359972569,88018.4383307664,18.0,56.0,30486.442140158797,613.6010555711262,19.0,32302.47173316933,6442.097909508109,3764280.038611521,3341618.6037482824,45567.02778181728,0.0,17.0,1.1264840441063921,0.8947368421052632,627.0229148031303,0.1172335394954547,6.841611283936073,12.580386003921562,11.313364153913575,2.113460406232695,0.012065455183078836,0.0,4,0.7604166666666666,0,0.19868278818476756
29ABCDE1590Z0,1268,0.7,3.5416666666666665,0.25,73292.56904114452,17302.38472546643,5.357514484112415,24.0,1624.0,34.50936371630553,1383.1814599532154,1285.5426674410792,8010.572500839754,21.0,46.0,9307.769110082161,778.3398729894809,19.0,5059.9375764047245,1153.14035694924,1019203.0330497108,950061.5870601978,9602.095850330177,0.0,20.0,1.0727757515209717,0.75,97.6387925121362,0.07059000958228484,3.936032388934021,11.202228149252896,11.243410696473896,1.0908461829668241,7.309665164627047e-05,0.0,4,0.875,0,0.4163176605727402
29ABCDE1591Z1,116,0.3,0.0,0.0,180058.365977673,17781.066920135112,0.0,1.0,108.0,48.56671035762935,2747.2897777651233,2497.914940858846,6039.475649747926,1.0,17.0,9095.94417521319,616.3493178278623,11.0,24497.609387116354,22501.330223953708,148353.64799931666,134887.4068063777,9522.070464620774,0.0,1.0,1.0998331980113525,1.0,249.37483690627732,0.09077121711898183,9.807223211008722,12.101041886483731,7.581719640125308,3.2086109407218784,0.0,0.0,4,0.14583333333333334,0,0.336901224004273
29ABCDE1592Z2,145,0.3,0.0,0.0,109956.08878448505,17781.066920135112,0.0,1.0,126.0,61.17466735566651,1983.854470678247,1870.1495727287431,19997.207041167785,2.0,2.0,12188.348210762138,999.700416574723,2.0,5129.3595047363415,3877.5535982872,124112.11851443467,117448.67503041158,2744.7798462346686,0.0,2.0,1.0567349396006185,1.0,113.7048979495039,0.057315140616453625,2.7427536168949693,11.607845466705763,5.942799375126701,0.80405108551235,0.0,0.0,4,0.07291666666666667,1,0.8576561723502895
29ABCDE1593Z3,1180,0.3,0.6086956521739131,0.08695652173913043,90933.45297456185,24264.078422753668,-1790.7746418806812,23.0,1070.0,51.68933524885665,1651.4677575080234,1421.1760600628998,7905.069323773017,18.0,44.0,11724.395213769132,626.0970274274882,16.0,9668.997653551118,2403.373557010389,1042285.4118039542,893983.4971592121,10774.6758914556,1.0,22.0,1.1658888727991032,0.9130434782608696,230.29169744512365,0.13944668092861923,6.803518526144592,11.41789422897764,10.783010560218068,2.589989311775562,-0.019693027046433494,1.0,4,0.8229166666666666,0,0.36815995063031964
29ABCDE1594Z4,979,0.3,3.0434782608695654,0.21739130434782608,46236.163323885245,8425.536894894074,-328.40577130820583,23.0,1810.0,17.852152599678597,850.8452932466995,849.8071386174194,1765.820969088321,19.0,8.0,6012.165959978438,632.7653119581244,8.0,4018.8049125624857,1703.6513279799267,841774.7156328566,845506.3088183526,7541.730380873333,1.0,21.0,0.9955865578451908,0.782608695652174,1.0381546292801431,0.0012201449987678712,4.72907878733617,10.741539154662677,9.698859035219632,0.024698226688860625,-0.007102636660639552,1.0,4,0.7395833333333334,0,0.7154995042961627
29ABCDE1595Z5,1279,0.3,2.125,0.25,49464.67300961432,10383.902464170784,68.03969751424394,24.0,1512.0,23.284109494623262,977.9614917418037,977.9037058065504,1462.4693640888265,18.0,2.0,6357.9883250881185,535.1345671709818,2.0,3788.2797424912014,1054.6181497197992,813600.2447871702,814162.8028424905,9311.73483939951,1.0,21.0,0.999309034933362,0.75,0.05778593525326414,5.908814993353592e-05,3.8738780924924745,10.809034233438835,8.420462002456466,0.0015105333872633218,0.0013754932132636608,1.0,4,0.6770833333333334,1,0.8288325648869633
29ABCDE1596Z6,823,0.7,6.421052631578948,0.3684210526315789,36308.44728633824,10054.051578955872,-449.9172917788394,19.0,1078.0,22.981181394218485,717.4619095506364,739.8153576827474,2244.4301807963125,17.0,25.0,5843.2714273364645,605.8008682888063,18.0,3666.063452759939,917.0658318040972,423119.5468450063,441037.89559542504,7088.490742958871,1.0,19.0,0.9593723148750563,0.631578947368421,-22.353448132110998,-0.031156285559621553,4.955376249883211,10.49983324221426,10.241886503279616,0.0,-0.012391190871917371,1.0,4,0.7604166666666666,1,0.8316416009751637
29ABCDE1597Z7,1374,0.3,0.9166666666666666,0.041666666666666664,161437.55767672046,38035.576646579444,324.37733429712813,24.0,1682.0,75.69850070634276,3152.2335716607327,2635.260891433292,73777.731272074,22.0,30.0,20491.772057127186,588.8965908719874,16.0,21810.718371798805,4240.436188853677,2656116.4603559957,2218265.447411875,29871.91261950643,1.0,23.0,1.1973844083696008,0.9583333333333334,516.9726802274408,0.1640020222089943,8.276493019230507,11.99187990143405,10.862320398675951,1.9032770102922976,0.0020092928168169797,1.0,4,0.8854166666666666,0,0.1813742925537105
29ABCDE1598Z8,987,0.7,3.625,0.25,166749.9399411057,36045.475108798906,-251.72144014754232,24.0,1110.0,78.26142940171539,3231.0026585728087,2974.0106725631967,14662.01363153591,14.0,1.0,9197.824095725171,1107.5149924062894,1.0,16037.971026921734,3081.5247785995,2891503.3750339253,2639077.830526214,28554.262972275257,1.0,22.0,1.0956491474362389,0.75,256.991986009612,0.07953939168936801,5.392707959954683,12.024256600590203,7.706162970199576,2.122305802358321,-0.0015095653447977392,1.0,4,0.6354166666666666,0,0.5758384275175399
29ABCDE1599Z9,748,0.3,4.05,0.35,27942.14823292716,5021.988622824727,179.73039898802315,20.0,1162.0,16.195995064082634,555.8803005533273,551.1635973563209,649.3547008737053,17.0,12.0,5000.0,630.7855612968698,12.0,3995.925984334926,970.078832563821,340899.6359123881,341229.1366248233,3563.864698825646,1.0,18.0,0.9990343711099984,0.65,4.716703197006382,0.008485105862379619,7.249981681485409,10.237927304807075,9.623707509980202,0.1849538631262682,0.006432002489119518,1.0,4,0.6979166666666666,0,0.7011802999481584
29ABCDE1600Z0,666,0.3,0.42105263157894735,0.05263157894736842,54456.67168945642,13647.928635947615,1246.9000899335365,19.0,1084.0,23.657172917198594,1126.3350637592664,1010.69622309434,5549.342557745407,12.0,4.0,5682.423562218461,496.7411122066743,4.0,6436.27683521314,1352.2380007525933,683153.1261994744,622103.0619485077,12663.014392106143,1.0,15.0,1.0981349682796127,0.9473684210526316,115.63884066492642,0.10266824179207308,6.368161558482808,10.905179012641343,8.59877317840866,1.552186261232575,0.022896683814246678,1.0,4,0.5208333333333334,0,0.5216685166706084
29ABCDE1601Z1,689,0.7,0.3888888888888889,0.05555555555555555,249592.15820571675,43613.07871931751,3494.2847941529976,18.0,1172.0,111.79052443920119,4534.078224604964,4200.48808491129,43775.6977491897,15.0,23.0,27013.136445306085,651.9276354966687,14.0,22566.254983806084,6775.0330217011615,3149768.2535866047,2923449.3983182292,33544.01591187851,1.0,18.0,1.0774150068746084,0.9444444444444444,333.59013969367425,0.07357397097460501,5.37229353533154,12.427587504066931,10.245373679001421,1.5943795166998578,0.013999922190467173,1.0,4,0.6770833333333334,0,0.42467876792953974
29ABCDE1602Z2,1232,0.7,1.4583333333333333,0.08333333333333333,356236.5024885691,56669.24210402567,-50.84119977557384,24.0,1206.0,177.61156037906824,6468.061940045091,5431.912605352479,183258.56180775852,18.0,72.0,32417.055423344536,610.5129627991079,19.0,43462.42777880642,12856.30410946647,4256754.348021056,3603539.4503727276,36683.09087417734,0.0,20.0,1.1812703611669253,0.9166666666666666,1036.1493346926127,0.16019471432046758,8.001312049089222,12.783352929215813,11.386352662245923,2.420410512815848,-0.00014271714634313444,0.0,4,0.84375,0,0.12582633985117492
29ABCDE1603Z3,405,0.7,4.444444444444445,0.2222222222222222,36302.55890463346,10412.406067121974,121.09107041717041,9.0,766.0,17.115764343004784,707.270554204825,749.471166544249,621.6568161753406,9.0,17.0,9095.94417521319,616.3493178278623,11.0,3926.948435754412,1692.7651661762122,283374.5959096818,302680.20560104935,8284.372231037747,1.0,10.0,0.9362177990693799,0.7777777777777778,-42.20061233942397,-0.05966685886827222,5.239625766874067,10.499671056897151,9.53285855926342,0.0,0.0033355151415117995,1.0,4,0.40625,1,0.8787806981697219
29ABCDE1604Z4,550,0.7,4.25,0.25,102869.25680110055,17047.340982567417,-2966.7073648604405,12.0,756.0,63.57190143750672,2207.135902972148,2161.9875049146776,12345.443046210275,11.0,25.0,12230.21973059464,671.297741578376,13.0,5651.634066637619,2269.266071409416,938792.7239352684,912946.8348722024,16498.086770861923,0.0,12.0,1.0283103988927067,0.75,45.14839805747033,0.02045564933118668,2.6140919194908387,11.541223830487281,9.88745979145893,0.4063230097079075,-0.028839311353101447,0.0,4,0.5,1,0.7904472167812765
29ABCDE1605Z5,462,0.7,7.6,0.4,288364.50692174444,54677.15205829739,7217.909282844773,10.0,532.0,125.53516196498373,4829.330789558559,4711.341519780205,40230.683650058505,7.0,32.0,28958.39520916524,648.3773806312579,11.0,12438.703452340362,2789.211547079569,2001576.451252975,1956594.3328077192,46884.161732329405,1.0,11.0,1.022990007530435,0.6,117.98926977835436,0.02443180534111633,2.640161703437847,12.571984075720488,9.775028985632325,0.5882452235967757,0.0250304183738714,1.0,4,0.40625,1,0.9123154518362245
29ABCDE1606Z6,875,0.7,3.6956521739130435,0.2608695652173913,134545.62344533994,35523.34009863774,2068.950888309421,23.0,1458.0,62.065770501411826,2409.9468950057926,2617.380515608565,9471.09164081802,18.0,23.0,15195.61151947343,539.2488959075123,14.0,3662.4361856142614,940.7227291496838,2099423.4124673447,2283065.9993440504,30893.093808996044,1.0,22.0,0.9195631720986304,0.7391304347826086,-207.4336206027724,-0.08607393840612983,1.3992754067563276,11.809666060673607,10.463560378870731,0.0,0.015377204089777398,1.0,4,0.8020833333333334,1,0.9314368304451863
29ABCDE1607Z7,259,0.3,0.0,0.0,173385.31003280674,13296.44942193826,11424.893106663149,3.0,404.0,77.51487018048763,3258.347701275751,3004.8538093076495,11287.19868976519,5.0,14.0,16482.62424809513,656.6868153786066,5.0,16808.372397301755,4853.120252145611,595621.4102262408,534713.3443646232,16836.584413968107,0.0,5.0,1.1139078844833992,1.0,253.4938919681017,0.07779829386190137,5.593740482560975,12.063277389997353,8.711937268208748,2.385916149433915,0.06589270574188599,0.0,4,0.1875,0,0.31581393034916333
29ABCDE1608Z8,988,0.7,3.0454545454545454,0.22727272727272727,41020.99790356141,12664.87898180351,-290.98688749816563,22.0,1260.0,25.641912772705705,810.9015916019767,804.5389130784827,1004.6857076358086,20.0,24.0,6275.270659671368,598.9642136134571,20.0,3836.267221121149,1195.72758691891,533584.7409847397,531670.221922287,7594.347033845069,1.0,21.0,1.0036009522134428,0.7727272727272727,6.362678523494083,0.007846425003216842,4.768280512923956,10.621863736036621,10.35853616083312,0.20063599119827236,-0.007093435287629007,1.0,4,0.8645833333333334,0,0.6894579233767014
29ABCDE1609Z9,385,0.3,0.0,0.0,478918.78555250494,60539.07434856132,-3994.376823365991,8.0,628.0,184.68660186317095,8842.290721885953,7726.735845267098,125225.15222983416,7.0,1.0,83401.55649388632,588.6329837855309,1.0,52598.154718874226,23326.7302808745,3323006.603572675,2903577.442012902,58717.66814251632,0.0,9.0,1.1444525486012194,1.0,1115.554876618855,0.1261612982094894,6.807292985315717,13.079288400057575,7.137278437260386,3.152415257884409,-0.008340387981168675,0.0,4,0.2604166666666667,0,0.4343653760084466
29ABCDE1610Z0,1258,0.3,0.0,0.0,92795.66952743713,19463.41984428749,289.5556417299592,22.0,1448.0,45.96740373741207,1800.0854072853704,1527.9546233032631,12339.460902812789,20.0,86.0,9952.402400013892,411.31970265699334,23.0,12949.244641457211,2879.8185656872784,1224164.259570207,1036987.8413121472,14399.257289125033,0.0,20.0,1.1805001088741958,1.0,272.13078398210723,0.15117659577747242,8.474888222441074,11.438166029417316,11.744537060975265,2.4496948129766234,0.003120323640972335,0.0,4,0.8854166666666666,0,0.055725250417128565
29ABCDE1611Z1,1195,0.3,0.0,0.0,433188.707333883,81434.67127772138,1328.343106781132,24.0,1398.0,217.55355730557127,8277.088755637185,7730.272987162218,174339.70187337376,19.0,76.0,48957.90055623335,648.0807448189071,21.0,25011.25541340093,2488.9535735416794,7128366.503823515,6666748.498839099,66017.55615237662,0.0,23.0,1.069241850816001,1.0,546.8157684749676,0.06606377974412246,3.2354944585964174,12.978931034209634,11.587318396519166,1.3096089509815685,0.00306642351905491,0.0,4,0.90625,0,0.6148357826372426
29ABCDE1612Z2,790,0.7,1.5,0.15,153488.1859315387,45144.18439918221,5452.7030653801085,20.0,1180.0,83.25396791528591,2884.1729247808003,2894.6319069861042,14594.203834911292,17.0,59.0,17497.867087691728,793.9010241588895,19.0,7693.267445545396,1241.3610575901205,1763034.9017273504,1782922.9172119505,38529.21737415373,1.0,18.0,0.9888452746371671,0.85,-10.458982205303982,-0.0036263367273995455,2.657770553477951,11.941385393570272,11.168461378419462,0.0,0.03552499827455073,1.0,4,0.7708333333333334,1,0.8743828301032887
29ABCDE1613Z3,747,0.7,1.9444444444444444,0.1111111111111111,62624.65870334772,16024.154986439342,2161.2506319832964,18.0,1602.0,27.307285205443787,1187.9683689067465,1114.4669415733033,7684.855307257813,19.0,7.0,6933.301043867335,508.7812849808214,7.0,4292.494270560313,948.2522722236956,745471.7601904408,701418.6029061743,10795.67802540635,1.0,17.0,1.062805801131795,0.8888888888888888,73.50142733344319,0.061871535688348724,3.8516120222467607,11.04493035654898,9.459073694289389,0.8383969132022723,0.034510625145213275,1.0,4,0.6354166666666666,0,0.7074276768821608
29ABCDE1614Z4,471,0.3,1.125,0.125,90032.93277372532,21244.080764239596,2361.9966513993254,8.0,604.0,48.49655216055676,1705.3067658972825,1549.3507346556373,21255.480754261116,9.0,15.0,11761.540316817378,675.5521365972884,8.0,6796.85650465896,1898.3171363263746,755323.152723784,688870.3541143348,13642.287199617049,1.0,13.0,1.0964663353743624,0.875,155.95603124164518,0.09145335863344545,4.386906303800635,11.407941909073314,9.177817180270623,1.069686445824281,0.02623451601670597,1.0,4,0.3958333333333333,0,0.7394684814220235
29ABCDE1615Z5,1122,0.7,0.4583333333333333,0.041666666666666664,167995.08868046475,33823.07063408984,1105.9049072914722,24.0,1118.0,107.21980716752786,3558.6406104733665,3492.638472661701,28453.24340743465,17.0,29.0,20106.548418868835,557.2837356618876,16.0,6363.750932400114,1119.8049532430769,2065525.752040464,2007639.4814940174,29423.466243300507,1.0,18.0,1.0288330006856459,0.9583333333333334,66.0021378116653,0.01854700854517753,1.822046851459656,12.031695976450473,10.42138808997408,0.39127714544361425,0.006582920566650497,1.0,4,0.78125,1,0.838762167928435
29ABCDE1616Z6,288,0.7,0.5,0.5,108577.21288674783,10924.186752893751,15449.133063838846,2.0,442.0,60.18152638765741,2240.145464173546,2193.226979717217,9401.823314884032,6.0,12.0,12807.643462786102,764.2630427002538,6.0,4192.400897329787,1323.6554502397364,554993.172502579,544912.0691144296,17755.59283666685,1.0,7.0,1.0185004222874579,0.5,46.91848445632877,0.020944391873961788,1.911521669257567,11.595226048369744,8.658519127506672,0.4838545590617077,0.14228575561427795,1.0,4,0.21875,1,0.9481361093892103
29ABCDE1617Z7,1075,0.3,0.375,0.041666666666666664,72333.78794665102,19850.59336446804,678.8432509404881,24.0,1302.0,34.802523999666434,1323.6001987456068,1193.7823705635985,2513.3350659276666,18.0,51.0,8772.521057552167,651.0291643195992,19.0,5698.321798138922,912.2297560797482,1005780.1853044156,915397.7816537849,14095.017260826979,0.0,21.0,1.0987356594718234,0.9583333333333334,129.81782818200827,0.09807933566724931,4.773333849325215,11.189060453513822,11.123668295706272,2.588944635095599,0.00938474101066218,0.0,4,0.8541666666666666,0,0.24363626030118707
29ABCDE1618Z8,779,0.3,2.0526315789473686,0.15789473684210525,150523.0438137139,21431.573354310713,963.1809703613079,19.0,1540.0,61.46110378504761,2909.337756480135,2658.315174635943,24038.806749754738,17.0,1.0,16236.72663838362,164.58106135179446,1.0,13466.27813513918,2716.7212166994063,2880390.980341095,2641691.965336482,23876.32610117921,0.0,22.0,1.0903583832395118,0.8421052631578947,251.0225818441918,0.08628169118043266,5.065719168150703,11.921878109970429,8.03333401588006,1.619001704703697,0.0063988512795558755,0.0,4,0.6145833333333334,0,0.4782055322384999
29ABCDE1619Z9,202,0.3,2.0,1.0,163760.15252029762,17781.066920135112,0.0,1.0,334.0,67.73254126628763,2775.852030731679,2879.8151650033374,8707.496936843541,4.0,4.0,19827.24542548743,555.0957465769097,3.0,4143.1288309611655,3286.2576619223305,122260.23645448238,127021.13172886483,3366.461333034813,0.0,1.0,0.9625188721783325,0.0,-103.96313427165842,-0.0374526931265335,1.438678732340228,12.006164258172506,7.423568444259167,0.0,0.0,0.0,4,0.09375,1,0.98
29ABCDE1620Z0,771,0.7,2.6842105263157894,0.2631578947368421,42852.13526455413,11237.806603424073,715.6695464206816,19.0,1720.0,17.775658794136376,786.9056385362655,822.2592628276591,742.0595310828669,19.0,4.0,5000.0,536.7464526193392,4.0,3802.740169521624,1144.5276503598266,745842.2205606211,774255.1976984547,8276.79331711598,1.0,21.0,0.9633028267394345,0.736842105263158,-35.353624291393544,-0.044927399881331806,4.624745918269645,10.665534089716909,9.06009870864564,0.0,0.01670051775681034,1.0,4,0.65625,1,0.856667544642897
29ABCDE1621Z1,565,0.3,1.4615384615384615,0.15384615384615385,47290.94442371697,9698.674708789595,488.346391057575,13.0,836.0,22.77593851151492,917.6144563604182,813.3568705147158,2222.834863284787,11.0,25.0,6886.349477864715,525.3055263223577,14.0,5390.097198072478,2130.702051455489,469978.7866784701,417434.309642202,6810.255174790421,1.0,14.0,1.1258748402384697,0.8461538461538461,104.25758584570247,0.1136180725173236,6.6269769070266396,10.764095251809282,9.987920608510958,2.210835334866262,0.010326206651225545,1.0,4,0.5416666666666666,0,0.48149047849098253
29ABCDE1622Z2,236,0.7,10.5,0.5,47137.39183133791,4317.04984070201,6105.230434161393,2.0,252.0,17.7978096662668,779.321853981305,715.6941579851064,5079.271866355032,3.0,3.0,5000.0,1015.1736156042406,3.0,4186.561726970093,2337.5911540237325,122849.75260971012,115751.6825419752,6196.15652084591,0.0,4.0,1.0613215282219413,0.5,63.62769599619867,0.0816449528152524,5.849651950152171,10.760843061172052,6.919683849847411,0.8926942152523998,0.12951715569775962,0.0,4,0.125,0,0.7385652919895452
29ABCDE1623Z3,140,0.3,4.0,1.0,183878.66532703364,17781.066920135112,0.0,1.0,156.0,109.59056095905169,4119.078091121763,4428.985663684269,73.45175215786223,2.0,9.0,26503.813741934922,470.0970605299232,2.0,4791.3625919025235,2851.6135987999514,316057.2825760066,340133.11023120396,25617.646718297645,1.0,2.0,0.9292164539969898,0.0,-309.9075725625062,-0.07523711998334753,1.0818193951697757,12.122036829856693,7.358830898342354,0.0,0.0,1.0,4,0.07291666666666667,1,0.98
29ABCDE1624Z4,829,0.7,0.42857142857142855,0.14285714285714285,46289.18732975977,9371.944744008251,954.7075026032227,21.0,1836.0,21.615591020490072,882.0718164527078,843.4162319655434,3388.545764220168,23.0,8.0,6274.7726151765855,391.8813039042601,8.0,3664.5277969522012,960.0687356411858,581161.589523187,566668.3757841184,8419.759014142974,0.0,17.0,1.0255761823994745,0.8571428571428572,38.65558448716445,0.04382362497718117,4.344862783126885,10.742685280890313,9.713113662551345,0.6639593534899992,0.02062440352211418,0.0,4,0.71875,0,0.6369174475655827
29ABCDE1625Z5,949,0.3,0.0,0.0,611449.1360140071,155372.79871745422,6161.685186540894,23.0,1364.0,225.73195360786372,11401.68655892917,10591.055206865552,370792.0320504982,14.0,23.0,80260.7786242208,671.6664029326658,10.0,47998.00668826043,7052.797512867693,11936709.609451074,11206242.251385523,136411.48608844454,0.0,22.0,1.0651839699409709,1.0,810.6313520636177,0.07109749490778415,4.531938107276239,13.32358868706251,10.396963537967006,1.3312438498468568,0.010077167087914004,0.0,4,0.71875,1,0.9261292418934025
29ABCDE1626Z6,1268,0.7,0.08695652173913043,0.043478260869565216,75317.20215466128,14100.45665735427,256.8397298658449,23.0,1896.0,27.904110374884578,1366.6098872387527,1278.699776300305,3631.640179528455,20.0,4.0,7117.36510387589,520.4809401324655,4.0,6534.086858488453,1991.4630634212022,1222480.0033295928,1145776.8979947448,11452.036409844386,0.0,19.0,1.0669441891079214,0.9565217391304348,87.91011093844759,0.06432714394893684,5.1099460401828605,11.22947711305792,9.157466882369114,1.4585712100185486,0.0034100618777176913,0.0,4,0.6875,0,0.5131567539460271
29ABCDE1627Z7,774,0.3,2.4,0.25,160346.58073862563,53468.860344799046,1609.0445989692219,20.0,1606.0,74.17082370305425,3066.034294937062,3203.352171752682,26963.444493449904,19.0,18.0,17334.44317898605,664.5082832416224,12.0,4149.124343477905,906.9011285138305,2348605.676261209,2455650.4999187756,51078.92205347234,1.0,19.0,0.956408770848658,0.75,-137.3178768156199,-0.04478680393183231,1.295244519183713,11.98509911762754,10.326563344903953,0.0,0.010034729501731884,1.0,4,0.7291666666666666,1,0.9387266874189472
29ABCDE1628Z8,222,0.3,5.25,0.25,30513.332096781873,6169.986856355142,2109.4024602080162,4.0,302.0,17.5608505245428,657.5882008315107,668.256013771471,2608.3066713364474,4.0,1.0,5000.0,1192.96011547192,1.0,3735.5760182228796,1390.829345091448,90814.80340579594,90606.44444707729,3767.4997854247763,1.0,4.0,1.0022996041836776,0.75,-10.6678129399603,-0.01622263435759797,5.590037263024715,10.325951757037332,6.406879986069314,0.0,0.0691282527016372,1.0,4,0.13541666666666666,1,0.9455763210986893
29ABCDE1629Z9,847,0.7,0.9473684210526315,0.10526315789473684,59285.76626326206,9999.579576590495,376.1506139999967,19.0,1586.0,23.55819008358548,1057.9131889716614,1017.8251150598148,1833.675368127594,18.0,8.0,5777.122310568792,582.2773677467444,8.0,4257.78455239413,1299.1281593076465,946559.2370948123,905517.9849333541,9199.392182195703,1.0,22.0,1.0453235085821944,0.8947368421052632,40.08807391184655,0.03789353826925434,4.183218206542203,10.990141394199696,9.566825297862628,0.935913205966574,0.006344596572019212,1.0,4,0.6979166666666666,0,0.7509301558467325
29ABCDE1630Z0,1048,0.7,1.125,0.08333333333333333,119387.51705157645,32078.975242415116,-1966.6752842538187,24.0,934.0,74.158652230578,2219.4559011421306,2109.5554228178594,13823.57572887718,16.0,52.0,14764.670868007031,666.5007398381211,21.0,5113.149311502951,1326.2303468873802,1430283.7290538207,1359867.8969878512,18509.48027898105,1.0,22.0,1.0517813768689905,0.9166666666666666,109.90047832427126,0.0495168560311185,2.4238042083165614,11.690138303218456,10.81083844284081,0.9347030863260313,-0.016472901522046755,1.0,4,0.8645833333333334,0,0.7523348226830631
29ABCDE1631Z1,1398,0.7,0.13043478260869565,0.043478260869565216,68372.36095656121,16734.245960723692,-697.4204086306645,23.0,1674.0,30.25228077185069,1370.2319771855418,1295.1531813448817,5867.0741860912685,19.0,6.0,7258.165572485589,462.94596427316566,6.0,5744.641881244606,1369.2077362971288,1274593.9766470336,1206227.4680422484,13849.805191225423,1.0,23.0,1.0566779570322227,0.9565217391304348,75.07879584066018,0.05479276289761688,4.435492236740209,11.132738568052119,9.36947859331448,0.9800979948285347,-0.0102001773625513,1.0,4,0.7395833333333334,0,0.7527810747616458
29ABCDE1632Z2,988,0.3,2.7083333333333335,0.25,135086.1006672062,42985.25748271631,2690.552010512582,24.0,2044.0,49.489259765849084,2483.775361652254,2574.026986417522,10828.14471802595,20.0,26.0,15492.347999558175,653.2054504286989,12.0,4745.070992866496,1089.7053694297413,2557570.65141831,2643816.550288428,39936.35309871973,1.0,20.0,0.9673782589564662,0.75,-90.25162476526793,-0.03633646832909674,1.843442597107573,11.813675039502352,10.918989934481232,0.0,0.0199171645347611,1.0,4,0.7916666666666666,1,0.9207074236274402
29ABCDE1633Z3,1210,0.3,0.75,0.08333333333333333,443910.08065039135,87734.05420765896,4902.554117365849,24.0,1412.0,214.86311368685952,8734.839843440064,8119.97774132914,197375.37808963482,18.0,43.0,57567.24405851278,598.3677507475147,16.0,35187.01511254324,7254.385737947227,7429791.090554309,6847700.037347593,69618.02911560865,1.0,23.0,1.0850053375632651,0.9166666666666666,614.8621021109238,0.07039191480685136,4.333388124138326,13.003379552552461,11.03766001660279,1.383981031646474,0.011044000321377262,1.0,4,0.84375,0,0.6730383339679825
29ABCDE1634Z4,137,0.3,0.0,0.0,324087.3724306203,17781.066920135112,0.0,1.0,140.0,197.16379644733684,7420.946486321589,6380.51926499199,671023.0459142381,2.0,5.0,48433.10342775921,690.2435615428736,2.0,40079.430384457926,18365.51126417251,522684.27815865166,448695.9055353475,66062.09554384334,0.0,2.0,1.1648964737822316,1.0,1040.427221329599,0.14020141814084383,6.281531129348959,12.688771511999239,6.740519359606223,1.2701138878212082,0.0,0.0,4,0.07291666666666667,1,0.9521209988677508
29ABCDE1635Z5,788,0.3,0.0,0.0,467662.33602844214,123107.18057221585,14470.605590603878,20.0,1712.0,178.93436743207243,8423.596746501244,7699.331518957073,232500.81618564538,19.0,2.0,42666.25698307449,929.1528725556949,2.0,44166.67220781495,10543.215062120307,6941324.859851413,6338875.21973737,101108.8667218722,0.0,19.0,1.0950404636832407,1.0,724.2652275441706,0.08598051988243567,5.736429467814061,13.055503948570262,8.54461378699223,1.5020502436127827,0.030942356340125435,0.0,4,0.625,0,0.7241796616500417
29ABCDE1636Z6,1355,0.7,1.0,0.08695652173913043,68809.26595267141,16081.303018029728,-211.1927653064695,23.0,1338.0,37.366634502485844,1260.0700758368698,1239.7577723794334,7361.052516072431,20.0,63.0,9347.645904605093,613.2613104724661,22.0,4129.613068713038,990.8982176003022,972541.2446402572,950958.2154425073,11562.522402135039,1.0,23.0,1.0226960857451626,0.9130434782608696,20.31230345743643,0.016119979235239043,3.33098381048032,11.139108227218433,11.358561429050845,0.2367335008428922,-0.0030692043168635713,1.0,4,0.9166666666666666,0,0.7282041217955936
29ABCDE1637Z7,1456,0.7,2.5,0.20833333333333334,202254.13527091438,55533.005824888794,1771.1828096199479,24.0,1520.0,93.12628458319847,3819.3234697313555,3630.7792969245215,60798.20971885348,19.0,78.0,24563.210270385636,588.877876768577,21.0,10197.034713513764,1664.503432460098,3151309.636641748,3024857.138837783,51018.64406762132,1.0,20.0,1.0418044529046917,0.7916666666666666,188.544172806834,0.049365856100189356,2.80849753719573,12.217285225307494,11.696571144726313,0.7646525609766303,0.008757171021875437,1.0,4,0.875,0,0.760290994015024
29ABCDE1638Z8,320,0.7,3.5714285714285716,0.2857142857142857,168230.95908948247,39404.63321682015,6963.952243655725,7.0,614.0,57.68445531084659,2938.7102080446925,2964.3323854319424,6810.629228210317,6.0,17.0,9095.94417521319,616.3493178278623,11.0,7630.577831403228,2742.323838667126,850270.3865164752,853589.8530250265,29633.68696687282,1.0,6.0,0.9961111692028819,0.7142857142857143,-25.62217738724985,-0.008718851323655314,2.5741303063392307,12.033099014949343,9.311994025702681,0.0,0.04139494232455323,1.0,4,0.3125,1,0.8912932418290358
29ABCDE1639Z9,203,0.7,1.7083333333333333,0.125,75317.20215466128,17781.066920135112,507.1254834504569,21.0,338.0,18.651207011577615,783.980054405504,792.0469380728044,334.39735495808014,4.0,1.0,5000.0,343.87796353400677,1.0,3213.302539447482,1082.086216111357,102203.50824140842,103896.10242883516,1270.751292385479,1.0,3.0,0.9837087807159455,0.875,-8.06688366730043,-0.010289654209911741,4.0569597393634735,11.22947711305792,6.519147287940395,0.0,0.006733106592336152,1.0,4,0.3020833333333333,1,0.9173404550066838
29ABCDE1640Z0,447,0.7,0.0,0.0,60085.60598877671,10950.496582285075,-2726.9700882380153,9.0,530.0,40.93925487133837,1141.364274928825,1028.416233252109,3453.845632466813,10.0,17.0,6567.766128038925,412.7733557119057,9.0,4451.066901027296,1234.444278358475,370783.5832526024,336072.3402430644,7558.936976647261,1.0,12.0,1.1032850337651503,1.0,112.948041676716,0.09895880233658041,4.328079193141391,11.003542233602273,9.165133779138102,1.9216061579345285,-0.045383992711243715,1.0,4,0.4166666666666667,0,0.6305840876137283
29ABCDE1641Z1,1374,0.7,1.375,0.08333333333333333,115517.60328694877,20242.080495301518,268.3077837925676,24.0,1408.0,52.80849365839787,2229.977451394962,2143.8083763123445,8364.207569253167,17.0,1.0,9803.388755537015,625.7686626689413,1.0,6766.73069569146,1739.5283892938462,2005855.2429951984,1939120.053731018,16763.638002750387,1.0,22.0,1.0344151921567604,0.9166666666666666,86.16907508261738,0.03864123156434355,3.1564065009071376,11.657186863393491,7.943782692458625,0.9421348535596422,0.002322637013936965,1.0,4,0.6666666666666666,0,0.6932865004673081
29ABCDE1642Z2,1411,0.3,2.4545454545454546,0.13636363636363635,46575.46887375514,15320.570428458264,770.4449001030875,22.0,1498.0,20.712652182559008,809.2891139482987,823.7399897081957,1590.4745409713375,19.0,17.0,9095.94417521319,616.3493178278623,11.0,3901.6926193630597,928.9399606198253,698063.3598237449,707611.6846028748,9911.646060668607,1.0,22.0,0.9865062646831664,0.8636363636363636,-14.45087575989703,-0.017856258672991645,4.7365584627562,10.748850732787945,10.202925255998762,0.0,0.016541505157708875,1.0,4,0.7708333333333334,0,0.6576451393899581
29ABCDE1643Z3,1266,0.3,0.4583333333333333,0.041666666666666664,203718.73596420462,39373.30093095673,1525.129778272263,24.0,1008.0,110.59619106243824,4007.3328373874833,3955.5929191080695,75409.48575289843,14.0,69.0,23133.18505527334,539.0875377413911,20.0,8853.874081621014,1354.7275184547516,3166358.462411672,3139699.5407190216,33229.80715250508,1.0,22.0,1.0084909149257464,0.9583333333333334,51.739918279413814,0.012911310434883874,2.2383178104225743,12.224500484925665,11.165210262402969,0.18841256817166258,0.007486411520483425,1.0,4,0.8333333333333334,1,0.8308261932770861
29ABCDE1644Z4,464,0.3,3.7777777777777777,0.2222222222222222,291080.837059239,39138.98080860729,8368.66790111011,9.0,954.0,100.33389334316159,4945.4816421393,4626.371782798316,33630.00004117885,10.0,28.0,27318.281868785805,559.4862612440023,10.0,27232.00013014417,13060.778395693103,2420112.4458322222,2230923.7073976086,37924.0575249055,1.0,10.0,1.0848028723740195,0.7777777777777778,319.10985934098335,0.06452553713311206,5.886254155231893,12.58135973362442,10.229007170467204,1.7400844729322074,0.028750223599169383,1.0,4,0.40625,0,0.522046859583275
29ABCDE1645Z5,444,0.7,4.3,0.2,127518.11313018846,17148.733460867214,1009.178708830085,10.0,560.0,79.91913043493737,2484.495347989888,2488.250545739548,13826.498477618261,9.0,18.0,20074.737365959532,617.845241948655,8.0,5483.910064114417,1988.7277213893205,878539.279079974,873311.1826809825,20634.20102654093,1.0,11.0,1.0059865217607105,0.8,-3.7551977496600557,-0.0015114529204887605,2.2039219778346357,11.75602153924914,9.274159884689137,0.0,0.007913940773723711,1.0,4,0.3958333333333333,1,0.8880529618341669
29ABCDE1646Z6,339,0.3,1.8333333333333333,0.16666666666666666,66059.26460336118,15196.957177282397,3435.0393124850834,6.0,440.0,41.01223685524174,1327.080555342311,1250.831475558598,3565.2954538167323,7.0,7.0,6318.798066235549,531.0318892718489,5.0,5099.835971197575,1381.1282260237695,333574.69223926554,317146.51854977116,11544.747480306525,1.0,8.0,1.0517999496403623,0.8333333333333334,76.24907978371311,0.05745625574631768,4.077156732021061,11.09832270443723,8.168486417126681,1.276809033765883,0.051998570291986186,1.0,4,0.2708333333333333,1,0.8270567266538312
29ABCDE1647Z7,1413,0.3,0.5416666666666666,0.041666666666666664,60599.881102629064,13127.382599995626,3.977692612172826,24.0,1968.0,21.67268521093191,1052.608204563994,978.4320094890534,4139.547003691146,21.0,22.0,8090.728831425618,620.2024234281515,16.0,4754.6752334629255,1066.0458993662216,942218.5817215252,871020.1206896562,10162.512638828957,1.0,19.0,1.0817414653699335,0.9583333333333334,74.17619507494055,0.07046895013103707,4.859484550128182,11.01206471159905,10.720775294568275,1.1527514907472705,6.563753760339733e-05,1.0,4,0.8333333333333334,0,0.41602105814201223
29ABCDE1648Z8,1331,0.7,3.227272727272727,0.22727272727272727,63710.14978147841,18903.61380006139,-1810.1499756605065,22.0,994.0,36.720507703324174,1184.5353591449573,1096.726181924057,6515.283296687295,16.0,56.0,7720.339270129119,553.7701969656376,23.0,4734.61639473798,1097.5156978315142,757476.9293759883,692960.7276066006,10683.501402790136,1.0,21.0,1.093102248365818,0.7727272727272727,87.80917722090021,0.07412963787276407,4.31704510457819,11.06211486205926,10.945794004993143,1.0877771438184778,-0.02841182401932948,1.0,4,0.8541666666666666,0,0.6091020371041924
29ABCDE1649Z9,248,0.3,0.0,0.0,49415.985339425286,13498.34844652356,271.31899410738407,4.0,266.0,22.43878120511806,1014.7106448563469,974.8612886641213,4497.513968460255,3.0,2.0,7387.588540049148,478.1970364251359,2.0,4575.719183605243,1280.623111526465,115292.70440818631,108541.37705342312,9995.893302968076,0.0,3.0,1.0622004947610002,1.0,39.84935619222563,0.03927164497014528,4.693713081863652,10.808049476860957,6.68586094706836,0.5941372375446095,0.0054903995507577736,0.0,4,0.125,0,0.7602615342370604
29ABCDE1650Z0,207,0.3,0.0,0.0,155137.47097196427,17781.066920135112,0.0,1.0,212.0,79.5594326838939,2978.8151973140007,2643.3847123478354,45985.61225570452,3.0,3.0,11683.325332667766,413.5690350448938,2.0,17519.900959798717,8151.9196377637945,218921.91599428476,200653.15277328063,22231.778616901516,0.0,2.0,1.091046479801123,1.0,335.4304849661653,0.11260533559403858,6.627828661473065,11.952073358201298,6.747586526829316,1.5641803347655678,0.0,0.0,4,0.08333333333333333,0,0.4529027284845875
29ABCDE1651Z1,501,0.7,5.333333333333333,0.3333333333333333,108826.78528978112,40891.787579715376,8007.949205302795,9.0,646.0,57.17086417314768,1835.2906816120462,1857.9471439732938,10652.182602754117,10.0,24.0,12286.388035475858,436.0532760015064,11.0,3761.99737714028,1094.8592855741401,690320.187622038,690872.4786337421,23663.127736692488,1.0,11.0,0.9992005890684829,0.6666666666666667,-22.656462361247577,-0.012344890424304363,2.024813993952002,11.59752196030185,9.691222119369101,0.0,0.07358368254926471,1.0,4,0.4270833333333333,1,0.93353417126208
29ABCDE1652Z2,1400,0.7,1.1304347826086956,0.2608695652173913,50843.74210925423,12464.511928890015,-43.132469909083866,23.0,1604.0,21.401953279847483,891.2720217037665,915.5034025528315,3954.8642863327996,19.0,9.0,5448.260222964853,612.7599557878846,9.0,3626.547118450763,1047.4958045176627,839248.30318669,864018.14798014,11385.255381453706,1.0,22.0,0.9713318003199866,0.7391304347826086,-24.231380849064976,-0.027187413336215775,3.9612601202118234,10.83653199611589,9.683464128558162,0.0,-0.0008483172127493856,1.0,4,0.7604166666666666,1,0.8520197950630954
29ABCDE1653Z3,1454,0.3,0.782608695652174,0.043478260869565216,71051.52727432667,12968.728583928596,154.9552636086645,23.0,1914.0,27.64757355444138,1333.3880503665853,1312.4847387934547,3944.036320733513,20.0,4.0,7567.391813940498,622.8862356028496,4.0,4099.954887348217,1070.8380529502947,1231225.724821135,1202481.6161695975,10422.012184597137,1.0,20.0,1.0239039901026508,0.9565217391304348,20.903311573130622,0.015676840337202454,3.123811474651688,11.171174703256137,9.166910814048846,0.3328048073048587,0.002180855059671527,1.0,4,0.6979166666666666,0,0.7604456721078052
29ABCDE1654Z4,1473,0.7,0.75,0.041666666666666664,472986.5343923522,94281.99599851471,-2015.2282363381225,24.0,1580.0,235.3595416762417,8990.788388017929,8717.21522381359,159604.79469252925,21.0,30.0,52412.77597155293,519.9395926866788,12.0,25959.34560153324,4394.093936957469,7220944.4807786,7041294.260275063,81985.11278568013,1.0,21.0,1.0255138066757232,0.9583333333333334,273.57316420433926,0.030428161847178125,2.977940194778924,13.066824312776582,10.799800041694619,0.6847770017726085,-0.004260637098876378,1.0,4,0.8125,1,0.845838705811301
29ABCDE1655Z5,550,0.3,1.8571428571428572,0.14285714285714285,36334.84157301801,12539.416173860463,843.4192634713547,14.0,784.0,19.627165296510466,688.7121137315221,710.1694855834056,1418.4136659326448,11.0,12.0,5097.307891997989,833.1828339112031,11.0,3727.4808766730216,1146.5789742881618,374376.835026885,385461.58503876766,9053.247595199302,1.0,14.0,0.971242919029745,0.8571428571428572,-21.457371851883522,-0.0311557927094167,5.248720132787582,10.500559904280188,9.230633075243945,0.0,0.02321177181974655,1.0,4,0.5208333333333334,1,0.8351284044958751
29ABCDE1656Z6,327,0.7,4.5,0.16666666666666666,111983.21455509703,18661.8362743556,-3911.146957241099,6.0,444.0,52.111610148281976,1946.5952045509282,1909.6639464219381,7014.480625989357,6.0,19.0,15733.072574170708,632.5029883882602,7.0,4893.1138051586895,1377.2099940479068,571607.4680730388,561705.8304121576,10723.925647817818,1.0,8.0,1.0176277993297949,0.8333333333333334,36.931258128990066,0.018972233180606216,2.562290508927879,11.626113198871701,9.093806555720231,0.4409256746749626,-0.03492587747996202,1.0,4,0.28125,1,0.9226066756116408
29ABCDE1657Z7,638,0.3,6.066666666666666,0.3333333333333333,45052.28327890739,15053.742155436536,453.65324709277985,15.0,1184.0,24.226386722954913,884.7701094171656,907.9825080814978,1229.7030584540125,16.0,11.0,6015.492675911233,828.7162601654862,9.0,3833.592862380811,910.5713289438507,540712.0508713338,555029.4312466177,10337.050507526112,1.0,17.0,0.9742042861706874,0.6666666666666667,-23.212398664332227,-0.026235514081305467,4.222099906396786,10.715601141155668,9.562404703357231,0.0,0.010069260530567522,1.0,4,0.59375,1,0.8240908273290088
29ABCDE1658Z8,1173,0.3,2.0416666666666665,0.20833333333333334,149772.85466143058,39926.03275086802,1751.1034587619858,24.0,1358.0,74.13889587487645,2654.5565297584967,2644.423501719515,16782.696369040197,19.0,66.0,19360.442498639386,622.2923896650578,18.0,5817.976628063694,1332.924823014724,1727688.886801835,1689085.3630275293,28717.096975387554,1.0,17.0,1.0228546908399658,0.7916666666666666,10.133028038981593,0.0038172206639364593,2.2000926191589967,11.916881799861832,11.419197033542108,0.0782159703053728,0.011691649805771647,1.0,4,0.8125,1,0.8028675163902799
29ABCDE1659Z9,455,0.3,1.375,0.125,32008.971771671306,7059.691323548889,-251.72075902518813,8.0,596.0,21.19092578869208,574.9552667318861,573.2076214554301,643.9652487888645,11.0,9.0,5353.735590651713,508.2850687772109,8.0,3708.7667783797565,1041.3399082206106,138889.44335239087,141545.3042312507,3702.026167397597,1.0,9.0,0.9812366726449591,0.875,1.747645276456069,0.0030396195627355356,6.470197951944247,10.37380275110383,8.694502206386648,0.06881531939542632,-0.007863823211739287,1.0,4,0.375,0,0.7572869625377716
29ABCDE1660Z0,1468,0.3,0.0,0.0,250993.68997113223,52549.050291020954,916.4296175906285,24.0,940.0,142.23973099565146,4743.352435684458,4170.337373376367,79024.25332655812,15.0,106.0,29763.387423596676,575.2681523242904,24.0,20634.552127681818,6608.326739090283,2330503.49576195,2054092.7874859564,28347.90022809198,1.0,16.0,1.1345658336176225,1.0,573.0150623080908,0.12080381335303533,4.947933531568401,12.433187062396643,11.519771974047284,2.0383703320364503,0.003651191257058188,1.0,4,0.8229166666666666,0,0.24562492122655336
29ABCDE1661Z1,353,0.7,0.0,0.0,36174.50896853865,3796.2393491246285,364.51159470849717,7.0,512.0,19.04863616688445,711.3568185017232,681.914855418968,1829.2837542218124,7.0,7.0,5374.209985002866,490.24281409723244,6.0,3671.2658909031243,1015.2242877020044,196007.08668340385,188603.75203585363,4386.060508393386,1.0,8.0,1.0392533794669305,1.0,29.441963082755137,0.04138845979541815,5.3837599543824295,10.49613762102168,8.319717386850606,0.6881887223338805,0.010076198099258478,1.0,4,0.2916666666666667,0,0.6879760003312343
29ABCDE1662Z2,260,0.3,0.0,0.0,285178.4650641253,35583.48313494645,35582.39372240109,3.0,332.0,107.0748950123802,4954.013239158178,3933.203046869378,106866.82789642429,4.0,6.0,35185.37757614333,771.7552852025034,4.0,49110.660459083105,11593.300077804193,1229372.3532729626,987658.9998017595,34230.99664642207,1.0,6.0,1.2447336110132337,1.0,1020.8101922888004,0.2060572192702222,12.4861747216871,12.560873963051074,7.754052639035757,3.122637036540261,0.12477193515458783,1.0,4,0.17708333333333334,0,0.18680602358387943
29ABCDE1663Z3,512,0.3,2.3636363636363638,0.18181818181818182,44303.862203693614,12284.329288570016,-1044.9993895783728,11.0,580.0,21.8943043608028,805.8406490492522,781.4964171089508,2335.3462960488896,8.0,13.0,5914.1658687402505,626.9860639344099,10.0,3862.0345716439015,1180.2044318419125,424345.74648002425,418931.3477448893,8876.269314765856,1.0,14.0,1.0129243103059264,0.8181818181818181,24.34423194030137,0.030209734355077778,4.941845524936659,10.698849706301498,9.003808086467169,0.5036484128467543,-0.023586562232694477,1.0,4,0.4479166666666667,1,0.8755800754907916
29ABCDE1664Z4,279,0.3,0.0,0.0,32857.187657054805,745.807576101353,391.30573287852894,3.0,452.0,13.705896817607158,618.6388613884549,620.3742109232322,213.24398063254517,5.0,4.0,5420.640428346452,423.4786439463331,4.0,3579.5832250113144,1102.4286352644085,156726.50166856113,154227.8524320462,2532.4140020379027,1.0,6.0,1.0162010246340936,1.0,-1.735349534777356,-0.0028051091567099238,5.770038731436352,10.399956236602655,7.725330037917135,0.0,0.011908926230583317,1.0,4,0.1875,1,0.8085327307191248
29ABCDE1665Z5,704,0.7,1.1666666666666667,0.2222222222222222,145487.48479431306,39428.82030114464,4336.667819488354,18.0,1238.0,71.9534228664401,2848.2912585525733,2719.1048357382306,34636.37114949876,16.0,66.0,16496.493523936635,580.6272204079398,20.0,8271.434288080723,1020.1522462916923,2032909.1392294564,1941734.8942931034,29095.996468835747,1.0,19.0,1.0469550427323115,0.7777777777777778,129.18642281434268,0.045355762837256966,3.0419696141782073,11.88785222015464,11.326752501020108,0.6941357479660876,0.029807636154980898,1.0,4,0.7604166666666666,1,0.7832435510546145
29ABCDE1666Z6,874,0.7,2.142857142857143,0.09523809523809523,37987.57477953588,4993.64402433038,184.3532392516923,21.0,1642.0,14.848123747584143,698.355734124263,656.1231099609126,2761.7883099588284,18.0,15.0,5176.370248957704,612.5944734151072,15.0,3835.6768667944716,1114.8437794874887,650362.9294355472,609014.8299778602,5069.690945642128,1.0,20.0,1.0678934197040655,0.9047619047619048,42.23262416335035,0.06047437158414686,5.845971294964714,10.545040729803707,10.17686784027705,0.803478504751915,0.004852860111798714,1.0,4,0.7708333333333334,0,0.558496397054382
29ABCDE1667Z7,1086,0.7,0.8,0.05,59131.38347105523,9034.719953400245,902.4094382057568,20.0,1422.0,26.540721622383742,1022.5559242427609,963.8075571798539,1928.7461793368975,19.0,39.0,6786.936714496131,586.9601559152145,20.0,4000.4643999751684,999.9631569603641,737278.2673571932,683447.9939568233,6820.106072595097,0.0,19.0,1.078762793769749,0.95,58.74836706290694,0.057452473424778404,4.150687935754223,10.987533997000549,10.949402052203789,1.3373519177897633,0.015260833154940864,0.0,4,0.8125,0,0.4007761638707372
29ABCDE1668Z8,217,0.3,25.0,1.0,71529.07557437722,17781.066920135112,0.0,1.0,270.0,47.04549481207241,1739.4883142438111,1436.0825855710768,52352.17878985135,4.0,17.0,13057.839253699984,522.7642753909728,5.0,13937.55736509945,4732.55257188421,236838.0647602853,196353.18689368223,19515.230074994117,0.0,3.0,1.2061839611929706,0.0,303.4057286727343,0.17442240122471336,9.705261734343084,11.177873277642863,8.492490578775865,1.3260266374790772,0.0,0.0,4,0.13541666666666666,0,0.40422523599077503
29ABCDE1669Z9,542,0.3,0.0,0.0,54592.46954840447,7810.425255202267,2149.6934861366713,10.0,1090.0,25.244731455797897,1038.1738375452512,1078.4997999024188,3271.4906624431374,13.0,9.0,6323.63080922251,303.45252586814513,9.0,3739.624240059784,1108.258070746504,604872.7573145621,626371.8637685247,6946.092058677796,1.0,14.0,0.9656767685498919,1.0,-40.325962357167555,-0.03884316951438285,3.4674315566847023,10.90766954923913,9.297435078827117,0.0,0.03937638519623081,1.0,4,0.4791666666666667,1,0.8848406447523526
29ABCDE1670Z0,1277,0.3,0.5454545454545454,0.09090909090909091,78201.4518578401,16281.48443827741,70.86273330745237,22.0,1670.0,28.18404354490295,1366.519585702299,1248.3333431859191,8046.305677165236,18.0,4.0,9697.981309272054,666.7209467082819,4.0,7498.473188101098,1980.9669596126855,1430789.4260899602,1322769.757936551,12325.461296190007,1.0,23.0,1.0816617310044296,0.9090909090909091,118.18624251637993,0.08648704618136897,6.006787553205907,11.267056279722706,9.030615441029493,1.317472856149004,0.0009061446492274923,1.0,4,0.6979166666666666,0,0.4843527707626275
29ABCDE1671Z1,166,0.3,0.0,0.0,304888.54344555415,17781.066920135112,0.0,1.0,232.0,158.83338910672612,6349.199288581011,5933.916135672473,16990.095830216156,3.0,17.0,9095.94417521319,616.3493178278623,11.0,24330.11108548405,11057.61529216596,477530.52963418496,448743.2059952441,38571.867970086096,0.0,2.0,1.064150996058191,1.0,415.2831529085388,0.06540716931903878,4.100177779598295,12.627704837358918,8.341410211461865,3.185910846409442,0.0,0.0,4,0.17708333333333334,0,0.5066857953917859
29ABCDE1672Z2,1468,0.7,4.913043478260869,0.391304347826087,42199.61881760422,8454.401094512668,-124.75661762532646,23.0,1146.0,23.03871108399424,801.0144706333984,849.1332107576891,1246.5947240382832,16.0,33.0,5635.604061609832,604.434304038286,23.0,4066.6076969219002,1138.8781310976287,537773.358310797,569759.2822778838,5489.057085217965,1.0,18.0,0.9438606356017442,0.6086956521739131,-48.11874012429064,-0.06007224824071027,4.78912807248845,10.65019016384086,10.571265641745534,0.0,-0.002956274602619892,1.0,4,0.8333333333333334,1,0.7717407019290348
29ABCDE1673Z3,702,0.7,3.5789473684210527,0.15789473684210525,140600.59178778654,30818.155713083554,2435.284433650562,19.0,1454.0,49.78597626249449,2544.133922554431,2281.786709823368,11527.208614111429,15.0,5.0,19343.225602370898,454.9144896707074,5.0,15417.865992681725,3756.5678997389846,2194854.3988589584,1991025.2331529655,25535.317349777055,1.0,18.0,1.1023739741274958,0.8421052631578947,262.34721273106334,0.10311847595965164,6.75692689693824,11.853685579687122,9.074520648833648,2.443405465754583,0.017320461331093582,1.0,4,0.59375,0,0.3182245659937087
29ABCDE1674Z4,1277,0.3,0.0,0.0,964452.5796645967,182252.52664087462,1301.9158836440133,24.0,1976.0,324.55902287757897,17073.491761523488,14992.939698781314,775103.2450686287,20.0,17.0,120022.12004395055,322.7238814378954,8.0,128324.57027974522,30397.623526585183,18860595.962511342,16647793.09328715,175388.07701856733,1.0,23.0,1.1329186911937568,1.0,2080.552062742174,0.12185861520318113,8.558999959839493,13.779316981257917,10.479707581066782,2.3631894009207377,0.0013498999963241095,1.0,4,0.78125,1,0.98
29ABCDE1675Z5,590,0.3,6.333333333333333,0.3333333333333333,43435.20586980881,13516.234188761293,962.2780945676369,12.0,1080.0,21.267283469778228,761.5737590998607,769.6706507241719,1612.6536973519512,15.0,8.0,5310.058987716983,725.7221301427347,8.0,3710.8646715117034,1167.3787273597748,381867.96041051816,389738.3393081589,8201.0584322119,1.0,15.0,0.9798059926267152,0.6666666666666667,-8.096891624311183,-0.010631789143944869,4.821366993817687,10.679048608938064,9.182866394975427,0.0,0.022153824794271162,1.0,4,0.5208333333333334,1,0.818092416537716
29ABCDE1676Z6,955,0.7,1.0869565217391304,0.043478260869565216,250185.52400860804,38345.29938597001,1846.2107478645892,23.0,970.0,135.76809822692354,4515.695945509961,4263.974406497761,44688.36453427796,15.0,82.0,30992.66599923499,699.755632171262,23.0,12093.51601951655,2332.2330284465866,2749059.8992585717,2597064.1026504673,24538.74186180413,0.0,19.0,1.0585260088316584,0.9565217391304348,251.72153901220008,0.05574368647705154,2.8362074596619413,12.429962014687533,11.297167076087923,1.190743689900049,0.007379337297164205,0.0,4,0.8333333333333334,0,0.4847860340444207
29ABCDE1677Z7,920,0.3,2.272727272727273,0.18181818181818182,360433.940657558,119251.25710693776,5138.522262828541,22.0,1494.0,164.2584131421385,6346.926939380319,6568.971441375202,38465.68583914419,19.0,53.0,44151.58190549712,618.6018873706034,18.0,4014.9065201194035,1025.2334799868802,4838697.07335902,5081537.6193110505,93667.65198287638,1.0,20.0,0.9522112076806873,0.8181818181818181,-222.04450199488292,-0.03498456877094007,0.6111925673525063,12.795066749677266,11.298865532389062,0.0,0.014256448760084412,1.0,4,0.8229166666666666,1,0.98
29ABCDE1678Z8,580,0.3,9.214285714285714,0.5,89078.10598059044,27095.1167472351,3964.564002908821,14.0,1214.0,39.49476387479512,1576.1329139324337,1620.3099756676513,4653.236646666896,15.0,30.0,13527.309310633802,748.3924975469356,14.0,4028.746543373939,1173.2257758384794,1046591.5429797153,1076016.8906456719,15288.837145162104,1.0,16.0,0.972653451891169,0.5,-44.17706173521765,-0.028028766701531777,2.486404826159197,11.397280085180286,10.536486560259796,0.0,0.044506104537832526,1.0,4,0.6145833333333334,1,0.9401644861231141
29ABCDE1679Z9,457,0.3,0.0,0.0,54261.2263849237,13527.880261976463,2832.2774747971503,9.0,488.0,33.153648095889324,936.0340508256589,861.6304237070067,3687.088321607237,9.0,14.0,6341.368636671848,838.5553606118492,9.0,4304.108582045654,1415.0497213365913,272456.0008733484,248467.35842332192,6517.724508693027,1.0,11.0,1.0965464542394991,1.0,74.40362711865225,0.07948816290713158,4.99530711035947,10.90158361716111,8.900412690577083,1.225161810972287,0.05219611622099005,1.0,4,0.3958333333333333,0,0.5605081728001509
29ABCDE1680Z0,1002,0.3,3.227272727272727,0.22727272727272727,41290.15998040267,7775.751094422707,784.1881085489557,22.0,1748.0,19.193710105441006,793.9380355591172,803.709834169972,2042.2410362189262,21.0,14.0,5461.565985073738,512.5899480194233,14.0,3733.644430639403,1124.115630614517,664678.0677046416,672827.3717394809,7553.548220809883,1.0,20.0,0.9878879718972036,0.7727272727272727,-9.77179861085483,-0.012308011674957995,4.645512935020023,10.62840371198038,10.174849676120813,0.0,0.018991670588114785,1.0,4,0.8020833333333334,0,0.6740554340013587
29ABCDE1681Z1,107,0.3,1.7083333333333333,0.125,75317.20215466128,17781.066920135112,507.1254834504569,21.0,58.0,17.15290137586081,492.14591158260555,502.72236821732145,6039.475649747926,1.0,1.0,5000.0,746.0447051908933,1.0,3686.189724168514,2372.3794483370284,14272.231435895561,14578.948678302324,216.8818420126596,0.0,1.0,0.9789616350825594,0.875,-10.576456634715896,-0.021490489681616837,7.332456157142811,11.22947711305792,4.770684624465665,0.0,0.006733106592336152,0.0,4,0.25,1,0.8959354375117206
29ABCDE1682Z2,831,0.3,1.4782608695652173,0.08695652173913043,174007.33105507525,49516.397085799494,3748.846794306055,23.0,1486.0,73.02592348361858,3094.8749017646096,2933.820781383014,15461.107768584396,18.0,2.0,23977.74992379264,982.5471304465811,2.0,11335.203134554537,2405.400300802939,2949279.9734655945,2752821.5615259465,35067.95821698705,1.0,23.0,1.0713661992064414,0.9130434782608696,161.05412038159557,0.052038975885509,3.8636317550423374,12.066858456677343,8.403128235128264,1.2952019579263836,0.021544064997207003,1.0,4,0.6875,0,0.6945859558899479
29ABCDE1683Z3,1321,0.3,1.6666666666666667,0.125,713459.2280045071,186413.53452751855,-3436.4191186394473,24.0,1540.0,289.4135776068321,12624.341396926899,12136.598020546513,537243.1206238067,18.0,83.0,92399.58682281124,616.2302676470271,23.0,30305.902725551958,2433.5988001273217,10043672.120029945,9730061.886026977,144462.00528370403,0.0,19.0,1.0322310626259565,0.875,487.7433763803856,0.03863515418706241,2.497067355633426,13.477881972235368,11.771003634163428,0.6654348541459613,-0.004816553164078739,0.0,4,0.875,1,0.98
29ABCDE1684Z4,1544,0.3,0.5833333333333334,0.041666666666666664,382175.5006923217,79097.61679252384,-4708.314715979635,24.0,2230.0,116.24218936267529,6610.200815955868,6350.803297982427,81840.8720782634,20.0,3.0,37075.50687887318,659.7526915100582,3.0,22749.907264247253,3056.810609434606,7939126.394736605,7621632.022095214,70663.96108822142,1.0,22.0,1.0416570062318635,0.9583333333333334,259.3975179734416,0.03924200265554738,3.582209398844808,12.853637824576568,9.096499555552423,0.9067301122062026,-0.012319738935937748,1.0,4,0.71875,1,0.8664585354578603
29ABCDE1685Z5,1260,0.3,0.9565217391304348,0.043478260869565216,70103.22677186257,15695.775043283213,447.13206165111677,23.0,1078.0,45.97905234577363,1348.1947795693404,1260.5114535224477,5151.171245604607,19.0,31.0,8577.242603698613,447.1979043570994,15.0,4323.621068617213,1535.8204400143725,569282.4135404476,536348.3135298041,8873.35004073407,0.0,16.0,1.061404313540017,0.9565217391304348,87.68332604689272,0.06503758015952396,3.430052980903133,11.157738367522514,10.449525868057862,1.2215798786280772,0.0063781041777438196,0.0,4,0.7604166666666666,0,0.49499925397951294
29ABCDE1686Z6,551,0.3,2.642857142857143,0.2857142857142857,129936.45599571362,35683.03297854036,3614.389059552968,14.0,906.0,58.14736489231273,2365.3095598567133,2423.918857637408,15452.920981247491,11.0,22.0,16766.481084702886,564.9919173634132,10.0,4191.9674726926205,1443.8171648451805,1349925.2683889165,1393706.5318877571,29888.32551668198,1.0,14.0,0.968586454538934,0.7142857142857143,-58.60929778069476,-0.02477870075671838,1.7294174099452027,11.774808505942985,9.945636666044287,0.0,0.027816375438905003,1.0,4,0.5104166666666666,1,0.9482725071693191
29ABCDE1687Z7,771,0.7,5.055555555555555,0.2777777777777778,38692.97576005394,13721.51964769061,1383.776720223225,18.0,1608.0,19.70343257327881,781.1088894242005,803.047089467416,986.2350493132155,20.0,12.0,5514.558885848448,604.9907628057621,11.0,3613.8843809554382,903.448635611631,628554.4970292386,649480.1493645201,10720.974298767818,1.0,21.0,0.9677809208553085,0.7222222222222222,-21.938200043215488,-0.028085968986202903,4.500214779873221,10.563439201785917,9.94831750445392,0.0,0.03576207130547125,1.0,4,0.7291666666666666,1,0.8740187461815226
29ABCDE1688Z8,1064,0.7,4.208333333333333,0.25,455832.7605591893,94493.53796265843,3062.642446839666,24.0,2038.0,182.01256620714375,9102.106505658787,8561.77968149164,183802.88803509102,21.0,6.0,49300.88683252181,680.4315481958614,6.0,40395.52559753945,6581.8170927231895,8787195.963338641,8243128.348622462,51792.276725626514,1.0,21.0,1.0660025650100549,0.75,540.3268241671467,0.05936283253016487,4.718122528294457,13.02988346185109,9.566124919629768,1.2603152212506352,0.006718770551533088,1.0,4,0.75,0,0.7504560561549471
29ABCDE1689Z9,856,0.3,2.4,0.15,54004.69857316338,11510.894979013088,848.8726175574564,20.0,1412.0,27.238000920811235,1105.0600306323838,1031.6098193779198,5902.244517359208,18.0,17.0,6561.907581885725,672.9128727216141,13.0,5602.214303519047,1105.8675108935643,808733.7977929204,749166.653053281,8148.456024656044,1.0,20.0,1.0795112068814987,0.85,73.45021125446397,0.06646716849620486,5.430555427339076,10.89684484911126,10.143842140580691,0.9559774828735986,0.01571820455960697,1.0,4,0.7395833333333334,0,0.48706970722352083
29ABCDE1690Z0,338,0.3,1.5,0.125,452284.6391922728,105207.31164018081,800.511144554783,8.0,540.0,218.63772496012103,9075.003576231868,7791.335206406041,92323.0738918296,7.0,10.0,53979.0206961217,628.1320534956823,5.0,44614.74661919908,11254.266245419747,2931037.4766512522,2510215.8865726804,69580.53689698805,0.0,9.0,1.16764358489227,0.875,1283.6683698258266,0.14145100429357987,5.726200379944737,13.022069204336786,8.691314551644851,4.224694994624854,0.0017699238604710038,0.0,4,0.3020833333333333,0,0.36656312787389106
29ABCDE1691Z1,725,0.7,7.352941176470588,0.4117647058823529,155775.64795586476,28127.774657283266,452.9812606658846,17.0,1608.0,57.74070371156443,2925.7320797470434,2877.2086432651818,28793.942120083946,16.0,1.0,6667.408733038096,556.5456113703636,1.0,6354.758059522226,992.7957822850741,2629993.2702738345,2600555.0295126634,25798.501278205218,1.0,19.0,1.011319983783111,0.5882352941176471,48.52343648186161,0.01658505808435368,2.20865388903829,11.956178516434395,8.076515327552329,0.28595220220746953,0.002907889382715598,1.0,4,0.5520833333333334,1,0.9012727148687659
29ABCDE1692Z2,1469,0.3,2.0,0.13043478260869565,75255.65695313276,11219.428314246956,-652.4484110736616,23.0,1392.0,40.055819369225944,1527.8913554428682,1406.7244636077903,5579.030132154327,19.0,17.0,9440.342130503175,572.1388633474292,13.0,6765.648232343012,1187.8646059156654,1086170.1822002167,1003994.0133042254,10027.801769038331,1.0,20.0,1.0818492618552007,0.8695652173913043,121.16689183507788,0.07930334274321288,4.80950492251434,11.228659643191827,10.129586731675971,1.6220554461833259,-0.008669643822738285,1.0,4,0.78125,0,0.5598240799166089
29ABCDE1693Z3,1482,0.3,1.434782608695652,0.13043478260869565,58767.80618258676,15420.80638943616,446.1153557765819,23.0,1474.0,29.82687096117276,1141.3484147670124,1172.5888376944956,2897.702480220176,19.0,18.0,6297.084136369219,550.894750284781,11.0,3927.6622316099183,1207.7620989210807,844491.5846199815,865589.8351704443,8103.807938197139,1.0,21.0,0.9756255795837663,0.8695652173913043,-31.240422927483223,-0.0273715041991454,3.3495647454160955,10.981366486019175,10.24085224794036,0.0,0.007591022938096813,1.0,4,0.7708333333333334,1,0.7957642735114714
29ABCDE1694Z4,855,0.7,1.5454545454545454,0.13636363636363635,328113.10554274207,57030.24923865609,2338.8848017028886,22.0,1046.0,211.30308759961258,6239.882264013397,5392.908769102118,112573.72762498248,19.0,76.0,38643.74512790041,585.1455094815151,23.0,29921.554027458653,7145.073425714072,3055591.4566877913,2596516.477731127,36411.636302611565,1.0,19.0,1.1768041847197561,0.8636363636363636,846.973494911279,0.13573549292683587,5.54831451978009,12.701116709621369,11.297489632724222,2.52434882511785,0.007128266545670381,1.0,4,0.8645833333333334,0,0.4313283473536739
29ABCDE1695Z5,967,0.3,5.478260869565218,0.5217391304347826,51922.77283909382,14746.75375480737,764.9343222241877,23.0,1684.0,25.010797124447553,988.9591249594431,1016.6686063533988,3014.1752918572856,21.0,5.0,5000.0,428.2854093218231,5.0,3853.025372166665,903.9880646588599,840822.2482064521,869482.6249114875,12308.136517796436,1.0,22.0,0.9670374359603184,0.4782608695652174,-27.709481393955684,-0.028018833837133605,3.7898537911844747,10.857532015130305,9.221280312014517,0.0,0.014731870979303386,1.0,4,0.7395833333333334,1,0.9065754826635803
29ABCDE1696Z6,320,0.7,2.8,0.2,132109.02793153786,37807.39157464953,-3711.1787638353444,5.0,192.0,112.94940599263059,2882.3810127357524,2539.1904749105156,9544.113699994554,4.0,7.0,18359.31919145141,467.72807914465,5.0,8749.917890320337,1558.6287528172477,249640.61380381038,220967.04096888987,19001.07720850593,0.0,4.0,1.129764025934336,0.8,343.1905378252368,0.11906494537288968,3.445947823441129,11.791390399298749,7.342131730584722,3.5127298588206384,-0.028091575044996233,0.0,4,0.1875,1,0.7979276006811821
29ABCDE1697Z7,708,0.3,1.263157894736842,0.21052631578947367,277864.1852190703,73330.80143819099,5744.598163150548,19.0,1010.0,126.40761976665178,4954.047654750316,4866.852034812629,69112.62491012759,13.0,8.0,33324.014400209504,734.4881537471559,8.0,8056.141992161576,1344.2354130365093,3424274.458842254,3398998.2017374663,51636.26266913227,1.0,19.0,1.0074363843710972,0.7894736842105263,87.19561993768639,0.017600884370596766,1.6553085926048154,12.534891329793652,9.11591979635669,0.331675073382929,0.020674047951064752,1.0,4,0.6145833333333334,1,0.8812998888881314
29ABCDE1698Z8,456,0.3,0.0,0.0,182163.320172564,25543.042743255875,3755.217034449037,9.0,858.0,87.19088091665493,3757.0508976721208,3043.837813826963,70539.63258178876,11.0,21.0,16402.11392270599,633.2969894088614,9.0,31085.191855068304,10560.559430829691,1313325.9007052078,1074508.3759942616,41346.69283557545,0.0,9.0,1.2222574807664615,1.0,713.2130838451576,0.189833223789187,10.212499402517588,12.112664416818733,9.846811375342572,2.6853421375193274,0.020614448707033984,0.0,4,0.3958333333333333,0,0.0631730674616182
29ABCDE1699Z9,705,0.3,2.5,0.1111111111111111,54245.11810253948,13472.947430698694,300.74446082411816,18.0,1150.0,31.079415004805476,1027.9955472986103,957.6337446750731,4187.083102214552,18.0,21.0,6400.445021486019,425.8207595132009,12.0,3804.0160811885303,1015.3828789751601,664910.427975136,619255.2094289176,7586.93412045991,1.0,21.0,1.0737260144946088,0.8888888888888888,70.36180262353719,0.06844562975825674,3.972307891551211,10.901286713128917,10.139428862080198,1.0872497387183542,0.005544073407347448,1.0,4,0.71875,0,0.5394798801533315
