monthly_revenue,total_debt,monthly_emi,business_age_months,gst_compliant,disputes,estimated_expenses,profit,profit_margin,emi_ratio,debt_ratio,free_cash_flow,fcf_ratio,repayment_score,default_label
97512.46973670082,391170.701947562,35003.197327415815,25,0,0,68379.890256287,29132.579480413813,0.29875747747007547,0.35896124282289243,0.33429117920660567,-5870.617847002002,-0.06020376535281697,0.45612814910886135,1
170256.9219141035,1281645.8032557399,13076.68823470226,192,1,2,105393.58002283705,64863.34189126645,0.38097330294735815,0.07680561875363631,0.6273096901861178,51786.6536565642,0.3041676841937219,0.5810848454427101,1
104227.16936093057,947493.3761077444,38419.74148218146,97,1,0,59821.761300599246,44405.40806033132,0.4260444597373536,0.36861541686061616,0.7575546935260938,5985.66657814986,0.057429042876737474,0.5252874251979254,1
141042.5549621294,1343186.7218096193,48803.45951737272,229,1,0,96476.23439957137,44566.320562558016,0.315977830765504,0.3460193948590671,0.7936060634148511,-4237.138954814698,-0.030041564093563042,0.5235104230319179,1
96500.20163524392,652019.073064587,14539.311147484394,66,1,0,53990.66394795713,42509.53768728679,0.44051242346587394,0.15066612194698595,0.5630550178616206,27970.226539802403,0.289846301518888,0.6708170458627194,0
243258.2241219698,1502561.465125774,86585.71474652317,151,0,0,152986.67174856778,90271.55237340202,0.37109352705025017,0.3559415722080954,0.5147347263555033,3685.8376268788707,0.015151954842154852,0.4032029532101109,1
118155.2792321132,579044.7780132855,19975.134458638448,48,1,0,73206.47300194472,44948.806230168484,0.38042148029516004,0.16905833229336945,0.40839251377260793,24973.671771530033,0.21136314800179057,0.7098589129508699,0
142137.92762579693,375450.9471065825,42793.01142134691,134,1,1,98531.94822701535,43605.97939878158,0.3067863738212223,0.30106680276081577,0.22012125439114738,812.9679774346587,0.005719571060406479,0.6135369025783294,0
110224.06914258763,476063.06908350164,34391.414589564905,139,1,0,71658.79325022994,38565.27589235769,0.34988071291823775,0.31201365416001486,0.3599206845857314,4173.861302792793,0.03786705875822293,0.6672183329602746,0
91211.17050700025,699938.1375482335,12461.858386268237,129,1,0,59012.65947852376,32198.51102847649,0.3530106109756077,0.13662644955654657,0.6394850302304025,19736.652642208246,0.21638416141906108,0.6535039111082607,0
144977.76575566712,643908.0473852739,13161.370444526043,177,1,0,88113.86183320823,56863.90392245889,0.3922249982683024,0.0907819925070929,0.37011885008081186,43702.53347793284,0.30144300576120947,0.7526515479729192,0
254689.59098834507,2022897.369234991,53570.395683727285,188,1,0,170602.83758143216,84086.7534069129,0.3301538672256175,0.21033602306180915,0.6618832756981293,30516.357723185618,0.11981784416380835,0.6173006080658375,0
155701.03845260447,842293.6483280841,41240.87700197125,80,1,0,102488.19431221572,53212.84414038874,0.3417629366459671,0.26487220259950295,0.45080712407733825,11971.967138417502,0.07689073404646417,0.6588089817369973,0
168234.7884895467,1454623.436609476,38853.865739899506,193,1,0,114045.21319039431,54189.575299152406,0.32210683524899775,0.2309502457175419,0.7205324226088249,15335.709559252893,0.09115658953145579,0.5914601749303359,1
163192.6578111095,644193.6446534295,29993.871561902357,67,1,0,102050.34133507131,61142.31647603819,0.3746634027298492,0.1837942464091696,0.3289535475502539,31148.44491413585,0.1908691563206797,0.7277962371712561,0
110236.4614744001,776221.1218096297,10753.87720012079,92,0,0,72669.62706339013,37566.83441100997,0.34078410998101577,0.09755281561371718,0.5867849223295094,26812.957210889173,0.2432312943672985,0.4849433970556603,0
139616.03911533995,1056066.1960310617,41404.12564920686,79,1,1,92753.47055753991,46862.56855780004,0.33565318751870493,0.296557085500771,0.6303395862936526,5458.442908593177,0.03909610201793387,0.49227528991159586,1
125465.01219032641,518819.24161394197,20646.920853530704,240,1,1,77774.24214305595,47690.77004727046,0.38011210627330183,0.16456317576576637,0.344597557887898,27043.849193739763,0.2155489305075355,0.6307954623273241,0
628998.2436830831,3387560.369247075,191679.92871968527,21,1,2,439534.575176429,189463.6685066541,0.3012149404380757,0.3047384164338971,0.4488036338293652,-2216.2602130312007,-0.0035234759958214603,0.5434635432776317,1
83268.19112541364,602405.8110676458,8794.828580465324,98,1,0,58557.94295104863,24710.248174365006,0.29675495336686114,0.10562050720207279,0.6028770839999171,15915.419593899678,0.19113444616478834,0.6768886719191958,0
239169.65832073046,2060092.070848108,47925.29108812245,105,1,1,158300.38356022493,80869.27476050553,0.33812514232912644,0.20038198584476732,0.7177931366491489,32943.983672383096,0.1377431564843592,0.5045092646673485,1
58723.48193153297,263133.6432373427,12757.481021313306,212,1,0,38929.4998536421,19793.982077890876,0.33707098807541974,0.2172466720585053,0.37340775583910385,7036.5010565775665,0.11982431601691435,0.7010790044248667,0
251377.06908287568,2104339.833772713,65390.16028536718,108,1,0,178478.45716221753,72898.61192065815,0.28999706372033657,0.26012778541788517,0.6976040155698464,7508.451635290985,0.02986927830245148,0.586667681161892,1
583355.0896724408,4287884.738204426,159690.4223173587,221,1,0,372821.03251996246,210534.05715247832,0.360902066133845,0.27374479994170675,0.612532117246706,50843.63483511965,0.08715726619213833,0.6067424448493055,0
207800.60357392833,979430.2258838004,27699.817006511825,179,1,0,149453.20229748616,58347.401276442164,0.28078552358816494,0.1332999833980616,0.392776460157294,30647.584269930347,0.14748554019010338,0.728847068593587,0
128648.29052755504,1183415.5026523091,26542.49938056865,189,0,1,74984.22996431826,53664.06056323678,0.4171377664108372,0.20631832161721217,0.7665702991462309,27121.561182668127,0.21081944479362505,0.2875015816092459,1
97443.6169338262,529374.8894172903,14216.915534554853,200,1,0,66283.71142593467,31159.905507891526,0.31977369568549746,0.14589888985965635,0.4527189723269987,16942.989973336676,0.17387480582584114,0.7058247523580379,0
122002.63674986458,1011050.6267490505,7539.003912148868,61,1,0,77086.33500690995,44916.30174295463,0.3681584508295841,0.06179377850337514,0.6905934260133744,37377.297830805765,0.30636467232620895,0.6681044607946377,0
109558.74080892555,895201.6205865575,16996.215147113042,129,1,2,76651.21217950707,32907.52862941848,0.300364246489565,0.15513335605741457,0.6809144984514304,15911.313482305442,0.1452308904321505,0.5336723080416051,1
109865.44799774849,917040.9989749027,28687.398452127018,143,1,0,70605.50844039315,39259.939557355334,0.3573456466327785,0.26111392594253036,0.695578861604193,10572.541105228316,0.09623172069024816,0.58688077114173,0
140795.27899270243,1155049.8044492004,29205.44613018057,54,1,2,91747.98407541208,49047.294917290346,0.348358945471691,0.20743199870852433,0.6836461496394042,19841.848787109775,0.14092694676316667,0.511933355624769,1
248449.85653455812,1015963.4497909925,67205.43487160985,21,1,1,181762.17747298034,66687.67906157777,0.268415043549449,0.2704989884438187,0.34076743692600914,-517.7558100320748,-0.002083944894369692,0.5895701735446698,1
90080.3666790285,378824.3961824386,16745.5509357765,55,1,1,56739.58274603248,33340.783932996026,0.3701226489429694,0.18589567908225457,0.35045039053131816,16595.23299721953,0.18422696986071488,0.6205066112077028,0
88753.03537309717,244572.4218878284,10519.405926297557,209,1,1,59069.16130495165,29683.874068145517,0.33445474786706053,0.11852446377835321,0.2296376126364793,19164.468141847952,0.2159302840887072,0.6836989306977149,0
71905.46101279886,355565.76617038535,12879.670064940252,178,1,0,50092.19680901632,21813.264203782535,0.30336032752644293,0.179119497789573,0.4120755238454654,8933.594138842287,0.12424082973687,0.7047295437305312,1
139870.9526774563,707006.9003416306,38433.4147209166,90,0,0,98783.09167703062,41087.86100042569,0.29375549543281276,0.2747776717410684,0.4212257124679745,2654.446279509095,0.018977823691744434,0.4637212175631803,0
148334.1591172689,1139989.217069016,29945.688070903416,197,1,1,98027.44205592961,50306.71706133928,0.3391445191095072,0.20187991929242124,0.6404398149944298,20361.028990435865,0.13726459981708594,0.5271160877847026,1
131666.95812362825,862464.0306105827,15971.03469558656,187,1,1,76016.67836132178,55650.27976230647,0.4226594170274202,0.12129872918147475,0.5458621021942188,39679.2450667199,0.30136068784594544,0.5877218776691445,1
173992.0325554191,1392088.4139043596,27025.647008462038,215,1,0,107247.81309401117,66744.21946140793,0.3836050334094976,0.1553269227994906,0.6667395404350667,39718.57245294591,0.22827811061000705,0.6378473687496838,0
170064.629708533,804560.1921502525,34599.403510225195,219,0,0,96651.9991053433,73412.6306031897,0.4316748916515367,0.2034485569957947,0.39424237005717383,38813.22709296452,0.22822633465574213,0.50034786618453,0
139939.31680046764,690056.7205656146,25247.7364595642,231,1,0,88120.85171142714,51818.4650890405,0.37029239726049124,0.18041917766086898,0.41092616448738484,26570.728629476303,0.18987321959962228,0.704554479589437,0
265237.0421694201,1251537.880350721,53499.03004438648,36,1,0,184549.9560361055,80687.08613331462,0.3042074571234879,0.2017027094210091,0.39321364206716564,27188.056088928133,0.10250474770247878,0.7013548236114466,0
155473.40861561085,585338.8969106866,24582.187118792634,186,1,0,84846.61608437034,70626.79253124051,0.45426927447031595,0.15811184264679698,0.31374009127066976,46044.60541244788,0.296157431823519,0.7426332355600802,0
98546.8851527546,551753.7715112539,13904.887736683062,116,1,1,56881.60002191387,41665.28513084073,0.4227965710560675,0.1410992109504984,0.46657467547553355,27760.397394157677,0.2816973601055691,0.6035879129771405,0
866982.9775136517,7589666.511216425,372835.3059726272,88,1,1,597664.6653181207,269318.312195531,0.3106385236857666,0.430037631236833,0.729509374084656,-103516.99377709621,-0.11939910755106632,0.40913213527987,1
166007.85616115175,1204473.297893551,42673.79397756077,146,0,0,105111.05192481242,60896.80423633933,0.36683085755425876,0.257058882419006,0.6046266553013367,18223.010258778566,0.10977197513525276,0.4157884504419966,1
93616.92509412454,436299.47908356227,28103.980584161585,165,1,0,60270.60574317894,33346.3193509456,0.3561996863005111,0.3002019192139158,0.3883730413819376,5242.338766784014,0.055997767086595186,0.6634073198998525,0
142190.6060890986,783572.3181623856,23542.38005297445,122,1,0,90894.8506206344,51295.75546846421,0.3607534764731334,0.16556916592803936,0.45922649165221474,27753.37541548976,0.19518431054509403,0.6960043861331198,0
184596.42001244894,1161925.34733081,24524.17550463558,240,1,0,123399.11478441523,61197.305228033714,0.33151945863254906,0.13285293129185116,0.5245340742308957,36673.12972339813,0.19866652734069784,0.6894986052139909,0
70698.470070209,308975.55110972584,12423.271419378398,65,1,0,43732.90985171429,26965.560218494713,0.38141646052192985,0.17572192732093264,0.36419405634814234,14542.288799116315,0.20569453320099723,0.7204530121671844,1
184723.9332304977,697290.414805231,37346.40654917307,46,1,0,125697.86809462424,59026.06513587346,0.3195366409950843,0.202174162795529,0.3145641907407648,21679.658586700403,0.11736247819955535,0.724761077659559,0
116332.30365413344,255220.830166421,21714.811770682052,30,1,0,70601.69396793464,45730.609686198804,0.3931032761300772,0.18666192526576428,0.18282456244571,24015.797915516756,0.20644135086431292,0.7704878611599812,0
93389.52373914594,392564.8780773922,17715.683047417107,197,1,0,66024.55120420223,27364.972534943707,0.29301972468966747,0.18969668478982993,0.3502934647269233,9649.289487526607,0.1033230398998376,0.719033286665991,0
294900.1363539969,2338869.326335616,54365.88901794391,101,1,0,180468.38962687668,114431.74672712019,0.38803558432321916,0.18435355673312856,0.6609212854370151,60065.857709176285,0.20368202759009066,0.6279821916756441,0
222534.58034605946,956054.0385625131,48921.25496990916,108,1,0,156404.89192966057,66129.68841639889,0.2971658980530658,0.2198366424392677,0.35801703158364984,17208.43344648974,0.07732925561379818,0.704660233549198,0
86485.23667067922,491716.6611974245,9290.096647323337,158,0,0,57547.74299688792,28937.4936737913,0.3345946058282786,0.1074182947859461,0.47379633808657645,19647.39702646796,0.22717631104233243,0.5148937806596486,0
236884.86000369594,835012.2906510665,22060.71713625007,126,1,0,138120.24119762983,98764.61880606611,0.41693090391899745,0.09312843858364724,0.2937475934644783,76703.90166981603,0.3238024653353501,0.7746243465271976,0
226250.63861888548,955049.4636091389,74719.52095164756,140,1,0,131143.06415295255,95107.57446593294,0.42036378348588743,0.33025109413066034,0.3517667653297766,20388.05351428539,0.09011268935522718,0.6623695327488028,0
120105.46083027388,779713.8528992096,17973.29242251957,37,1,0,79426.43669852671,40679.02413174717,0.33869420965989566,0.1496459219944911,0.5409925074105334,22705.73170922759,0.18904828766540452,0.6778438789790435,0
220638.99677628308,670147.8784003417,42281.715476922815,60,1,0,135230.4925028701,85408.50427341298,0.38709614130458064,0.1916330118188235,0.25310873122753774,43126.788796490175,0.19546312948575714,0.7474141759042092,0
176248.26768961697,866779.4961203017,36971.752456165465,225,0,0,113132.07707154762,63116.19061806935,0.35810956581553743,0.209770870039272,0.4098288489501396,26144.438161903876,0.14833869577626538,0.4931429972992494,0
119291.86680582304,379151.6104748781,5964.593340291152,129,1,2,76094.91976834752,43196.94703747552,0.3621114179375633,0.05,0.26486271349079826,37232.35369718437,0.3121114179375633,0.7005411859527605,0
116990.72556807137,708782.3088726283,20649.353173545205,45,1,0,75117.45899500286,41873.26657306851,0.3579195390894848,0.17650418931311204,0.5048707247454851,21223.913399523313,0.18141534977637283,0.6779371068511097,0
217711.31469223055,1198422.68750334,69286.54811694578,92,1,0,151948.0131155935,65763.30157663705,0.30206653094536634,0.31824964272019257,0.4587201057194709,-3523.2465403087263,-0.01618311177482619,0.6350841111960817,1
206550.76234380566,1502068.824516582,23781.88883471596,84,0,0,136780.52263085044,69770.23971295523,0.3377873744993592,0.11513822832147569,0.6060127816652542,45988.35087823926,0.2226491461778835,0.4721408741718335,0
163953.81805829122,1216728.1150659127,70384.45798884748,70,1,1,116470.26505754622,47483.553000745,0.28961541465208795,0.4292944124291353,0.6184303042749331,-22900.904988102484,-0.13967899777704734,0.44275314374586594,1
109645.40238638237,985532.6968468801,31701.334199765544,74,0,1,67294.39766910627,42351.0047172761,0.38625426872012614,0.2891259780145853,0.7490302643774147,10649.670517510545,0.09712829070554081,0.2596405294809414,1
126674.15308405604,567850.7970453295,23780.84998222974,195,1,0,78295.66924318051,48378.48384087553,0.3819128264372405,0.18773245688447346,0.3735639718260216,24597.633858645786,0.19418036955276702,0.7128378256984043,0
117415.76494741706,716468.6704089297,24436.152676363203,49,1,0,72231.02189439586,45184.7430530212,0.38482688481616184,0.20811645427091138,0.5084983482483448,20748.590376658,0.1767104305452505,0.6642039138171321,0
72640.63528358532,264882.3366947802,11113.892465136681,96,1,0,41818.51479054167,30822.12049304365,0.4243096219177554,0.1529982828722328,0.3038730040248743,19708.228027906967,0.27131133904552257,0.7476387856436446,0
68920.66272790894,326943.3139526569,19419.68810215222,133,1,0,46683.316491546175,22237.34623636277,0.32265136979534453,0.2817687371756562,0.39531361255597186,2817.658134210549,0.04088263261968835,0.6686984213629459,1
149456.14494774237,539573.492876986,33961.04773950482,150,1,0,94191.42138598257,55264.723561759805,0.3697721735100502,0.2272308559235177,0.30085385753440075,21303.675822254983,0.14254131758653252,0.7188515003702727,0
43775.485358611695,321467.9726321443,7854.476018373715,200,1,0,28472.19226579575,15303.293092815944,0.3495859147522945,0.17942636053099867,0.6119634653936581,7448.817074442228,0.1701595542212958,0.6446404161695032,1
130360.1130604663,1078224.3449709748,17385.63360551631,240,1,2,76357.44977407462,54002.66328639169,0.4142575671236421,0.13336620533193422,0.6892601320919707,36617.02968087538,0.2808913617917078,0.5398754782396352,1
100541.75954653042,604140.9535468852,15033.991117125492,93,1,1,63160.704602437596,37381.05494409282,0.37179630745166126,0.14952981910136362,0.5007379987112806,22347.06382696733,0.22226648835029764,0.5899666727460705,0
198220.179716971,1234511.293566693,27474.18320014649,150,1,0,108302.50003931076,89917.67967766024,0.4536252555418391,0.13860437034905096,0.5189983243756985,62443.49647751376,0.3150208851927882,0.6888587545476701,0
99955.67138316562,222424.37588367163,26012.823187756403,29,1,2,62166.45690202102,37789.214481144605,0.37805973346209754,0.260243594263301,0.18543584771613403,11776.39129338821,0.11781613919879658,0.6402718079798394,0
226328.3516224724,1771939.177811486,35405.35191050606,151,1,0,139845.75377399128,86482.59784848112,0.38211119918700526,0.15643356944323109,0.6524220102891239,51077.245937975065,0.2256776297437742,0.6416999691359704,1
133458.13062866355,525646.5271724107,20451.018049395258,41,1,0,84942.86256142329,48515.268067240264,0.36352425917181524,0.15323920658156498,0.32822187046998513,28064.250017845,0.2102850525902502,0.7402377562263784,0
172279.61022986608,1555010.3255477378,58686.67123995515,23,0,1,105631.1162084096,66648.49402145648,0.3868623450710734,0.34064780598035815,0.7521737112287727,7961.822781501338,0.04621453909071528,0.2380887642392249,1
235253.3424586618,1186301.3742554549,37105.49756877699,163,0,0,163442.51667275993,71810.82578590186,0.3052489075623668,0.157725697671212,0.42022122543059054,34705.32821712489,0.1475232098911548,0.510843353302338,0
101136.74872113338,567684.0275380976,14929.596374639601,65,1,0,66185.13936324092,34951.60935789246,0.3455876306075976,0.1476179189406742,0.4677528484258687,20022.012983252862,0.19796971166692343,0.7006269778959697,0
407527.6362529171,3148746.7495251526,85097.49809364422,106,1,0,288462.5218005846,119065.11445233249,0.2921645156316198,0.20881405461501404,0.6438718239407528,33967.616358688276,0.0833504610166058,0.6233128309717686,0
82652.04176539186,601944.681598218,16946.93005351621,47,1,0,50195.71537040898,32456.326394982876,0.3926863233108056,0.20503946050867247,0.6069064445163581,15509.396341466672,0.18764686280213325,0.6359122824416237,0
134853.6344728181,1038586.45847493,25810.51105353571,199,1,0,85134.63960957463,49718.99486324348,0.36868857897385876,0.19139648074326263,0.6417985831670172,23908.483809707774,0.17729209823059613,0.6309018327525898,0
171202.62827737085,776665.0476081102,18105.44787236089,203,1,0,98077.09854127896,73125.52973609189,0.42712854628387414,0.10575449719748273,0.3780437715933749,55020.081863730986,0.32137404908639133,0.7442850696429943,0
226390.9714802453,1333657.3984842275,42268.304027739076,141,1,0,146902.98589330012,79487.98558694517,0.3511093444549366,0.18670490148688362,0.49091231780879613,37219.6815592061,0.164404442968053,0.6780443440626078,0
249758.33096194724,1182409.5645599973,32150.18011011937,220,1,0,176540.13218138102,73218.19878056622,0.2931561822124829,0.12872515597895198,0.3945178925583558,41068.01867044685,0.16443102623353095,0.7301545698409124,1
90209.77400359882,308786.54166685924,11774.561381335297,126,1,0,57732.343438685515,32477.43056491331,0.36002119419584905,0.1305242310092204,0.2852486007175347,20702.869183578012,0.22949696318662868,0.7622157273810515,0
81668.64085699587,677333.0628827212,22676.036764060478,49,1,1,58838.4652266998,22830.17563029607,0.2795464132955557,0.2776590442317617,0.6911394791757247,154.13886623558938,0.0018873690637939101,0.481594538554578,1
82632.030167741,732487.5142961431,6834.059300029889,59,1,0,45808.65082677258,36823.37934096842,0.4456308197465058,0.08270472462260597,0.7387041812652343,29989.32004093854,0.3629260951238999,0.6453068557713872,1
226436.82875799944,1820766.5560783187,54529.38154169519,57,1,0,138790.6015926234,87646.22716537604,0.38706701399288046,0.24081498509225527,0.6700789229918928,33116.845623680856,0.14625202890062522,0.6026503290655301,0
145686.26446513587,978923.1485535011,7284.313223256794,71,1,1,93153.04976437864,52533.214700757235,0.3605914043690024,0.05,0.5599493496907338,45248.90147750045,0.31059140436900246,0.6120151950927798,0
125349.05073801942,354439.5330193683,27032.496281749667,99,1,1,75678.53410204117,49670.516635978245,0.39625762096746986,0.21565776623428776,0.2356350333545471,22638.020354228574,0.18059985473318207,0.6430463834999208,0
78690.39028843734,239245.9969857579,12298.404153252395,74,0,0,53170.93209561591,25519.458192821425,0.3243020920252218,0.15628851386011625,0.2533621493348898,13221.054039569026,0.1680135781651055,0.5614759496554865,1
238812.4146186417,1583021.5022786413,28463.92760616912,144,1,1,163528.4333948927,75283.981223749,0.31524316415446657,0.11918948037782298,0.5523936380521927,46820.05361757989,0.19605368377664367,0.5866061164332131,0
75705.96123629707,591847.0596010812,10459.121413555218,58,1,1,48068.64993371957,27637.311302577495,0.3650612296740358,0.13815452895327104,0.6514756235132967,17178.18988902228,0.2269067007207648,0.5492955013647026,1
187287.6297812591,752157.9669954274,23637.923176872973,170,1,0,114920.7687677127,72366.86101354641,0.3863942380928555,0.12621187637688977,0.33467149248542805,48728.93783667343,0.2601823617159657,0.7491138017036156,1
357119.80789024755,3011426.2175904023,60610.06120780025,102,1,1,217209.97427050833,139909.83361973922,0.39177281833310473,0.16971912469897873,0.7027114689654081,79299.77241193899,0.22205369363412608,0.5212989094307862,1
275736.1504617455,1263905.7504246635,45349.73596683149,155,0,1,183632.40020246853,92103.75025927697,0.33402856355628663,0.16446786498937188,0.3819792182696324,46754.01429244547,0.16956069856691472,0.4196190885233616,1
315377.9513449206,1693437.4668895532,124300.08386517415,114,1,0,225483.44273191795,89894.50861300266,0.28503739157937324,0.3941305450653727,0.4474624440474082,-34405.57525217149,-0.10909315348599945,0.6081090487596286,1
127206.89260320704,948456.9681876436,21545.11981558452,218,1,0,73026.48200652933,54180.41059667771,0.42592354461232834,0.1693706950517974,0.6213348904673345,32635.290781093194,0.2565528495605309,0.6458512548390807,0
60604.167358618404,259439.47509940504,3702.4875282450944,127,1,1,35903.57237568003,24700.594982938375,0.4075725492073071,0.06109295267330441,0.35674042232690156,20998.10745469328,0.3464795965340027,0.6685406922326079,1
151193.23428306295,591386.2930598573,38259.77269491722,63,1,2,93342.12011283604,57851.11417022691,0.3826303104404688,0.25305214797698905,0.32595500269579303,19591.341475309688,0.12957816246347975,0.6009926400004665,1
94235.51245131371,806903.8735658958,17487.259964912148,144,1,0,59520.7934384095,34714.719012904214,0.36838255674408726,0.18556974446280908,0.7135525420797694,17227.45904799206,0.1828128122812781,0.6117063395909457,1
78944.29149836955,422123.401794868,12606.529399333273,160,1,1,48271.58957149826,30672.70192687129,0.3885360340146289,0.15968892949775396,0.44559206855759603,18066.172527538016,0.2288471045168749,0.6024468076336197,1
232000.95753787257,950902.6861552678,22191.538958234785,127,1,1,147382.9923684654,84617.96516940717,0.36473110312742507,0.09565279037528182,0.3415584631800638,62426.426211172366,0.26907831275214317,0.6592713448958681,0
133744.66242375,402730.5079628464,6687.233121187501,155,1,1,81483.08195938087,52261.58046436914,0.3907563824774264,0.05,0.25093244885719557,45574.34734318164,0.3407563824774264,0.7047202653428414,0
139285.53038811078,860264.8749963976,26114.95562736307,134,1,2,84347.91437035364,54937.616017757144,0.3944244306259004,0.18749223666374612,0.5146890662890593,28822.66039039407,0.20693219396215426,0.5705963854477838,1
181390.26214978992,795739.3534112023,33802.83918783959,65,1,0,127757.25796840794,53633.004181381984,0.29567741699988553,0.18635421101010158,0.3655742706270942,19830.164993542392,0.10932320598978394,0.7157860344078311,0
112905.78497866495,291853.2978637978,14186.98684514336,97,1,0,75449.45212881858,37456.33284984637,0.3317485712262152,0.1256533210218075,0.21541064667246484,23269.34600470301,0.20609525020440772,0.7851154775895375,0
173951.05738800936,676186.3429552044,42817.358016783626,237,0,0,108469.58430335448,65481.47308465488,0.3764361888217449,0.24614600600717634,0.32393515026036224,22664.115067871244,0.13029018281456856,0.5043610525190209,0
119099.18292349677,798712.2573821935,11910.066336510572,182,0,0,67535.86743533664,51563.31548816014,0.4329443260856103,0.10000124303254868,0.5588565189788395,39653.249151649565,0.33294308305306164,0.4923425470933287,0
212213.255243026,1068003.412253651,51576.58428148494,28,1,0,141118.4416230242,71094.8136200018,0.3350158949241141,0.2430412945808667,0.4193907880662216,19518.22933851686,0.09197460034324736,0.676966245747787,0
111917.6225623605,444806.91765003145,12945.584447231899,240,1,1,67463.17729182911,44454.44527053139,0.3972068406453271,0.11567065267150951,0.3312011306963633,31508.86082329949,0.2815361879738175,0.6543713997224873,0
177702.3445187886,1552310.5558255662,58665.290909122225,161,1,2,121932.72214610613,55769.62237268247,0.3138372908005494,0.33013234050448614,0.7279544529126154,-2895.6685364397563,-0.016295049703936772,0.44956072792442103,1
80542.71285788654,245611.7933527756,20692.85225434315,17,1,0,51638.84009890101,28903.872758985526,0.35886390876831925,0.25691774612626495,0.254121679290574,8211.02050464238,0.1019461626420543,0.7209963977623219,0
60543.98888441844,492702.8510043168,16232.770849925899,177,1,1,38870.052982836496,21673.935901581943,0.35798658629775104,0.26811531828395196,0.6781609813553796,5441.165051656048,0.08987126801379917,0.48930557827980536,1
109163.98471537132,588306.849223199,28099.626073497097,162,1,0,76136.05243329908,33027.932282072245,0.3025533775465197,0.25740747872810477,0.44910023114699155,4928.306208575144,0.0451458988184149,0.6623069391646605,1
167417.89751643938,905539.8727625902,25026.187513877405,221,1,0,102007.8852402238,65410.01227621558,0.3906990426145612,0.1494833460766642,0.4507382853505213,40383.824762338176,0.24121569653789696,0.7049851759641779,0
85556.73324888413,386261.1131428988,17080.183597198804,121,1,0,58593.75899890318,26962.974249980958,0.3151473089972451,0.19963576154214105,0.3762231781525083,9882.790652782154,0.115511547455104,0.7072787419373912,0
159973.35794104432,1014669.5221243657,41476.80724060676,127,1,0,109747.5506704776,50225.807270566715,0.3139635744164141,0.2592732175809699,0.5285617217682305,8749.000029959963,0.05469035683544425,0.6377221964371429,0
123059.8343172848,429402.2175669935,7424.945648321544,97,1,0,84200.75438447943,38859.07993280537,0.3157738684469144,0.06033606082369515,0.29078145870343247,31434.134284483822,0.2554378076232192,0.7886311380594921,0
53141.68660447107,393144.0680010699,6891.358439341614,99,1,1,31527.605609785467,21614.080994685602,0.4067255364993836,0.12967895600742582,0.6165029331981984,14722.722555343986,0.27704658049195774,0.5631775376375702,1
85157.06291549392,533769.4437724326,8702.928028386536,169,1,0,55870.38884664794,29286.674068845983,0.34391362344082693,0.10219854619719487,0.5223382002403817,20583.746040459446,0.24171507724363203,0.7024191214490076,0
199512.45548416153,1796216.2735309657,78434.80299745308,200,1,0,129741.39360243002,69771.06188173151,0.3497078000088588,0.3931323626242458,0.7502523544090041,-8663.741115721568,-0.04342456261538692,0.5176713486276006,1
139676.22116193888,567161.9033724249,49935.705140864135,233,1,0,83597.25889067948,56078.9622712594,0.40149255044809773,0.3575104246482248,0.3383789420599041,6143.257130395272,0.04398212579987295,0.6554821475227388,0
77777.1940638723,222928.67842405438,6047.066326702746,205,1,0,50419.33355030292,27357.86051356938,0.3517465607090752,0.077748579123808,0.23885394802768337,21310.79418686664,0.2739979815852672,0.7972443839421719,0
128054.37523108828,463505.47815813666,28497.225210985405,167,1,2,77766.69503771892,50287.680193369364,0.39270567758906855,0.2225400355088142,0.30163324324900376,21790.454982383962,0.1701656420802544,0.6204940128217732,1
271360.53759035235,2591232.029099177,49480.558681469956,123,1,2,179271.74225053564,92088.79533981672,0.3393595699564635,0.18234249946897632,0.7957531494535504,42608.23665834675,0.15701707048748711,0.48833705537634453,1
161989.65018335448,947894.0206799296,45280.30584867145,103,1,0,88485.87521580102,73503.77496755346,0.4537559954253575,0.2795259190782814,0.48763095852472566,28223.469118882014,0.17423007634707618,0.6419003448112697,0
207092.9099840428,1438010.035261559,64448.97973973857,174,1,0,148447.22849126515,58645.68149277766,0.2831853659176285,0.31120804543576397,0.578649310661401,-5803.298246960912,-0.028022679518135488,0.6019219886272742,1
128799.45268945051,661949.7573614316,29547.06040526432,80,1,0,83421.52310886305,45377.92958058746,0.3523146149541379,0.22940361770407128,0.4282819424172713,15830.86917532314,0.12291099725006664,0.6797539701931902,0
94925.6370298476,706279.3265305517,13404.474205614966,86,1,0,58563.23948669227,36362.397543155326,0.383061928061877,0.14121026337068646,0.6200286075057497,22957.923337540356,0.2418516646911905,0.6575073124000006,0
205645.6644905018,864945.6333685437,33151.7766917015,209,1,0,136994.6658894254,68650.9986010764,0.3338314900591896,0.16120824513289309,0.35049998724403497,35499.2219093749,0.17262324492629658,0.7303667057736323,0
129850.55740873325,665736.0400682656,21802.127024000172,162,1,0,86988.76536851695,42861.7920402163,0.33008554522642025,0.16790168220359017,0.4272450149319952,21059.665016216124,0.16218386302283005,0.7046658226389655,0
324561.55331640644,2451780.6819450264,124725.10524260992,77,0,0,198083.87681471303,126477.67650169341,0.38968779638047174,0.3842879847232513,0.6295109656120326,1752.5712590834883,0.005399811657220389,0.3574315164270897,1
173848.0475232704,1382030.3271509642,34482.25184540236,209,1,0,117466.00651267027,56382.04101060012,0.32431794209856235,0.198347075717297,0.662470448014845,21899.78916519777,0.1259708663812654,0.6219200353086277,0
245090.295618778,1522386.7992296007,66603.04808982402,232,1,0,153320.83752204332,91769.45809673468,0.3744312187679438,0.2717490218112133,0.5176278656083464,25166.41000691068,0.10268219695673056,0.6360120315930109,0
124984.51923863102,958845.564004974,34948.8639850493,98,1,0,79201.66871430309,45782.850524327936,0.36630817002956534,0.2796255424107522,0.6393095519922384,10833.986539278645,0.08668262761881318,0.5963569174380277,0
240949.9122935809,938717.1830323972,87120.15660516395,128,1,0,157467.6101091683,83482.3021844126,0.34647160229174584,0.3615695717664924,0.3246584784976095,-3637.8544207513623,-0.01509796947474663,0.6579746277441203,1
251553.60455214808,1245355.24749801,56104.76324969453,119,1,0,149382.36020791612,102171.24434423196,0.40616092353807415,0.22303303246073655,0.41255462883519756,46066.48109453742,0.18312789107733757,0.6870203983651462,0
133411.48313892266,1199292.2836344044,28099.889970759228,158,0,0,88844.49382993382,44566.989308988836,0.33405662136729863,0.21062572208644545,0.7491186012236355,16467.099338229615,0.12343089928085325,0.3910141307983312,1
65902.2575139451,375806.33788519463,24555.764766353208,229,1,0,40687.7517817534,25214.50573219169,0.3826045826557039,0.3726088557915811,0.4752067077086004,658.7409658384786,0.009995726864122784,0.6083944453707875,1
216755.93700312302,1618371.7185417458,39117.80819370959,152,1,0,141482.95568774707,75272.98131537595,0.34727067851567733,0.18046937368615643,0.6221943063849535,36155.17312166636,0.16680130482952094,0.6411539586100514,0
132923.66800487644,650155.8417203254,17062.343546374213,211,1,1,78999.03870524235,53924.62929963409,0.4056811710737309,0.12836196745449624,0.407599747207594,36862.28575325989,0.27731920361923473,0.6263752888559234,0
62849.31781051246,374063.01190010674,7000.234296460717,163,0,2,42300.02599305398,20549.291817458477,0.3269612548446995,0.11138122958734528,0.49597861590676284,13549.057520997761,0.21558002525735426,0.4066539233930331,1
113901.60622404215,391024.39529714215,12303.244520867414,214,1,0,75120.84476376108,38780.761460281065,0.3404759840172938,0.1080164268857384,0.28608346585268596,26477.516939413646,0.23245955713155536,0.7709683894898989,0
161669.95659240006,1177097.728538739,34195.95171141706,119,1,1,100108.33900091883,61561.617591481234,0.3807857618635322,0.21151704640851357,0.6067390592893833,27365.665880064174,0.1692687154550186,0.5333714636497796,1
108415.11593593872,634107.2772468909,11735.803790744347,114,1,1,73952.8903433513,34462.22559258742,0.31787288419218923,0.10824877775972588,0.487406877239623,22726.42180184307,0.20962410643246332,0.6104784257242227,0
159934.86539045448,684760.3674991621,41292.9283129501,93,1,0,99782.67636297304,60152.189027481436,0.37610429020982905,0.25818590719503376,0.35679127136508204,18859.260714531338,0.11791838301479529,0.689688255712462,0
523633.21843464003,3422043.935134187,146105.82291307318,228,1,0,363329.2755464683,160303.9428881717,0.3061378408485765,0.27902321275538045,0.5445993834775092,14198.119975098525,0.027114628093195994,0.6250108998545951,0
80985.94372804882,308525.9921481278,24588.324546690597,167,1,0,47394.77572332593,33591.16800472289,0.41477775597111255,0.3036122494201995,0.31746866384632494,9002.843458032294,0.11116550655091313,0.6833145010780228,0
109198.57809745423,1019508.3711861412,30344.797304470423,41,1,0,71516.48643992403,37682.091657530196,0.3450785927258213,0.2778863775807522,0.7780232344816502,7337.2943530597695,0.06719221514506905,0.5554384786232041,0
130656.47903791105,570084.6257901067,27635.397300946282,33,1,2,86421.28113810219,44235.19789980886,0.3385610742424312,0.21151187835796223,0.36360272754167056,16599.80059886258,0.12704919588446903,0.6063144303943139,1
197842.68348665137,602852.1394024668,57104.85199237379,127,1,0,128123.9003231652,69718.78316348616,0.3523950541652967,0.28863767406504426,0.253927400286847,12613.931171112374,0.06375738010025248,0.7083667102879283,0
145598.82622190364,1102950.0577793086,23212.372821762674,213,1,0,94203.48369398706,51395.34252791658,0.3529928355987306,0.1594269227581908,0.631272292503655,28182.969706153905,0.19356591284053984,0.6468475431456272,0
256688.61700004854,1974209.3933910155,37673.50888055247,118,1,0,151772.34135304153,104916.27564700702,0.40872975542576234,0.14676735307099864,0.6409222636047791,67242.76676645456,0.2619624023547637,0.6490163796901669,0
179744.0745953211,971212.3238953874,29854.033591104482,137,0,0,118648.97886403506,61095.09573128603,0.3399004716502426,0.16609189292230284,0.4502755404139615,31241.06214018153,0.1738085787279397,0.4984805807068904,0
207874.94864947163,1197810.7694453988,64533.31743754964,193,1,0,144204.97868769514,63669.969961776485,0.3062897688029727,0.3104429747634897,0.4801808239470303,-863.3474757731601,-0.0041532059605170445,0.631768562910495,1
109261.62137695379,672477.2152250852,18583.97898965083,145,1,0,67441.63729921817,41819.984077735615,0.38275090146663865,0.17008697798411668,0.512895262116658,23236.005088084785,0.21266392348252194,0.678096630171356,0
228404.38332190944,1753920.8553239936,56426.18494125613,207,1,0,158116.9655515449,70287.41777036453,0.30773235061475407,0.24704510535478638,0.6399179785923979,13861.232829108398,0.060687245259967715,0.6092065642803661,0
125600.68520062961,588305.133255292,39339.14282656317,173,1,1,78637.25882362809,46963.426377001524,0.37391059055118997,0.31320802719924945,0.39032770954205415,7624.283550438355,0.0607025633519405,0.557618476257684,0
130840.891018058,769100.6927921219,29595.40545731444,195,0,0,89006.34888269675,41834.54213536125,0.3197359923939027,0.22619385443675885,0.48984475648746445,12239.136678046809,0.09354213795714388,0.46256903127905713,0
239490.70948620653,1821890.8776006727,62443.246104322825,189,0,0,139934.14072783772,99556.56875836881,0.41570117259226197,0.26073347996791185,0.6339462609041223,37113.32265404597,0.15496769262435006,0.4055227297415986,1
148888.85383273012,393050.5044004418,26850.648549195117,171,1,1,98156.11997143173,50732.73386129839,0.3407423225804016,0.1803402192843838,0.21999100575275218,23882.08531210327,0.16040210329601778,0.6618666105604208,0
225802.17019690297,1038598.0608548215,58279.505461527195,6,1,0,166523.37218883386,59278.798008069105,0.2625253688056987,0.25809984647493234,0.383299409076076,999.2925465419248,0.004425522330766468,0.6817702386872042,0
133031.58887439253,728971.6211586073,41305.33153735976,94,1,0,99773.69165579439,33257.89721859814,0.25000000000000006,0.31049265732186326,0.45664067918416046,-8047.434318761618,-0.06049265732186321,0.6388107333160066,1
123712.43490978405,448160.69824429223,17767.274348589126,57,1,1,79911.76003707894,43800.6748727051,0.35405232226369376,0.14361753013386017,0.3018833545789129,26033.400524115976,0.2104347921298336,0.6519879815727821,0
215912.5996140832,2159125.996140832,58056.08169228323,113,1,0,140206.23801054165,75706.36160354156,0.35063429248157457,0.2688869560926561,0.8333333333333333,17650.279911258316,0.08174733638891842,0.5424452175629376,1
129755.73498602932,396253.4484984842,6629.571381833622,57,1,0,86819.79787855766,42935.93710747166,0.33089818428522283,0.05109270416870146,0.2544867917534618,36306.36572563804,0.27980548011652134,0.8032168808064808,0
490540.2695362411,3754496.41280254,157799.57473220667,125,1,0,328174.8579390754,162365.4115971657,0.33099303294848076,0.3216852611945419,0.637816547380853,4565.836864959041,0.009307771753938985,0.5799809313079274,0
98811.21052529845,272624.6380519521,20304.85289959982,104,1,0,52499.98212726149,46311.228398036954,0.46868394944093894,0.2054913889998464,0.2299204687088217,26006.375498437134,0.26319256044109257,0.7488273037874149,0
285449.15234758385,1513353.5086625004,88457.03294390245,6,1,0,195506.7421284175,89942.41021916634,0.31509082959071416,0.3098871803136086,0.44180475349591336,1485.3772752638906,0.005203649277105529,0.6435037018257825,0
180957.15790127282,1174671.7778931335,37416.3599886291,53,1,0,114499.09717457055,66458.06072670227,0.3672585351001184,0.20676916250554087,0.5409529855560318,29041.70073807318,0.16048937259457757,0.655006439330974,0
125146.54972436668,948739.9064619677,39345.8821555355,142,1,0,87690.30538326068,37456.244341105994,0.2992990571741913,0.3143984571863483,0.6317526056128812,-1889.6378144295013,-0.01509940001215694,0.5847148354415963,1
293132.8344866873,890530.7282366406,41898.087505040145,42,1,0,170853.92046703244,122278.91401965488,0.4171450606472684,0.14293208598896467,0.25316472700737436,80380.82651461475,0.2742129746583038,0.766877747502202,0
173792.2047778287,1331676.276617502,36825.33971549689,195,1,0,112601.7045702811,61190.50020754761,0.3520900162684046,0.2118929313462213,0.6385385535175381,24365.16049205071,0.14019708492218322,0.6236812614062501,0
268588.38458161545,997864.7691631328,99795.0887073565,172,1,0,201441.2884362116,67147.09614540386,0.25,0.37155400023276863,0.3096016142313585,-32647.99256195262,-0.12155400023276856,0.658497915637485,1
109162.9640323822,411335.4240153268,24066.302406268154,172,1,0,70903.89090725916,38259.07312512303,0.3504766791947297,0.2204621560031029,0.3140071571445146,14192.770718854881,0.13001452319162685,0.7176129904554045,0
176672.79133816602,1478360.5541679636,50818.05798460521,34,1,2,126154.66952169783,50518.12181646819,0.28594171990961764,0.28763941294919226,0.6973157095340268,-299.936168137021,-0.001697693039574605,0.4757495219601151,1
256360.26631402434,2563602.6631402434,47563.63865566957,180,0,0,189661.08867230394,66699.1776417204,0.2601775173693193,0.18553436279164753,0.8333333333333334,19135.538986050815,0.07464315457767175,0.375786254883341,1
248488.5460627859,2054041.101611948,69344.59091272451,155,0,0,154109.5111274633,94379.03493532259,0.37981241562528895,0.27906554250272414,0.6888449971361896,25034.444022598094,0.10074687312256482,0.3817202838580534,1
136115.087288372,1044734.9088334906,17785.51202733692,115,1,0,85863.14338298049,50251.9439053915,0.3691871702578294,0.13066525086713365,0.6396149327542497,32466.431878054573,0.2385219193906957,0.6558494198268716,0
305454.9014700749,1935969.6486016226,95389.62042959536,6,1,0,206700.8649182183,98754.03655185658,0.32330152856143124,0.31228708385594717,0.5281657071917722,3364.416122261231,0.011014444705484091,0.6166354543000895,0
155207.36565209605,770424.6474740865,32143.283891944648,130,1,0,102400.27110861128,52807.09454348477,0.3402357505497138,0.20709895923364355,0.41365339645082005,20663.810651540116,0.1331367913160702,0.6930643973712967,0
106274.00159720787,861935.0491617612,18843.98402121199,211,1,1,70751.90886864964,35522.09272855823,0.33425007240426996,0.1773150887141063,0.6758748111858736,16678.10870734624,0.15693498369016362,0.5263115211585955,1
336890.8739646723,1975524.9938715305,27457.863934050703,31,1,0,212861.80747570613,124029.0664889662,0.3681579884588158,0.08150373327396823,0.488665902062669,96571.20255491548,0.2866542551848475,0.7207987360716119,0
198217.2290544776,925610.6275454438,32595.43532623902,18,1,0,139138.51679760194,59078.712256875646,0.29805033870511116,0.1644429976229794,0.38913983073046043,26483.27693063661,0.13360734108213168,0.7174808517316702,0
91729.28946441476,257353.02449615725,23282.653890101326,114,1,0,59085.61538801167,32643.67407640309,0.3558696929519638,0.2538191893346513,0.23379757436145315,9361.020186301765,0.10205050361731251,0.7283330519577036,0
142850.8656375216,790240.253112424,41323.87613650271,114,1,1,95775.8864010103,47074.97923651131,0.3295393347910274,0.28927984406731144,0.4609937372947785,5751.103100008593,0.040259490723715936,0.545989941184642,0
84270.0357061918,429833.2315926852,18080.80566759473,135,1,0,50951.422010599264,33318.61369559254,0.3953791334770305,0.2145579447792524,0.42505542647379274,15237.80802799781,0.18082118869777813,0.6866601941461612,0
172111.25106551984,795468.6274536296,9587.65024282508,124,1,0,106030.56801323658,66080.68305228326,0.38394168099520387,0.05570612138061343,0.3851523469698524,56493.03280945819,0.3282355596145905,0.7621718473567989,0
175270.5533876748,1497270.86938718,49328.73679773604,53,1,1,118613.97129783801,56656.58208983678,0.3232521435846675,0.28144337907479267,0.7118855394548311,7327.845292100741,0.041808764509874835,0.4738569865336336,1
126550.62955949332,385385.2098158141,18750.00567418862,38,1,1,78624.81288535648,47925.81667413683,0.3787086389136152,0.14816208927174054,0.25377538036047387,29175.81099994821,0.23054654964187463,0.6646025501831617,0
117696.75275653608,643930.7517891958,11056.990635307782,31,1,0,76315.75457862609,41380.99817790999,0.35158997345924625,0.09394473829010336,0.4559250338319382,30324.00754260221,0.2576452351691429,0.7256445945343772,1
234625.57015860153,646432.377527448,41590.648975416545,29,1,2,153520.24771249865,81105.32244610289,0.3456798097124603,0.17726392288488513,0.22959716094686328,39514.673470686335,0.16841588682757516,0.660215282561987,0
129964.76606223958,692726.1393651214,28074.006034845286,156,1,1,88400.00162265476,41564.76443958482,0.31981563695255394,0.21601243848968082,0.4441756025843303,13490.758404739536,0.10380319846287316,0.5803423438288285,0
80120.13952797165,665113.3706041588,12154.117987614201,208,1,0,47923.43629435918,32196.703233612476,0.40185530658458124,0.15169866227418313,0.6917875398564776,20042.585245998278,0.2501566443103982,0.6317842731333836,0
131299.06993161904,484721.8505843095,19644.873965528437,126,1,1,83806.37749857194,47492.69243304711,0.3617138526402468,0.14961929262529847,0.30764488712471083,27847.818467518664,0.21209456001494825,0.6478588168124674,0
219801.38944773586,1549992.5323385068,44094.71470607709,24,0,0,154667.73329542374,65133.65615231212,0.29632959243781093,0.20061162860192874,0.5876488983353547,21038.941446235025,0.09571796383588213,0.44346067905862213,1
269998.05496481305,1104911.9691092207,81557.35371804147,91,1,0,185889.2515570528,84108.80340776025,0.31151633080735175,0.30206644906634705,0.3410246693731479,2551.4496897187782,0.00944988174100473,0.6768660195615168,0
108583.3256382884,501534.4388064775,17516.7618635078,237,1,0,74555.9488375057,34027.3768007827,0.3133757103197809,0.16132091884770086,0.3849075014190666,16510.614937274906,0.15205479147208006,0.7199993820351998,0
155973.94296346206,824388.2802901847,31232.627819596044,82,1,1,111230.73357401135,44743.20938945071,0.2868633602468594,0.2002425996687953,0.4404519245474778,13510.581569854665,0.08662076057806405,0.5877673827682385,0
90883.4184017691,671791.6882244882,11690.442994071165,139,1,0,56029.73160303805,34853.68679873105,0.3834988539345324,0.12863119807390083,0.6159829996478685,23163.243804659876,0.25486765586063154,0.6637526208760791,0
98895.13397964113,603834.2938324773,10786.718571631078,150,1,0,64351.56588718782,34543.568092453315,0.3492949218266347,0.10907228836811794,0.5088169908986494,23756.849520822238,0.24022263345851674,0.7037259873831581,0
84229.26124686109,473197.5189542484,14918.563768477647,101,1,0,51293.755326317565,32935.505920543525,0.3910221392541408,0.17711853989498935,0.4681642222166614,18016.94215206588,0.2139035993591515,0.6887033173770059,0
311944.0657651748,1204434.0300593455,71475.92710629618,108,1,0,227223.87880615558,84720.18695901922,0.27158775003847924,0.22913058766151306,0.32175480645463406,13244.259852723044,0.04245716237696618,0.7118213229990045,0
153384.0499406368,771152.1001337502,37521.42654460661,134,1,2,107350.85373605468,46033.19620458211,0.30011723006660757,0.24462404375897157,0.4189658249082418,8511.7696599755,0.055493186307635986,0.5764606350239388,1
220245.18627763705,1305597.5197117147,47017.33688242784,117,1,1,139840.56322090476,80404.6230567323,0.36506869646347545,0.21347725086331124,0.4939939671242509,33387.28617430446,0.15159144560016427,0.5664109095174003,0
303642.3205595068,1699089.476744843,58479.19376536662,174,1,0,187826.37128220475,115815.94927730208,0.38142229009412687,0.1925923687370386,0.4663078238495691,57336.75551193545,0.18882992135708823,0.6830707053503139,0
664190.7253051944,5456117.157224589,84926.26373999902,142,1,1,450894.6957507163,213296.02955447807,0.3211367178553554,0.12786427227055236,0.6845570292475747,128369.76581447903,0.19327244558480303,0.5434871823175068,1
62975.061671027586,212915.74521470346,7956.036177255841,36,1,1,39690.89802635948,23284.163644668108,0.3697362579222413,0.1263362983083208,0.2817461118272286,15328.127467412269,0.24339995961392052,0.6649416471285031,1
138996.8458121158,608609.2886315845,55267.144286630624,6,1,0,92066.78654329914,46930.05926881665,0.3376339872650977,0.39761437724519366,0.36488195414055846,-8337.085017813966,-0.05998038998009591,0.631489662859755,1
119600.51875584768,694789.5395640614,27024.004200352774,102,0,0,78694.27390880241,40906.244847045265,0.34202397508451626,0.2259522323270147,0.4841043241225427,13882.240646692488,0.11607174275750153,0.46438780983243133,0
106360.5683310409,764072.2490841249,24718.415841091675,219,1,0,68686.34091164586,37674.22741939503,0.3542123552982178,0.2324020661882615,0.5986493718752955,12955.811578303357,0.12181028910995634,0.6274443619621067,0
80058.93788016908,504412.942870309,15578.66248300679,32,1,0,50844.056926129066,29214.88095404001,0.3649171688708683,0.19458992206872242,0.5250433370572004,13636.218471033222,0.17032724680214587,0.664651030055351,0
107595.25590751419,766271.7188746672,16270.311941202006,40,1,0,70834.50129998653,36760.75460752766,0.3416577645312369,0.15121774472275526,0.5934831980675589,20490.44266632566,0.1904400198084817,0.6614679426906303,0
103332.34223991241,967258.1337332187,31179.44021335044,153,0,0,72800.56727929901,30531.774960613402,0.2954716238767345,0.30173941224480727,0.7800543637211232,-647.6652527370461,-0.006267788368072852,0.3452879259857401,1
136942.4576827498,547043.2641879236,8161.314381809791,129,0,2,90191.40644665842,46751.051236091385,0.34139193955754793,0.0595966694326229,0.3328911971766767,38589.7368542816,0.281795270124925,0.47629397307394783,1
122963.80984310296,394018.171993792,12850.02977489116,78,1,0,86208.51160255162,36755.29824055135,0.29891151134183036,0.10450253445535965,0.26702854854648145,23905.268465660192,0.19440897688647077,0.7780904216539117,0
207008.3340155678,1678153.9079272535,41778.93751250542,54,0,1,129128.76862472514,77879.56539084265,0.37621463774007197,0.2018224904383004,0.6755581105416792,36100.627878337225,0.17439214730177155,0.31660357066217615,1
209790.40205308213,1117568.271049311,74816.33573223841,162,0,2,137649.69073569344,72140.71131738869,0.34387040880514314,0.35662420682767004,0.4439225452770947,-2675.6244148497353,-0.012753798022526963,0.3241735536858036,1
319292.934103821,2035718.4344941785,84439.27693747023,117,0,0,206939.63646040714,112353.29764341385,0.3518815659318072,0.2644570797486362,0.5313089791688088,27914.020705943607,0.08742448618317093,0.4348244743499029,0
104621.52611168331,643456.250231797,12205.795894090148,173,1,0,65139.26554664233,39482.26056504098,0.3773818069036169,0.1166662000424318,0.5125269739302252,27276.464670950838,0.2607156068611851,0.6995754278039598,0
818401.9772676907,5978794.465278083,228180.85464879835,59,1,1,539186.6966452302,279215.28062246053,0.3411713172476026,0.2788126873918375,0.6087874735712426,51034.425973662175,0.06235862985576506,0.5058386829718923,1
131805.6574008436,1203431.2958186457,23541.349845572702,147,1,1,77970.21848554393,53835.438915299674,0.4084455855455193,0.1786065204620119,0.760862191318797,30294.08906972698,0.22983906508350746,0.5002987344195563,1
64135.77654830864,439655.5323613798,17235.24930159183,208,1,0,43211.78365402848,20923.992894280163,0.32624525686563877,0.26873065594847545,0.5712562161388718,3688.7435926883336,0.05751460091716332,0.6211308727789483,1
98598.57884172184,348987.1361559164,18787.45258118201,80,1,0,64007.2924842983,34591.286357423545,0.3508294618825306,0.19054486182139704,0.2949561919448301,15803.83377624154,0.16028460006113365,0.7352951976879922,0
62231.019746856764,542131.5299553566,8998.034346783317,117,1,0,45140.0030397847,17091.016707072064,0.2746382234550369,0.14459082276629093,0.7259663698273496,8092.982360288748,0.13004740068874604,0.6243737599452788,1
121368.56164987234,880632.0453601129,8210.57221440336,62,1,1,83945.96243332018,37422.59921655216,0.30833849151570236,0.06764990952178757,0.6046541442232425,29212.027002148796,0.24068858199391474,0.5915437929243123,0
115118.12048546449,629480.8708243063,18648.22077494248,174,0,1,70390.01921509305,44728.10127037144,0.38854092719502903,0.16199205386867935,0.4556775163991872,26079.88049542895,0.22654887332634965,0.3984999235327721,1
164320.82852652567,1317907.1208676319,48870.56326939836,6,1,0,114144.1495020246,50176.67902450108,0.30535799675816055,0.2974094258629506,0.6683607573698868,1306.1157551027281,0.007948570895209959,0.5805280024438537,0
444836.9351819434,2324863.034852584,74871.82064595142,64,0,0,285875.79681810434,158961.13836383907,0.3573469867083365,0.16831295857959275,0.4355272031502376,84089.31771788764,0.1890340281287437,0.5020166556230917,0
308775.3849257845,2511244.1612259806,82805.95091982628,161,1,0,193357.86411310014,115417.52081268435,0.37379119724982435,0.2681753629413467,0.6777429710568761,32611.569892858068,0.10561583430847767,0.5894069635063985,0
344614.2601948031,1698432.5822704916,142903.4029408058,6,1,2,225764.36637083173,118849.89382397139,0.34487804932038524,0.4146764061940604,0.41070862373058403,-24053.509116834408,-0.06979835687367514,0.5109168504032006,1
84642.52463639446,415324.9562505193,7876.874868133918,240,1,2,52290.156854298846,32352.367782095615,0.3822235681304902,0.09306049059820969,0.4089010006442421,24475.492913961694,0.2891630775322805,0.6401055035674436,0
98757.9863905802,478159.47420820914,26585.165933195633,100,1,1,71676.55179879646,27081.43459178375,0.2742201980979925,0.2691950990986527,0.4034774736403978,496.2686585881165,0.005025098999339783,0.5712787182684196,0
122269.88953137991,756192.5176337211,21362.81581029922,117,1,0,76247.34499615895,46022.544535220964,0.37640129316882653,0.174718533664959,0.5153848046944599,24659.728724921748,0.20168275950386755,0.6754971451256784,0
128764.79352209589,713298.6963303653,37530.62693088388,150,1,0,82354.84356088316,46409.949961212726,0.3604242176123152,0.29146652516041716,0.46162896240213624,8879.323030328844,0.06895769245189806,0.6449247012151922,0
69500.33338091231,288941.102124842,21178.60901072959,144,1,0,46653.64975857863,22846.683622333687,0.3287276838963817,0.3047267254770625,0.34645049895088853,1668.0746116040973,0.02400095841931918,0.6741741601239084,0
148723.84686802758,974777.1628874863,18886.449592793408,113,1,0,107742.34197582812,40981.50489219946,0.27555436303745584,0.12699005566708205,0.5461896794043112,22095.055299406056,0.14856430737037382,0.6853470739118739,0
121218.18607587426,338698.4137842173,31850.492963938104,231,1,0,70064.0826140309,51154.10346184336,0.4220002387251069,0.26275342005201996,0.2328435091223409,19303.61049790526,0.15924681867308696,0.7250455792424897,1
146155.35599508134,1043518.208566397,36923.10972570875,232,0,1,97536.12037548942,48619.23561959191,0.3326544914387409,0.25262919360239766,0.5949823057924264,11696.12589388316,0.08002529783634325,0.32045363082131306,1
108369.80676666783,762616.3348742147,33807.03890145743,53,1,0,72561.30378754252,35808.502979125304,0.3304287794498422,0.31195994447279696,0.5864305117416238,2001.4640776678716,0.018468834977045268,0.5992868686883941,0
157233.64883878783,797693.8405618613,39907.61980781852,160,0,0,107947.06043866993,49286.58840011791,0.3134608193863872,0.25381093743322036,0.422775196050083,9378.968592299381,0.05964988195316683,0.47164306621168695,0
148980.4552066027,487503.900161754,24679.620995774894,76,1,2,92070.96545295311,56909.489753649585,0.3819929914613887,0.16565676995381548,0.2726889574685567,32229.86875787469,0.21633622150757323,0.6519306047779069,0
124804.52708409072,800325.7354463419,42227.35130536888,240,0,0,83902.44554758849,40902.08153650223,0.3277291496721369,0.3383479132685384,0.5343861544562262,-1325.2697688666522,-0.010618763596401537,0.4043449883557168,1
151724.3704434775,1063378.6634529675,25350.175869683,83,1,0,91236.18553717261,60488.18490630489,0.3986715168400636,0.16708044855013457,0.5840517799616951,35138.00903662188,0.23159106828992898,0.6579522865914377,0
181811.43506253982,706612.366510696,71410.34302976402,93,1,2,110143.18966791291,71668.24539462691,0.39418997693942814,0.3927714612956009,0.3238760194353902,257.9023648628936,0.0014185156438272426,0.5457286096511426,1
140480.80486384252,854429.3798569796,26821.62887799697,173,1,0,95566.08814012367,44914.716723718855,0.3197213794955924,0.1909273576841559,0.5068482373120381,18093.087845721893,0.12879402181143654,0.6715745857327262,0
165575.59856386294,1013517.8667254901,59443.65512409409,179,1,0,114221.62399972009,51353.974564142845,0.3101542437990069,0.35901217111509653,0.510098244908641,-8089.6805599512445,-0.0488579273160896,0.6033656580813691,1
142387.73675285786,1331923.4541976522,26081.65406920224,54,1,0,93379.77947269687,49007.95728016099,0.3441866441435474,0.1831734576585912,0.7795167176214698,22926.30321095875,0.1610131864849562,0.5928756016501227,1
152073.7786977599,758674.2913216267,23425.24239814252,154,1,1,96683.84444552002,55389.93425223988,0.3642306696562396,0.1540386685905871,0.41573805919420387,31964.691854097357,0.21019200106565253,0.613663114805504,0
102232.39012552789,574501.7320862793,10925.62773592199,105,1,0,56719.780101228076,45512.610024299815,0.44518777237249696,0.10687051063275307,0.46829722245306904,34586.98228837782,0.3383172617397438,0.7167626290109781,0
241638.1742307336,2231802.199259092,37593.944256237206,149,1,0,150044.75601020193,91593.41822053166,0.37905193793209035,0.15557949142729324,0.769677710059727,53999.47396429445,0.22347244650479708,0.6068648904111646,0
403262.46687987854,2050525.1578347841,144980.01673715303,124,1,0,255979.85150396434,147282.6153759142,0.36522768041238485,0.3595177549224754,0.42373667405335763,2302.5986387611774,0.0057099254899094344,0.6290718958150026,0
196976.7256733103,1141771.5903812563,54260.60641576336,240,0,0,133726.297521925,63250.428151385306,0.3211060998967328,0.27546709506053835,0.4830399744260931,8989.821735621954,0.04563900483619444,0.4449011696479567,0
236987.32663025512,1377885.0113716656,40473.166866949745,240,1,1,126004.18110672574,110983.14552352938,0.4683083568290721,0.17078198839761383,0.4845143096060385,70509.97865657965,0.29752636843145835,0.586332911759143,0
105534.36681675958,690884.761775455,26256.520315347316,159,1,0,70560.4725586138,34973.89425814578,0.3313981531615319,0.24879592408922854,0.5455448484181503,8717.37394279847,0.0826022290723034,0.6368181758388636,0
121210.17721906399,516414.27851994097,30104.667644762038,183,1,0,66111.55511823244,55098.62210083155,0.4545709227142819,0.24836749137288747,0.35504051060183245,24993.954456069507,0.20620343134139438,0.6941408502702953,0
221237.52385041275,2212375.2385041276,51601.47764908873,205,1,0,143389.88508543593,77847.63876497681,0.35187357646261047,0.2332401698907934,0.8333333333333335,26246.1611158881,0.1186334065718171,0.5567039320436826,1
116160.95413042913,803090.2315521856,38591.62854544067,67,1,0,67178.13803743293,48982.8160929962,0.4216805591833963,0.33222547829719773,0.5761332322351413,10391.187547555528,0.08945508088619847,0.5942698390105785,0
94209.85666010603,467873.7734396237,28826.692223318838,194,1,0,60952.56658759109,33257.29007251494,0.3530128507943906,0.30598382425440784,0.41385776926332035,4430.5978491961,0.047029026539982775,0.6534491395192408,0
87461.28856028059,408691.6688540289,35387.67143321405,175,1,0,59099.44616939604,28361.84239088455,0.32427880789038266,0.4046095365817066,0.38940243885951514,-7025.829042329497,-0.08033072869132396,0.6213354537094629,1
124893.69188213332,852327.1134247936,8327.063469737815,53,1,0,85934.82077804756,38958.87110408576,0.31193625968597877,0.06667321098647933,0.5687017365064131,30631.807634347948,0.24526304869949947,0.7027201946534842,0
90041.40052466723,504367.54818579956,14118.87892473796,231,1,0,54348.01537576992,35693.38514889731,0.3964108170343147,0.1568043016042385,0.46679226189922296,21574.506224159348,0.23960651543007616,0.6972406007885377,0
124576.78137724577,719419.7149248846,18355.855643662926,188,1,1,77670.91936088905,46905.862016356725,0.37652170410724856,0.14734572077341904,0.4812425096203148,28550.006372693795,0.22917598333382946,0.596688958804538,0
89166.74669417346,593544.0216933391,4458.337334708674,105,0,2,52845.80165161903,36320.94504255443,0.407337335824632,0.05,0.5547135411076999,31862.607707845753,0.35733733582463195,0.41358593766769003,1
79390.16940732539,436187.0566345503,4499.359941185464,137,1,0,55253.72237813409,24136.447029191302,0.3040231203608468,0.05667401864455909,0.457851666743749,19637.087088005836,0.24734910171628766,0.7399748925190517,1
131799.0083263854,713563.0630053495,11829.522500112631,139,1,0,87389.74248990345,44409.26583648195,0.3369468890578251,0.0897542602962395,0.4511687101356957,32579.743336369327,0.24719262876158568,0.7287476828407955,0
127688.65284794917,521649.3395899353,17557.674140251882,239,1,0,86963.74567544676,40724.90717250241,0.3189391246926019,0.1375037933962656,0.3404435502262367,23167.23303225053,0.18143533129633627,0.7428654175736229,0
150260.7127117372,1227762.910773889,19457.114246136764,240,1,0,92389.56506973474,57871.147642002456,0.38513824803309354,0.12948903206298265,0.6809070318607117,38414.033395865685,0.25564921597011087,0.6439322776165934,0
485498.6971602144,3504382.810348634,166709.18469618284,195,0,0,320513.72216797684,164984.97499223758,0.33982578317361084,0.34337720301063723,0.6015091339493662,-1724.2097039452638,-0.0035514198370264114,0.38219637861093525,1
186959.02713610744,740920.4103000978,17911.17576655533,159,1,2,132853.41679689992,54105.61033920752,0.2893982236001809,0.0958026795545736,0.3302507959674959,36194.434572652186,0.19359554404560733,0.6626036893879218,0
144977.0990704878,890135.6784524993,38835.122692195306,48,1,1,101970.04698390905,43007.052086578755,0.29664721092031743,0.2678707391800803,0.511653038169219,4171.929394383449,0.028776471740237116,0.5393557928772023,1
80059.60470343298,451382.22468226537,5796.5834687550005,238,1,0,53151.647027875406,26907.957675557576,0.3360990573864744,0.07240334860792089,0.4698397591335575,21111.374206802582,0.2636957087785536,0.7300867328167644,0
85523.48364544338,705512.9328705759,14332.696428991854,37,1,2,63899.101656443774,21624.38198899961,0.25284730073260686,0.1675878462623346,0.6874456219489342,7291.685560007754,0.08525945447027226,0.5267311749103859,1
586163.627266384,3932836.09713853,211409.33473880764,33,0,0,422535.39736935863,163628.22989702533,0.2791511146130259,0.36066607497420167,0.559120911266079,-47781.104841782304,-0.08151496036117578,0.38799729663049565,1
123926.32768411521,531349.8075162577,28639.02381625093,10,1,0,81800.98982665532,42125.33785745989,0.3399224252399072,0.23109717161353327,0.35730220893191594,13486.314041208956,0.10882525362637388,0.7003704686750118,0
81088.89109399184,354741.3683718263,7407.939388450529,240,1,0,49561.68038709264,31527.210706899205,0.38879814832287385,0.09135578608250827,0.3645601795612978,24119.27131844868,0.29744236224036563,0.7540896316986074,0
118793.55218939309,620211.8325495683,12477.165090188764,139,1,0,69314.42680317251,49479.12538622058,0.41651356049472943,0.10503234275119885,0.435076807003213,37001.960296031815,0.3114812177435306,0.7274640207985565,0
116509.35892909428,554633.5799527612,15332.04342117056,79,1,1,73397.38076966294,43111.97815943134,0.3700301723028842,0.1315949513592414,0.39670173641751694,27779.93473826078,0.23843522094364283,0.6283514985310484,0
85566.36285081321,548618.9206701734,16605.121849776162,42,1,0,53643.53569393339,31922.827156879823,0.37307682707675627,0.19406132616303381,0.5343015861138313,15317.705307103664,0.1790155009137225,0.662084993700637,0
139736.4448551857,685171.7580627542,42757.29037774151,102,1,0,90611.05009835858,49125.39475682711,0.3515574967413667,0.3059852454529851,0.4086095546827603,6368.104379085606,0.04557225128838164,0.6550230354139779,0
192367.4785857708,1041586.8813804316,17964.854927811863,194,1,0,121468.56799991608,70898.91058585471,0.36855975400354923,0.0933882122897498,0.4512140379435376,52934.05565804285,0.2751715417137995,0.7272805037010388,0
88762.75618257563,509585.0764905573,22418.81737585935,240,1,2,56482.89832783892,32279.857854736707,0.36366443813822596,0.25257009065543445,0.47841487654498777,9861.04047887736,0.11109434748279154,0.5554475007743299,1
70997.82032759377,249806.147353865,13410.596557887913,153,1,0,45126.61771732686,25871.20261026691,0.36439432211994116,0.1888874404314043,0.2932087048602629,12460.606052379,0.1755068816885369,0.7364824123693594,0
260744.6384059021,1104885.0842651585,31104.009999559952,148,1,0,161631.78116623554,99112.85723966657,0.3801146510455844,0.11928916425556652,0.3531185054657385,68008.84724010661,0.2608254867900179,0.7463487826580519,0
145375.13617507782,633382.2907977366,21193.771202910903,220,1,0,97111.02492460662,48264.11125047119,0.3319970148976912,0.14578676767247786,0.3630734866718332,27070.340047560298,0.18621024722521334,0.7327632469294589,0
149533.90796078608,676678.374836293,56970.77372555058,205,1,2,91276.34111164667,58257.5668491394,0.3895943578523804,0.3809889977629064,0.377104198898345,1286.7931235888245,0.008605360089473983,0.534473141225334,1
66090.25149984515,420033.4099489524,12439.302421567147,89,1,0,46754.592701529706,19335.658798315446,0.29256446086244275,0.18821690248215037,0.5296209859708993,6896.356376748299,0.1043475583802924,0.6658269432158701,1
138459.55205162003,1258806.8274974222,49828.91996033579,227,1,0,95618.01185918416,42841.540192435874,0.309415562578621,0.3598806960010873,0.7576260893795889,-6987.379767899925,-0.05046513342246632,0.5287598947856884,1
118091.17965436813,450041.2664409481,20704.22970253135,145,1,1,70725.7583141932,47365.42134017493,0.40109194843175494,0.17532409925219603,0.3175803559575313,26661.191637643584,0.22576784917955894,0.6345962535118622,0
452578.5850797412,4164253.4019791936,193073.4759829772,212,1,0,294668.257235187,157910.3278445542,0.34891250503320104,0.426607626494212,0.7667643328074323,-35163.148138422985,-0.07769512146101099,0.4993276495600855,1
115533.88881723475,957406.6918747596,28572.809751714005,21,1,0,74307.98330172518,41225.90551550957,0.3568295496460403,0.24731107075356804,0.6905669999196077,12653.095763795573,0.10951847889247236,0.5939054717226905,0
208479.85012466082,1484785.0760865093,64417.049403665784,16,1,0,145030.84344830256,63449.00667635826,0.30434119478893923,0.30898453430941897,0.5934966357654708,-968.0427273075329,-0.004643339520479751,0.5983571955465912,1
333897.61703201575,1710482.507938469,119296.45924686569,201,0,0,224361.20577285817,109536.41125915758,0.3280538873946342,0.3572845482015733,0.42689795231813515,-9760.047987708123,-0.029230660806939156,0.42901679502393014,1
49482.103114540325,295839.070895284,17873.18413616728,164,1,0,33122.8486864105,16359.254428129825,0.3306095213912332,0.36120502183981024,0.4982257090179332,-1513.9297080374563,-0.03059550044857709,0.606050278558696,1
272908.8359008475,1750826.6651594818,47510.337127985134,47,1,0,161129.86456860276,111778.97133224475,0.40958355548757674,0.17408867313202883,0.5346189016380265,64268.63420425961,0.23549488235554789,0.6699788602557806,0
90108.94469802578,359203.17799912905,13349.988722927223,216,1,0,61247.8374153714,28861.107282654375,0.32029125831374544,0.14815386827207744,0.33219341616870485,15511.118559727147,0.17213739004166792,0.7410804278405576,0
136783.99579356634,883272.9651022803,26138.872542499394,48,0,0,92779.75467796151,44004.24111560483,0.32170606554012204,0.1910959859803192,0.5381190979116878,17865.368573105443,0.1306100795598029,0.46212587623436596,0
184119.73797426294,679400.63654175,24748.761009450816,166,1,0,127391.93789964681,56727.80007461613,0.30810276344487186,0.13441666429543966,0.30749945842159865,31979.0390651653,0.17368609914943214,0.7539834967553445,1
279929.5366702535,1007930.6097094923,30180.269887807972,54,1,2,197206.08007422002,82723.45659603347,0.2955152842391141,0.1078138100280543,0.3000548583579198,52543.18670822549,0.18770147421105976,0.6668580184814025,1
309147.2922187235,1203918.171191482,77758.55055731391,10,1,0,199199.21562412145,109948.07659460205,0.35564948929526174,0.2515258988660308,0.32452658260702233,32189.52603728816,0.104123590429231,0.7020316656714811,0
48855.860186035694,374428.8977499552,11290.635953396964,213,0,0,29482.14694431699,19373.713241718702,0.39654840111189416,0.23110095514445836,0.638662547891196,8083.077288321736,0.16544744596743574,0.41596085357485785,1
89481.20534636943,286245.90866960766,6027.252527707706,223,0,0,60672.87596484282,28808.329381526615,0.3219483831270884,0.06735774852805168,0.2665791730244628,22781.076853818908,0.2545906345990367,0.5930831486814405,0
174399.26302545963,532212.6550091748,33715.34773379372,30,1,1,122540.54887991138,51858.71414554825,0.2973562688620861,0.19332276495269246,0.2543075802884748,18143.366411754527,0.10403350390939366,0.6463786199323805,0
111961.19793867311,350707.15029490815,13283.586948132312,45,1,0,75433.83751491089,36527.36042376222,0.32625017502733517,0.11864455894271883,0.2610332543415386,23243.773475629903,0.2076056160846163,0.7742322001204509,0
144566.0936275422,1029147.0440469576,57436.613943222845,168,1,0,95822.63611790842,48743.45750963378,0.3371707451348561,0.39730349283146316,0.593239061238912,-8693.156433589073,-0.060132747696607085,0.5631068844957412,1
162748.16599420126,715114.4219066304,9539.84896423577,30,1,0,100802.1800652629,61945.98592893836,0.3806247864639255,0.05861724404670512,0.36616614465776837,52406.136964702586,0.32200754241722035,0.7667032589839875,0
151935.54439232592,641279.2772906909,51929.3644969274,199,1,0,87293.98663921915,64641.55775310677,0.42545381998428367,0.3417854900551519,0.3517277012957044,12712.193256179366,0.08366832992913173,0.6577674935892279,0
111143.28701359422,682352.7501171808,15592.252193233884,239,1,1,67307.24090854285,43836.04610505137,0.39441020040814223,0.14028964422589693,0.5116164071112699,28243.793911817484,0.25412055618224527,0.5903992201762603,0
59777.9376217676,282524.30341972265,6807.408195194267,200,1,1,36605.803165000274,23172.13445676733,0.3876369004796412,0.1138782712489467,0.3938525296843016,16364.726261573065,0.27375862923069455,0.6362929325951309,1
101409.00018641044,484938.09739720036,17297.482724280093,78,0,1,64754.89911804691,36654.10106836353,0.3614482048041674,0.17057147484428195,0.39850021242837186,19356.618344083436,0.19087672995988542,0.4122213463337757,1
141240.57149357387,932784.7667018492,46802.50116748027,68,1,0,93503.74990984173,47736.82158373213,0.33798235931029247,0.3313672599350087,0.5503522328593622,934.3204162518523,0.006615099375283693,0.6023474261681878,0
79668.53899756206,647793.4162745515,12094.978792014865,183,0,0,49002.50584843534,30666.03314912672,0.38492023997157937,0.15181624947816583,0.6775922512046806,18571.054357111854,0.23310399049341354,0.4359958248473295,1
223158.4564302296,1805620.3555873586,69051.69975115253,20,1,0,157117.30324563666,66041.15318459293,0.29593838495311814,0.30942900778103166,0.6742669104841075,-3010.546566559613,-0.013490622827913579,0.573948323742355,1
170278.3028310159,1067440.925952346,9700.010846639034,150,1,1,107730.16209322374,62548.14073779216,0.3673288945090374,0.05696563029680487,0.5224001473887496,52848.129891153134,0.31036326421223254,0.6204937036646531,0
237674.5370276597,2203804.5656999326,42914.61734706446,99,0,2,155041.67029501792,82632.86673264179,0.3476723580323006,0.1805604331189681,0.7726969105387247,39718.249385577335,0.16711192491333252,0.2959667535907954,1
32874.6289553244,255774.27439407154,12289.130537134162,168,1,2,21200.168749057077,11674.460206267322,0.3551206683467835,0.3738180757518118,0.648357823144967,-614.6703308668402,-0.018697407405028302,0.4559654227557852,1
85901.43545869722,561397.1954168607,15020.238038635813,53,1,0,50937.15207656695,34964.28338213027,0.4070279291076766,0.1748543311113559,0.5446137118461284,19944.045343494457,0.2321735979963207,0.6666741540016192,0
246903.26031578984,844783.3755493187,37532.404545124424,203,0,1,164407.85938719433,82495.40092859551,0.3341203385612798,0.15201259188364055,0.28512630630745783,44962.996383471094,0.18210774667763932,0.45365707135430644,0
123838.19376494622,469712.96719175833,48136.70229233547,170,1,0,75020.80163929074,48817.392125655475,0.39420303737887513,0.38870643077774847,0.3160797656680588,680.6898333200079,0.005496606601126677,0.649693497988483,0
64204.66827896033,576753.0943872073,16666.97124336306,50,1,1,43032.666914905254,21172.001364055075,0.32975797448350147,0.2595912678957766,0.7485866550509167,4505.030120692019,0.07016670658772493,0.4715874963264144,1
301831.34924376267,936876.509010294,87781.91680263526,89,1,0,208207.24711767133,93624.10212609134,0.3101868058459341,0.29083101216150187,0.2586644581920871,5842.185323456099,0.01935579368443229,0.706068257677773,0
221522.72668701928,1434147.036964189,54425.8868787313,9,0,0,132689.90421141553,88832.82247560375,0.4010099722233563,0.24568985626304377,0.5395033496910826,34406.93559687244,0.15532011596031248,0.4398730525874578,0
282792.93898908637,1540244.1157531717,64070.722613582984,111,1,0,180144.559164872,102648.37982421438,0.36298070309377783,0.22656408198387026,0.45387864623351776,38577.65721063141,0.1364166211099076,0.6732107733363966,0
186928.10143702134,1121998.3283931373,21570.037795962788,67,1,2,120571.10054709038,66357.00088993096,0.3549867589720722,0.11539216217434291,0.500191570880152,44786.96309396817,0.2395945967977293,0.6037856638662172,1
143523.27149933335,639600.4652514572,37531.70531343886,50,1,0,87686.1644567459,55837.10704258745,0.3890456680598087,0.26150257669964827,0.37136861649089664,18305.40172914858,0.1275430913601604,0.6839883843728718,0
195146.26315692218,1365465.9642363163,62067.45545480432,137,0,0,135899.6718741999,59246.59128272228,0.3036009520463149,0.31805607983840445,0.583095102679603,-2820.864172082045,-0.014455127792089541,0.3978490372607573,1
157164.0681168689,1304677.6287594049,41141.104150294406,157,1,0,95401.39712390672,61762.67099296219,0.3929821347398236,0.26177169274914314,0.6917811242268348,20621.566842667773,0.1312104419906804,0.5877569856322924,0
508243.13500558847,4797492.7341686115,59796.63570382564,26,1,0,328734.92727774143,179508.20772784704,0.3531935708799554,0.11765360235149686,0.7866137949434804,119711.57202402141,0.23553996852845854,0.6169544205763571,1
401123.21495060564,2559848.3202080885,143486.90737494265,37,0,2,294182.968195929,106940.24675467663,0.26660198853822326,0.35771279753182983,0.5318083955249072,-36546.66062026602,-0.09111080899360656,0.2973723623297959,1
66136.16879821457,298213.23985301104,15727.299981506994,43,1,0,44132.87490746117,22003.293890753397,0.3326968327706852,0.2378017999423573,0.375756621114635,6275.993909246405,0.09489503282832787,0.6921522936886666,0
203481.57874696027,873975.8743140084,29450.068872054144,165,1,0,130542.99307800578,72938.58566895449,0.35845301632762216,0.14473088450270385,0.35792587863725084,43488.51679690035,0.2137221318249184,0.7347298826077433,0
186048.50381134957,906960.001276392,37403.3779371214,103,1,1,122346.00786624048,63702.49594510908,0.3423972493200078,0.20104100366777403,0.40623815057928664,26299.11800798768,0.14135624565223376,0.5977121533591044,0
296959.30947618117,1596785.56391781,80866.75814935243,22,1,0,174129.22367362748,122830.08580255369,0.41362598134814754,0.27231595565061306,0.44809325524947236,41963.32765320124,0.14131002569753442,0.6566456411649131,0
102527.88675271564,467246.5793042422,5126.394337635782,69,1,0,64197.24847886261,38330.63827385303,0.3738557331850768,0.05,0.3797719447386236,33204.24393621725,0.3238557331850769,0.7660684165784128,0
452374.4549565793,3666042.0331277107,113180.07945066554,223,1,0,313720.3665959496,138654.08836062968,0.30650291333081187,0.2501911374759855,0.6753332320454876,25474.00890996412,0.056311775854826315,0.5973235753959596,0
171534.915164041,904859.8482429945,26643.496592074684,84,0,0,123103.35241875875,48431.56274528227,0.282342301559811,0.15532404330975516,0.43958973181332867,21788.066153207576,0.1270182582500558,0.5059934631320994,0
1000000.0,4828215.750727559,215080.82577902204,154,1,0,611801.8336408297,388198.16635917034,0.3881981663591703,0.21508082577902204,0.40235131256062995,173117.34058014827,0.17311734058014827,0.6932622759202023,0
137998.61440230435,1203586.614815758,24869.16322267844,104,1,0,100842.95529800921,37155.65910429513,0.26924660994041616,0.18021313714192747,0.7268108089518979,12286.49588161669,0.08903347279848867,0.6098715024576598,1
126285.40100096335,502544.7332184663,30848.186214835467,48,0,0,85900.7602797587,40384.64072120465,0.31978867233352315,0.2442735737490365,0.33161970771178895,9536.454506369177,0.07551509858448666,0.5028046581868487,0
139656.41069613755,886375.014374012,16918.43836888035,78,1,1,82435.82650088673,57220.58419525082,0.40972400701139716,0.12114329936268554,0.5289022119570379,40302.14582637047,0.2885807076487116,0.5928720166678144,0
127374.76492399724,936182.9252380475,24682.446376371725,9,1,1,83665.94541435687,43708.819509640365,0.3431513262122275,0.19377815057087172,0.6124858704656916,19026.373133268644,0.1493731756413558,0.5387429786319439,0
126523.98009421983,1036812.5905703686,59222.00769173712,169,1,1,92511.80618056367,34012.17391365617,0.26881998091055936,0.4680694335384936,0.682882795418357,-25209.833778080952,-0.19924945262793425,0.40790738795909554,1
42200.329491284945,195071.86627688922,2141.4919630866607,102,1,0,26788.297110561856,15412.032380723089,0.3652111859436056,0.050745858833375075,0.385209998413983,13270.540417636432,0.3144653271102306,0.7641386569424551,0
130960.39957180328,794710.7882517321,35408.21087848549,123,1,0,92223.9507000154,38736.448871787885,0.2957874975828046,0.2703734181802935,0.5056940818561506,3328.2379933023913,0.025414079402511114,0.6401424081710374,0
138739.87593134856,391482.04293780756,17016.454220936448,59,1,2,88633.20449763583,50106.671433712734,0.3611555156536725,0.12265006081853894,0.23514150750930057,33090.21721277629,0.23850545483513358,0.6803975234197942,0
127183.86536743228,746998.1559446829,21020.565550237163,199,1,1,82768.86029687354,44415.00507055875,0.3492188646904579,0.16527698296878351,0.4894476681368718,23394.439520321583,0.18394188172167433,0.5870549063714251,0
251562.02282312838,1862734.0702085455,49098.18854784862,75,1,0,139374.33296068295,112187.68986244543,0.44596433358036663,0.19517329363490307,0.6170559349222007,63089.501314596826,0.25079103994546365,0.6368139020693786,0
163846.9282068394,932283.273546737,27623.994892438055,139,1,0,112018.28908624969,51828.63912058971,0.31632353250566614,0.1685963551148526,0.47416374323164406,24204.64422815165,0.1477271773908135,0.6903123349845657,0
310368.1733091668,1878142.2419272512,74579.0188168303,211,1,0,207828.8698659963,102539.3034431705,0.3303795693672112,0.24029209574443047,0.5042780379998293,27960.284626340203,0.09008747362278073,0.6525997503022791,0
133164.4030279574,301985.60889619356,35930.29463867676,191,1,0,92304.31800591886,40860.08502203853,0.306839396212065,0.2698190644171875,0.1889804394852634,4929.790383361775,0.037020331794877515,0.7353782423875459,0
246028.74432711527,1630841.1174818226,92086.95320695512,147,1,0,175556.97392478064,70471.77040233463,0.2864371421114789,0.3742934731419757,0.5523884082264952,-21615.182804620505,-0.08785633103049681,0.5845660882752612,1
187141.59034809275,1087773.9888843761,50246.20910548177,214,1,0,118505.3316111844,68636.25873690835,0.36676111712656423,0.26849301115813595,0.48438100925840066,18390.049631426577,0.09826810596842829,0.6472884927592255,0
322672.22895914863,2281057.404278451,82500.93174659244,47,1,2,221064.54352187068,101607.68543727795,0.3148944232512238,0.2556802982788994,0.5891059098465832,19106.753690685495,0.05921412497232439,0.5209961077344653,1
167371.24951519317,1183120.3385767383,33357.28435972303,232,1,0,107964.6962112768,59406.55330391637,0.3549388170070615,0.19930116107960952,0.5890698780922448,26049.268944193333,0.15563765592745188,0.6435585721404828,0
208576.33202137734,1372640.6508325292,37219.02686256066,136,1,0,133557.48290040655,75018.84912097079,0.3596709578404226,0.178443193922626,0.5484165906752405,37799.82225841013,0.1812277639177966,0.6640977452283775,0
275715.9419452509,2757159.419452509,65121.39101027771,90,0,0,190201.5343219927,85514.40762325822,0.3101540194590521,0.23619015480508163,0.8333333333333333,20393.016612980515,0.07396386465397047,0.3555239380779674,1
108061.03938157408,822083.6558378569,9914.165759600162,84,1,1,67693.50409672005,40367.535284854035,0.37356234509564845,0.09174597816510237,0.6339655042361438,30453.369525253875,0.2818163669305461,0.5731119574631159,0
140630.79798288178,903450.2870171565,21146.467642987624,199,1,1,84863.58528560928,55767.212697272495,0.3965504960304693,0.1503686813009599,0.5353558750854895,34620.74505428487,0.24618181472950942,0.5792457649539692,0
281832.09746938525,2291070.1946304003,20879.25140564147,240,1,0,183269.89455767692,98562.20291170833,0.3497195805471196,0.07408400814924757,0.6774335426430252,77682.95150606686,0.275635572397872,0.6671363339473935,1
142173.23089581632,784755.8567274802,31219.501778063353,168,1,0,95440.57150009934,46732.65939571698,0.32870223952329247,0.21958776333176824,0.459976332970014,15513.157617653633,0.10911447619152427,0.6741719947762885,0
141406.87600230053,764185.5523161829,22799.26471874816,31,1,0,97310.03223280938,44096.843769491155,0.31184370248568216,0.1612316555128284,0.45034676643762267,21297.579050742992,0.15061204697285374,0.7004033078635818,0
305250.9412281566,1939089.3906230486,45273.924129422085,116,1,1,202156.69111420025,103094.25011395637,0.3377360597125879,0.14831706643480114,0.529370300716424,57820.32598453428,0.18941899327778677,0.5818620832111524,0
287830.3837969078,1632766.4041169223,51650.33212103347,178,1,0,176927.63763488465,110902.74616202313,0.38530590377239593,0.17944711548408934,0.4727223902315669,59252.41404098968,0.20585878828830662,0.6864044367368942,0
121109.72583370404,927547.9954466914,12759.29823488665,117,0,1,79543.96938455086,41565.75644915318,0.3432074192474615,0.10535320881170569,0.6382283978857246,28806.45821426653,0.2378542104357558,0.3663901971096004,1
50126.19497206678,308926.57401267526,15497.458411574837,175,1,0,34691.497178022466,15434.697794044318,0.3079168048292001,0.30916885712571873,0.5135813955571318,-62.760617530519085,-0.001252052296518675,0.6222580384825729,1
210733.88529284834,1371774.1174945545,61719.862407359324,172,1,0,132494.6882348601,78239.19705798823,0.3712701303317328,0.29288057932206646,0.5424590811883653,16519.33465062891,0.07838955100966634,0.6201100439146638,0
51875.39031883715,346864.59289761755,6701.117998761411,39,1,0,32198.620291801326,19676.770027035822,0.37930837543772145,0.12917720633184482,0.5572080048710866,12975.652028274413,0.2501311691058767,0.681166716005936,1
210781.25061830578,1577038.1094916388,31588.239499770723,155,1,0,122735.84298616405,88045.40763214174,0.4177098644868522,0.14986266286545777,0.623489243337012,56457.16813237102,0.26784720162139447,0.6530081618527133,0
128592.02450975831,550090.8301317985,23766.48042219345,64,1,0,79472.88029422512,49119.14421553319,0.38197659927039834,0.18482079672359394,0.35648324758666927,25352.663793339743,0.19715580254680443,0.7191267070345617,1
176288.3221276391,709843.8563593746,10399.860351784551,138,1,0,107728.76354175474,68559.55858588437,0.3889058433277547,0.05899347288730037,0.3355506138051797,58159.69823409981,0.3299123704404543,0.775737426703526,0
85579.21930175617,308440.45049359225,18310.66286228246,114,0,1,51967.905547130664,33611.3137546255,0.39275088074957193,0.21396155528970465,0.30034593776597546,15300.650892343037,0.17878932545986725,0.4243115965543256,0
83905.40955126443,787116.5956442734,17464.139856818514,183,1,0,59392.727439998096,24512.68211126633,0.29214662370832717,0.20814080939737617,0.7817499489940136,7048.542254447821,0.08400581431095108,0.5822186915428454,1
133130.70459873727,610707.461113399,7401.871536126524,228,0,2,91988.89634068518,41141.808258052086,0.30903320448919425,0.05559853047000797,0.38227310956934046,33739.936721925566,0.2534346740191863,0.4630786549411947,1
119041.88593586905,530265.6949061968,17637.498000834046,132,1,0,70746.13485536046,48295.75108050859,0.405703847018408,0.14816211841885488,0.3712038629214543,30658.25307967454,0.25754172859955304,0.7293739937560217,0
127290.80957422193,828519.9997339827,42554.31502267636,132,0,0,71136.87769173476,56153.93188248717,0.44114678876124525,0.3343078354597422,0.5424062706656508,13599.616859810805,0.10683895330150298,0.40355498461640793,1
169792.20423765105,742490.8953839127,34100.40020645468,153,1,2,105370.83033429,64421.37390336105,0.37941302542484895,0.2008360770128514,0.3644115556412115,30320.973696906367,0.17857694841199756,0.6103421025024961,1
1000000.0,9945999.382944787,257157.27034705982,147,1,1,639905.5021811745,360094.49781882553,0.3600944978188255,0.2571572703470598,0.8288332819120656,102937.22747176571,0.10293722747176572,0.44848710728755636,1
247029.43379798293,1387121.7950789228,76757.92618931779,155,1,0,168462.5574626282,78566.87633535473,0.3180466194955763,0.31072380731799476,0.467934047963589,1808.9501460369502,0.0073228121775815724,0.6353302626837254,0
179657.8468677262,1334777.8500098323,20747.694553216123,208,1,1,96639.78786187567,83018.05900585055,0.4620898026623514,0.11548448851494748,0.6191295812573885,62270.364452634414,0.3466053141474038,0.5680673302168046,0
166158.26533857986,797389.7986418025,17408.210146175374,240,1,0,101397.61311617131,64760.65222240855,0.3897528184375667,0.10476884860769792,0.3999148026215475,47352.44207623317,0.2849839698298688,0.7381180197704567,0
549776.1801424059,5039526.623720969,115330.1343499161,188,0,0,322619.2527008489,227156.927441557,0.4131807372642402,0.20977652091082355,0.7638754954206401,111826.79309164087,0.2034042163534166,0.3869267430094786,1
147999.49839974946,784600.7515843632,38649.77358160283,37,1,0,103509.76448078651,44489.73391896294,0.30060732907888194,0.26114800387504733,0.441781199749487,5839.960337360113,0.039459325203834605,0.6630064385251351,0
61454.23246823896,416579.7747421545,24740.369991172673,105,0,0,40382.877581951085,21071.354886287874,0.34287882282441756,0.402582035402673,0.5648916247787233,-3669.0151048847983,-0.05970321257825544,0.3694996984053138,1
112233.55252262771,823950.4950118655,38279.27915327442,132,1,0,70560.5789915533,41672.973531074414,0.371305840316091,0.34106805222579795,0.6117826595317434,3393.6943777999986,0.03023778809029311,0.5800379812501579,0
363406.0707398736,3293377.2123180367,111447.23833883475,113,0,0,250869.3041830765,112536.76655679711,0.30967222514384196,0.3066741238304981,0.7552105567959905,1089.528217962361,0.002998101313343899,0.35076718342900365,1
100217.67030581736,534736.9839181931,14653.65730517698,130,1,2,61386.04873276805,38831.621573049306,0.3874728024963402,0.1462182992326691,0.4446462903252046,24177.964267872325,0.24125450326367107,0.6081187932093709,1
112755.93998985157,742814.3261495963,19540.996293945023,192,1,1,65436.69661319794,47319.24337665363,0.4196607591663244,0.17330347559253892,0.5489838836993511,27778.247082708607,0.24635728357378553,0.5659834446531792,0
115164.30519573938,569589.2089897642,19162.860580487093,104,0,1,80227.209842072,34937.09535366738,0.30336739577672467,0.16639583374307582,0.4121569381688045,15774.234773180287,0.13697156203364888,0.4097945850521284,1
344901.66483515664,2551955.6533354986,118160.99574217504,67,0,1,233905.8399159074,110995.82491924925,0.3218187565789192,0.342593289013694,0.616590155379309,-7165.170822925778,-0.02077453243477477,0.2779856377807297,1
160298.60976530146,1028379.3335057127,21970.95662674045,131,1,0,106911.9225111553,53386.68725414616,0.33304522935234054,0.1370626773301956,0.5346164755740329,31415.730627405705,0.19598255202214496,0.6847899863957119,0
154443.78158174787,611568.4794321301,22198.372973126596,224,0,0,104998.66452847341,49445.11705327446,0.3201496139687755,0.14373108936973863,0.3299844087649588,27246.744080147866,0.1764185245990369,0.5435122416226169,0
322995.2234887755,2233305.059104092,116069.39065883758,67,1,0,216906.06940821343,106089.15408056206,0.3284542506067394,0.3593532727980764,0.5761966165168648,-9980.236578275508,-0.030899022191336938,0.5833997059257101,1
118877.07845036469,498972.795490348,18662.712579689858,28,1,0,73214.95144966322,45662.12700070147,0.38411212317744664,0.1569916826941721,0.3497820339538701,26999.414421011606,0.2271204404832745,0.7322687167361701,0
129971.61862849153,610821.2735894381,36941.89880469493,240,1,0,91662.13328257999,38309.48534591154,0.29475269870582027,0.284230505048098,0.39163760008726617,1367.5865412166022,0.0105221936577222,0.6688165179545811,0
76851.46865065374,388308.1769426293,11778.704897646629,70,1,0,49117.12709446929,27734.341556184452,0.36088238836732406,0.15326583999571272,0.42105915883422534,15955.63665853782,0.20761654837161128,0.7123759163514474,1
52530.64791567526,112503.3416867252,14680.799028116107,165,1,0,35236.45992207351,17294.18799360175,0.3292209154047218,0.27947112039589606,0.17847254594962195,2613.3889654856466,0.0497497950088258,0.734669788056755,0
241120.06919026014,1713676.510681353,76474.77249648944,182,1,0,157221.97077471187,83898.09841554827,0.34795153591859235,0.3171646920694339,0.5922625037795125,7423.325919058814,0.030786843849158425,0.5954553720383727,0
191375.95595421118,863150.7065063226,49891.26779056875,70,1,0,123610.51862371231,67765.43733049887,0.354095878934303,0.26069768034238217,0.37585299147717083,17874.16953993011,0.09339819859192083,0.682965030419896,0
190902.96399135175,822363.0526463265,67177.50669845683,103,1,0,113614.54964698096,77288.41434437079,0.404857068368368,0.3518934713947139,0.3589795200366738,10110.907645913961,0.05296359697365413,0.6515487554311123,0
582001.4429296501,4638599.266018443,111895.47795595603,59,1,0,403313.47589348216,178687.96703616792,0.3070232371533261,0.19225979473985855,0.664173505978051,66792.4890802119,0.11476344241346753,0.6238440303106413,0
581519.0791875527,3259355.7088981904,129423.67978919846,29,0,2,371196.90990327386,210322.16928427882,0.36167716040911757,0.22256136457296954,0.4670749171652109,80898.48949508037,0.13911579583614803,0.3708529790212489,1
82516.29224210647,364645.5249638054,11106.01810138656,59,1,0,53752.761985647936,28763.530256458536,0.3485800134119582,0.13459182180412335,0.36825608924792613,17657.51215507197,0.21398819160783478,0.7356864445039728,0
176591.7196283674,1642740.1170938336,57288.450544476225,37,1,1,115507.18022515162,61084.53940321578,0.34590828795238293,0.32441187313333975,0.7752062783346318,3796.0888587395602,0.021496414819043207,0.4376733672462746,1
144715.79049879342,413571.12713142316,27513.139202936676,131,1,1,91831.97134570153,52883.819153091885,0.36543226534448436,0.19011843219117178,0.238151348069875,25370.679950155216,0.17531383315331264,0.6525072227025689,0
1000000.0,7017907.27116204,179049.36353393176,118,1,0,691378.5529039367,308621.4470960633,0.3086214470960633,0.17904936353393175,0.58482560593017,129572.0835621315,0.1295720835621315,0.6529325728073763,0
341140.4682702682,1693142.6317843772,56258.23918965574,9,1,0,211910.6178536639,129229.85041660428,0.37881712208421453,0.16491224120934608,0.4135985977588042,72971.61122694853,0.2139048808748684,0.7099555241886204,0
284844.4671531559,1955090.6926610693,68261.60448577604,204,1,0,192815.6090157717,92028.85813738417,0.3230845908897429,0.23964518309942448,0.5719760893260425,23767.25365160813,0.0834394077903184,0.6325490999624175,0
104051.43018430927,401841.960327174,23390.785212438335,182,1,0,59959.85215897907,44091.5780253302,0.4237479287620509,0.2248002278393057,0.32182959876619016,20700.792812891865,0.19894770092274522,0.7135310292344206,0
127060.19489282035,704859.6272229531,45410.67727600662,10,1,0,78109.23715213388,48950.95774068647,0.3852580092607153,0.35739499151809184,0.4622872042509238,3540.280464679847,0.02786301774262345,0.6183558421174862,0
162719.80219821594,650165.1483918148,17569.83559046606,222,1,2,107970.49633619952,54749.30586201642,0.33646369478328125,0.107976013694163,0.3329676431553901,37179.47027155035,0.22848768108911816,0.6569193015757179,0
79359.91886493187,594186.4430437896,4820.775905279447,31,1,2,50952.31559200522,28407.603272926644,0.35795907656200493,0.0607457262334688,0.6239363349726921,23586.8273676472,0.2972133503285362,0.588520809014805,1
110127.51345439677,644331.2334487124,21103.285830824956,155,1,0,74500.77081117881,35626.74264321796,0.3235044679181902,0.1916259177100527,0.48756453105875197,14523.456812393008,0.13187855020813755,0.6770802735983534,0
153677.4225093532,777663.9710053803,26216.669922722536,115,1,0,110091.12990426678,43586.29260508642,0.2836219653699205,0.17059545569308934,0.4216971488649922,17369.622682363886,0.1130265096768312,0.7052526730632667,0
220864.92484983566,1791942.731150757,46146.54191633413,142,1,0,148199.25768160683,72665.66716822883,0.3290050116270551,0.2089355833557945,0.6761080829414498,26519.1252518947,0.12006942827126058,0.6135933417752473,0
176325.61891746215,701960.3863511715,33291.591307589675,218,1,1,118613.50944657008,57712.10947089207,0.3273041650170362,0.1888074547078348,0.3317538269352673,24420.518163302404,0.13849671030920144,0.6249508700362859,1
48068.15510042473,166348.09756386184,18223.6457034938,223,1,0,32908.14974912052,15160.005351304208,0.3153856294178899,0.3791209724072138,0.2883892971280827,-3063.640352189592,-0.06373534298932396,0.6618348218986897,1
146047.75936129648,821646.576263461,10037.189036397309,89,1,0,87571.5766657592,58476.18269553728,0.40039082387342545,0.06872538873785163,0.468822995446106,48438.99365913996,0.3316654351355737,0.7318629458710275,0
92445.23515782753,409126.0685421042,11124.028201436986,160,1,1,61631.03253967991,30814.202618147618,0.3333238599646584,0.12033100659482818,0.3688003928700976,19690.17441671063,0.2129928533698302,0.6412274795010394,0
122540.85815144547,651122.561778384,12294.184416139422,240,0,0,83790.11356697665,38750.74458446882,0.31622713574094324,0.10032722637657163,0.4427928308978629,26456.560168329393,0.2158999093643716,0.5270312601800125,0
155849.74508936997,1534569.817298998,46194.17307710757,177,1,0,98998.4040840938,56851.341005276176,0.3647830220875596,0.29640198032161125,0.8205391547796133,10657.167928168608,0.06838104176594832,0.5352774614374716,1
185406.042373285,1352634.831466206,54065.490266283974,202,0,0,126788.97905400625,58617.063319278735,0.31615508625799144,0.2916058698746823,0.6079606028260283,4551.573052994761,0.024549216383309168,0.40096947120231863,1
162808.41510977526,1207340.224545564,20040.74201657151,126,1,0,111648.7655060699,51159.64960370536,0.3142322193187031,0.12309401822417368,0.6179759523545422,31118.907587133843,0.1911382010945294,0.6653696070039679,1
84933.49142917595,621987.748564281,24932.17772045052,60,1,0,59338.633087051305,25594.858342124644,0.30135177432883,0.2935494267445826,0.6102694179666275,662.6806216741243,0.007802347584247354,0.5994994039121788,0
99065.30860667727,528867.3769803896,13549.64471523218,144,1,0,64197.98406564367,34867.324541033595,0.3519630134043053,0.13677487009129347,0.44488107930914855,21317.679825801417,0.2151881433130119,0.7118257281707381,0
335743.7523372831,2312809.22391563,90407.65232504893,185,1,0,234393.06232178002,101350.69001550309,0.3018691764476609,0.269275754785235,0.5740511942552885,10943.037690454163,0.03259342166242591,0.6200743398093194,0
150131.58761515017,926996.4962993745,34638.531331938255,212,0,2,103221.13630618506,46910.451308965115,0.3124622343248388,0.2307211419140604,0.5145466670409898,12271.91997702686,0.08174109241077837,0.35334754312207883,1
72809.13050644312,708139.564491844,22105.36251591716,167,1,0,42372.855004061814,30436.275502381308,0.41802827874297854,0.3036070114030682,0.8104976664856367,8330.912986464144,0.11442126733991026,0.5354078954930817,1
227357.20992282542,1895496.5895854072,28987.632967526068,172,1,2,133962.4035948132,93394.80632801223,0.4107844495440208,0.12749819096287154,0.6947571585072444,64407.173360486166,0.2832862585811493,0.5405735760626781,1
440787.7168616657,3870859.881764572,133264.11310886915,114,1,0,317663.8946885947,123123.82217307104,0.2793267994164899,0.30233173024349946,0.7318072724675048,-10140.29093579814,-0.023004930827009662,0.5595251261623488,1
118527.6826452441,794319.0018889178,8993.87774401865,99,1,1,78920.69717360286,39606.98547164124,0.33415810203752816,0.07587997624940934,0.5584623665977477,30613.107727622584,0.2582781257881188,0.602109299520912,0
57232.584403673245,219697.89343144672,20645.10342196559,123,1,0,37929.44185662781,19303.142547045434,0.33727539561897785,0.3607228930350481,0.31989046059536075,-1341.9608749201507,-0.023447497416070245,0.6597437046073726,1
157671.41643701826,839067.00463307,23730.732971490455,140,0,1,108047.57477915737,49623.84165786089,0.314729472083376,0.15050751434689927,0.44346814385357897,25893.10868637044,0.16422195773647677,0.4067565511051666,1
70973.08923315012,439416.26551500335,18733.871962208068,197,0,0,50155.35168616574,20817.737546984383,0.29331874618839093,0.26395739800287354,0.5159423454988448,2083.865584776315,0.02936134818551737,0.4396343371491972,1
189927.86827901,1274521.8512942337,23181.126190419945,136,1,0,133965.8344290685,55962.03384994151,0.2946488809516438,0.12205226331696696,0.5592131119930933,32780.90765952156,0.17259661763467685,0.6834151610752852,0
104429.56329087382,413033.3132668678,13044.76075799984,192,1,0,67837.87183296804,36591.69145790578,0.3503959061476182,0.12491444325650869,0.3295948167126629,23546.930699905934,0.22548146289110949,0.7511557776835978,0
107033.76697066249,870592.2274417588,35489.26509232361,6,0,0,75042.6385305225,31991.12844013999,0.29888818590219873,0.33157073787799196,0.6778174247263363,-3498.136652183617,-0.03268255197579323,0.36402647743090233,1
101933.32412882787,675424.606529338,10278.429168926139,201,1,2,60952.23034604924,40981.093782778626,0.4020382356115935,0.10083482763630669,0.5521784397642999,30702.66461385248,0.3012034079752868,0.5940125370161874,1
148501.6312163387,581864.6490038463,42980.15383232204,125,1,2,100167.22697054382,48334.40424579487,0.3254806283937771,0.2894254661062148,0.3265197853596751,5354.250413472822,0.03605516228756232,0.5862738779496116,1
94390.98643107359,744063.8313228423,12606.988730819447,240,1,1,61225.00528744176,33165.98114363183,0.35136809559512727,0.1335613622390243,0.6568987317680083,20558.992412812382,0.217806733356103,0.5495058355739878,0
150799.62468426416,779780.3803978732,11561.711704824334,134,1,0,83205.64391540688,67593.98076885728,0.448237062329444,0.07666936657854156,0.4309141916138352,56032.26906403295,0.37156769575090254,0.7400579958844329,0
130218.00816747405,919923.7607965304,38067.056711068995,118,0,1,78897.60414134094,51320.40402613311,0.3941114193678164,0.29233327438176415,0.5887074643402443,13253.347315064108,0.10177814498605223,0.30645445094522106,1
403413.8916950744,3519798.1310561877,150680.50660987754,23,1,1,245074.40042383553,158339.49127123886,0.3924988567099762,0.37351343052849395,0.7270857968943123,7658.984661361319,0.018985426181482273,0.43246888872030875,1
187322.420100918,636464.2388508936,49507.55918516802,195,0,0,114502.27362620957,72820.14647470844,0.38874228955336654,0.26429062339946463,0.2831411559936806,23312.587289540403,0.12445166615390185,0.50934140384211,0
92496.70132316099,715126.5083298691,20744.2803478835,188,1,0,60135.244687939055,32361.456635221934,0.34986606194915937,0.22427048804051972,0.644281091559679,11617.176287338436,0.12559557390863968,0.6170074773158885,0
105559.50043495602,746194.4439312221,17854.346818839163,208,1,0,72728.31826397026,32831.18217098576,0.3110206285147757,0.16914012235062356,0.589078861413501,14976.83535214659,0.14188050616415207,0.6556202926357002,0
64469.75037633783,371941.4467907095,5534.986116455838,45,1,0,41558.41388173945,22911.336494598385,0.3553811882449521,0.08585400260037813,0.4807699794858911,17376.350378142546,0.2695271856445739,0.7214274051140814,1
263090.81882502174,2630908.1882502176,59797.77655438044,43,1,0,169641.7614945426,93449.05733047915,0.35519695346203206,0.22728948437440974,0.8333333333333334,33651.28077609872,0.12790746908762235,0.5590842062502361,1
136312.62314890322,1235295.4635030378,25613.736465606507,212,1,1,90208.08667957466,46104.53646932857,0.33822646358265407,0.18790436185522555,0.7551852957359909,20490.800003722063,0.15032210172742855,0.4982826665371126,1
48950.540967903515,443591.3579363811,13910.473463530541,33,1,0,27556.897148157565,21393.64381974595,0.4370461162783389,0.2841740497342313,0.7551693150630695,7483.170356215407,0.1528720665441075,0.5597795855873866,1
98363.82155867836,429817.5801340771,15560.255440895038,143,1,0,62541.27870648103,35822.54285219733,0.36418413075611955,0.15819083880970056,0.3641392852602078,20262.28741130229,0.20599329194641897,0.7274818788980575,0
85614.25416475555,560906.7761955698,17315.207639316464,119,1,0,54466.67233836098,31147.58182639457,0.36381303709606994,0.2022467848168739,0.5459631904248134,13832.374187078109,0.16156625227919608,0.6553123289458065,0
583570.2438787945,5462579.886234734,194473.58414134328,214,1,1,421117.5053477809,162452.7385310136,0.27837735085881876,0.3332479443241365,0.7800517509150239,-32020.84561032965,-0.05487059346531772,0.43268529699583824,1
63129.54269544063,327623.8942960421,3930.50736075182,225,1,2,35233.997811918154,27895.544883522474,0.44187782284596144,0.06226098262288998,0.4324756686905109,23965.037522770654,0.37961684022307146,0.6453529063436908,1
79167.77392666305,455524.96551103453,18766.654086093782,216,1,1,53818.71009537063,25349.06383129242,0.32019422264890873,0.23704915719214542,0.4794932572911647,6582.409745198638,0.0831450654567633,0.5613323599357924,1
283504.9384437361,2751195.210142747,30692.490942001612,73,1,0,182702.29841267475,100802.64003106137,0.35555867416068476,0.10826086878939073,0.8086852693657588,70110.14908905976,0.2472978053712941,0.6140900716745161,0
320738.5482279389,1729298.4621353461,75442.71617246335,144,1,0,221490.36258084772,99248.18564709116,0.30943641229104324,0.23521561904323568,0.4493011706080689,23805.46947462781,0.07422079324780757,0.6711234012002851,0
90844.67720536968,447240.7845878868,18038.843736718656,188,1,0,56187.981007248585,34656.69619812109,0.38149396601161123,0.19856797659084433,0.4102614102317591,16617.852461402435,0.18292598942076688,0.6974943862941345,0
148465.3371122246,974446.2606419912,37095.06117098381,221,1,0,106228.49050764176,42236.84660458284,0.28448961505847054,0.24985671330772477,0.546954977053785,5141.785433599027,0.034632901750745786,0.6359708215607747,1
152385.60321668343,758077.235698852,7929.930440946226,25,1,0,85150.87604549235,67234.72717119109,0.4412144307069955,0.05203858024350455,0.41456083541616373,59304.79673024487,0.389175850463491,0.7548163172777491,0
50840.578370515635,252286.86507981792,8974.565291237648,235,1,0,34304.36551672935,16536.212853786288,0.32525619070014866,0.17652366630908228,0.4135260867824964,7561.647562548642,0.14873252439106643,0.7053327074416182,1
64177.19174253179,308629.51694519876,17445.435764532936,89,1,1,41510.86533739316,22666.32640513863,0.3531835187814412,0.2718323331211051,0.40075182029280354,5220.890640605692,0.0813511856603361,0.5710415206637168,1
141440.34252611172,930893.8572853521,24383.032735136323,36,0,0,94982.5772776445,46457.76524846723,0.32846191135241715,0.17239093387118246,0.5484608331798364,22074.732513330906,0.1560709774812347,0.4665053764975762,0
574314.3370889634,3234162.207940895,91941.31501358731,138,1,1,430735.7528167225,143578.58427224087,0.25000000000000006,0.16008883824772996,0.4692787554190195,51637.26925865357,0.08991116175227012,0.5951808380752023,1
102172.98288761657,455183.16708991915,17779.992877619028,207,1,0,65307.33185310986,36865.65103450671,0.3608160395498725,0.1740185357725714,0.3712520621282945,19085.65815688767,0.18679750377730106,0.7190169670524831,0
171179.56904324825,1138973.3402484308,49760.11574198494,36,1,0,113630.72912368218,57548.839919566075,0.3361898866857554,0.2906895724770351,0.5544729756664043,7788.724177581127,0.045500314208720305,0.6173822783092646,0
185505.52103420103,1044587.4870640856,14785.917297236932,33,1,0,124830.7399845651,60674.78104963593,0.3270780336421875,0.07970607675073403,0.46925264957096097,45888.86375239899,0.24737195689145347,0.7273417744284181,0
268502.6865478207,787342.2460483882,67006.49464779168,234,1,0,171382.82288783466,97119.86365998603,0.3617090946413635,0.2495561422841024,0.24436200129297447,30113.369012194365,0.11215295235726118,0.7268689426984667,0
96838.27327603991,812403.127831283,12352.042872719987,240,1,0,58006.03181597102,38832.241460068886,0.40100096941399,0.12755331600668035,0.6991064417229502,26480.198587348896,0.27344765340730964,0.6392467410804428,0
119802.76505398282,638028.5191785669,33763.84157994802,60,1,0,71884.25036737094,47918.514686611874,0.3999783699902078,0.2818285668509748,0.44380480902024877,14154.673106663846,0.11814980313923294,0.6541271305535354,0
240958.73749739048,1634197.706000035,55440.68257242736,236,1,0,169155.1643231386,71803.57317425188,0.2979911578223201,0.23008371951246534,0.5651720438987792,16362.890601824532,0.06790743830985477,0.6384148990253802,0
67613.58987141059,402461.3662958594,14642.24941834827,237,1,0,42315.60195809041,25297.987913320176,0.3741553726319309,0.21655778736486717,0.4960311566817554,10655.738494971905,0.15759758526706372,0.6645675380495265,1
178167.75099788044,1241034.4296464385,26717.225064812937,240,0,0,107659.37760271854,70508.3733951619,0.3957415020409653,0.14995544881256753,0.580461588725449,43791.14833034898,0.24578605322839786,0.4658793438573383,0
97815.8818378881,671884.7978523102,21654.317971877495,56,1,1,68526.51610349087,29289.36573439723,0.2994336419001874,0.22137834434458772,0.5724060220999662,7635.047762519738,0.07805529755559973,0.5397268556321752,0
171311.0490760283,760765.5501811248,44181.22062351165,142,1,1,124492.83218614884,46818.21688987948,0.27329362082828307,0.25790058996080223,0.3700702874898897,2636.9962663678307,0.015393030867480851,0.5858186777687123,1
109952.61310329977,706188.7233461142,17078.3954573716,240,0,0,67054.97581069687,42897.6372926029,0.39014659208054336,0.15532505299648094,0.5352220253606391,25819.241835231296,0.2348215390840624,0.477303371193216,0
83780.502449646,219155.1028128013,8475.490980039496,236,1,0,54896.76095113115,28883.741498514843,0.34475493287802417,0.10116304787182985,0.2179853868192847,20408.250518475346,0.2435918850061943,0.7941391648054827,0
82985.50786436292,633557.2733510057,18807.81151758635,166,1,0,56165.48236727085,26820.025497092072,0.3231892674673814,0.22663971097612726,0.6362127653928585,8012.213979505723,0.09654955649125414,0.6184802859916916,0
186877.2348514488,1494250.3916916414,56895.74901511739,52,0,0,114561.1954722127,72316.0393792361,0.3869708337493386,0.30445521660433694,0.6663244245522294,15420.290364118715,0.08251561714500169,0.37832058599259644,1
176011.55841946966,1091228.9255405592,9189.900128514479,43,1,0,108894.26214843642,67117.29627103324,0.3813232316884537,0.05221191273480555,0.5166464328344227,57927.39614251876,0.3291113189536482,0.7241213050557509,0
114771.70298293853,877678.675174429,19801.411687796703,84,1,0,68972.2921876491,45799.41079528943,0.39904793259099564,0.17252869107240046,0.6372641312880208,25997.999107492724,0.22651924151859518,0.6398092841846337,0
123827.28370846873,766098.9984807586,29147.862189889776,39,1,0,73536.82253974862,50290.46116872011,0.40613392834426415,0.23539127498357867,0.5155696006143085,21142.598978830327,0.17074265336068542,0.651172609822276,0
149798.471317576,1386917.2160117524,29393.807138620417,69,1,2,103823.32720545719,45975.144112118825,0.30691330630905117,0.19622234379351514,0.7715461556521593,16581.336973498415,0.11069096251553609,0.4900472157869462,1
83348.41453772511,543403.8718093834,13896.273609216114,41,1,0,43149.07016973918,40199.344367985934,0.48230484756000885,0.16672511032500073,0.5433055473852957,26303.070758769827,0.3155797372350082,0.670318291654411,0
235589.52155711208,2246417.237563733,59687.157675024,185,1,1,168075.6482308795,67513.87332623257,0.28657417732335655,0.25335234470754897,0.7946085005239194,7826.715651208564,0.03322183261580756,0.46027651195980457,1
245161.27751497767,1541686.105735149,38963.77100816741,144,1,0,171033.4534776596,74127.82403731806,0.3023635085797322,0.15893117952033428,0.5240380677031954,35164.053029150644,0.1434323290593979,0.6792161078809076,0
598279.4008838697,2351870.3671143386,255641.57354081096,127,1,0,355765.6861239879,242513.71475988184,0.4053519382442443,0.42729462716439537,0.32758807501977005,-13127.85878092912,-0.02194268892015109,0.6308057266283109,1
134853.9884031225,1072327.542707946,18059.21498359003,196,0,2,88666.57309310052,46187.41531002197,0.3424994385182939,0.13391680288761765,0.6626472796033847,28128.200326431936,0.20858263563067622,0.3476390949639375,1
129438.2353401499,480841.8113936924,23055.49226821087,102,1,0,81097.66656907937,48340.568771070524,0.37346436811376993,0.17811964299129612,0.30956966343193937,25285.07650285965,0.19534472512247375,0.7358812437738997,0
161491.37767301462,1061526.2802972968,30769.06198265365,118,1,0,105362.24412302111,56129.13354999351,0.34756737083290573,0.1905306798791103,0.5477724237217274,25360.07156733985,0.1570366909537954,0.6594560009318376,0
245131.99129938666,2237689.103279164,54952.38226081183,54,1,2,178153.9886814473,66978.00261793935,0.2732324012990096,0.2241746659402645,0.7607089182912247,12025.620357127511,0.04905773535874507,0.48211745813652684,1
124549.2405738004,437990.6111617039,47335.95656391957,110,1,0,79099.84096137564,45449.399612424764,0.36491109382151693,0.3800581709357844,0.29305050298706087,-1886.5569514948147,-0.015147077114267543,0.660061580729568,1
103445.29308996868,736442.0714180967,11125.519588695495,65,1,0,67963.37643254716,35481.91665742152,0.34300175095025454,0.10754979039036008,0.5932621077771003,24356.39706872603,0.23545196055989448,0.6790014515107259,0
213323.57407737162,958297.9261740198,35157.633023157825,144,0,0,140227.4449255727,73096.12915179893,0.34265378061445406,0.16480894423045006,0.37435225272166783,37938.4961286411,0.17784483638400392,0.5217707464913196,1
88037.48674746629,213854.14595967077,7385.693059566504,240,1,0,53709.31310095847,34328.17364650782,0.38992677908874745,0.08389259317172709,0.20242716470419295,26942.480586941318,0.3060341859170204,0.8057148133200513,0
132552.35865217898,1083188.0019714744,46196.86600911768,131,1,0,83238.22915796582,49314.129494213164,0.37203509613597135,0.34851787232499964,0.680981219412442,3117.2634850954782,0.023517223810971655,0.5562984852462676,0
170211.38481414225,1237856.0512533437,25373.63077518172,76,1,0,115906.71416598617,54304.67064815608,0.3190425288382009,0.1490712904009786,0.6060386092881838,28931.03987297436,0.16997123843722223,0.6585599010531535,0
407371.9725835426,2029236.6920265723,161348.18974192743,155,1,1,299355.5004870849,108016.47209645767,0.26515440277204144,0.3960709145468731,0.4151072460788939,-53331.71764546976,-0.13091651177483168,0.5170394603575826,1
151017.1760447169,1510171.7604471692,52248.65870022805,186,1,0,94567.2422606869,56449.933784030014,0.37379810206035713,0.34597825273038463,0.8333333333333334,4201.2750838019565,0.027819849329972498,0.5116086989078461,1
64783.60033012579,551264.0014723933,12370.548596989534,116,1,0,44282.11636565187,20501.48396447392,0.31646101575093044,0.19095185407960352,0.7091095054191303,8130.935367484381,0.12550916167132684,0.6108864067424196,1
62423.76094427252,369232.4159277936,11852.872027463542,64,1,0,38069.843036774866,24353.917907497656,0.3901385872799157,0.18987756982545378,0.4929111531977622,12501.045880034115,0.20026101745446187,0.6761756261104899,1
86707.30945435193,454329.37384112884,18451.6898977737,173,1,0,56433.876421018234,30273.43303333369,0.34914510926292197,0.2128043185042872,0.43665039766179864,11821.743135559991,0.13634079075863478,0.6838831532997456,0
73203.33559025021,382915.73735366325,15021.13961318652,68,1,2,43838.6904744835,29364.64511576671,0.4011380749114078,0.2051974748427605,0.43590424564918206,14343.505502580192,0.1959406000686473,0.5871497363681412,1
199614.10958318762,892599.1999704244,76226.38767632727,228,1,0,149710.5821873907,49903.527395796904,0.25,0.38186873580978264,0.3726353153067238,-26322.860280530367,-0.13186873580978264,0.6354619110840698,1
89819.72843498198,425535.9061198843,27951.457524898797,80,1,0,57474.76747778677,32344.96095719521,0.3601097611935983,0.31119507943215485,0.3948055302311433,4393.503432296413,0.04891468176144341,0.657080309157795,1
92314.18711813203,306934.8834949147,9892.854701335595,106,1,1,61158.3547237017,31155.832394430334,0.3374977711124839,0.10716505241687249,0.2770744969587197,21262.977693094734,0.23033271869561134,0.6740116299456352,0
89845.54997403861,241530.05534734772,28344.570363640163,194,1,1,62662.20311922958,27183.34685480903,0.30255640777605364,0.3154810713700399,0.22402338922845855,-1161.2235088311281,-0.012924663593986238,0.6066005546834464,1
167189.82562803532,876466.6281707116,44209.45732375301,6,0,2,123873.06552498862,43316.760103046705,0.2590872975692793,0.26442672069118855,0.4368620243877153,-892.6972207063081,-0.005339423121909254,0.36317070440721,1
199297.03837974078,1126422.2156657183,50082.690396555074,71,1,0,135862.57515577148,63434.4632239693,0.3182910480741877,0.25129671170089074,0.4709980576494369,13351.772827414243,0.06699433637329703,0.6581818980248126,0
155055.7616805475,522346.5325086704,20284.773423867136,53,1,0,103362.2491469318,51693.51253361569,0.33338659572107276,0.13082244222345438,0.28073047552232155,31408.739109748567,0.20256415349761844,0.7634518804539219,0
121312.98984794598,310253.8053153382,26247.044119335715,115,1,0,79033.9647638861,42279.025084059875,0.3485119370732888,0.21635806810329075,0.21312213810478384,16031.980964724164,0.13215386896999812,0.7495201313272486,0
101195.54502549053,440081.05360770255,29977.67237704464,154,0,0,65645.5024911291,35550.04253436143,0.3513004700494137,0.29623509977137286,0.36240153778249234,5572.370157316793,0.05506537027804087,0.47278549875670317,0
102269.99352459033,287804.0167167553,20827.262645973533,66,1,1,66773.77765992109,35496.21586466924,0.3470833882094101,0.2036497894269028,0.23451324511879282,14668.953218695708,0.14343359878250728,0.648186110693601,0
191735.71817627823,1156389.0920869121,72570.56790681493,86,1,0,120264.37079575167,71471.34738052655,0.37275969266622055,0.37849269086156867,0.502596796207332,-1099.22052628838,-0.005732998195348126,0.5978238847931729,1
150540.02096801746,1062163.1744358959,10030.405771656262,205,1,0,83452.21464564351,67087.80632237394,0.4456476483195581,0.06662949631040135,0.5879738643617094,57057.40055071769,0.3790181520091568,0.6969560421673267,0
125151.10750201756,855909.6248699022,33181.68695649773,214,1,2,91638.93680392885,33512.17069808871,0.2677736647080687,0.2651329869850557,0.5699174661426148,330.4837415909715,0.0026406777230129084,0.5229715653631933,1
224721.70938473204,1583958.4100324437,58107.93564722209,6,0,2,153525.39189746726,71196.31748726478,0.3168199355647211,0.2585773123848,0.5873777594998055,13088.381840042683,0.05824262317992108,0.32035574719613835,1
55713.878714977756,284168.45422852796,15080.152433306801,171,1,0,37289.88774914968,18423.990965828074,0.33068943305997267,0.27067137993486623,0.425041391215827,3343.838532521273,0.06001805312510646,0.6642190306613054,1
130672.73077040724,1134632.4684530655,25936.190547031845,30,1,2,86174.46116364133,44498.26960676591,0.3405321779411623,0.19848204284183732,0.7235840649152101,18562.079059734067,0.14205013509932496,0.503531963388702,1
238249.7139722062,1531740.3709531291,44002.06119985715,128,1,0,151818.27968733778,86431.43428486842,0.3627766549803764,0.18468883116892368,0.5357615284593862,42429.37308501126,0.17808782381145272,0.6653960089946147,0
108398.9760364943,554750.3760273267,14681.93726811309,230,1,0,70358.90711563091,38040.0689208634,0.35092645993313243,0.13544350514132322,0.4264726447850707,23358.131652750308,0.21548295479180918,0.7178808045079497,0
240453.08062364,1055042.7064387274,84423.83885490015,211,1,0,135274.65543479155,105178.42518884846,0.43741766550071765,0.3511031700485524,0.36564399719284274,20754.586333948304,0.08631449545216527,0.6498655328227263,0
127214.78565890154,842304.1814982382,33361.18151891978,48,1,2,91739.42618633815,35475.35947256339,0.2788619207179483,0.2622429566353274,0.5517598820081939,2114.177953643608,0.016618964082620955,0.5295748527434109,1
251403.1380823097,2046260.9812458246,71276.59616610598,54,0,2,177791.03023808,73612.1078442297,0.2928050477243009,0.283515141098875,0.6782801111310035,2335.5116781237302,0.009289906625425975,0.28310991022114895,1
159865.4218216951,869383.9105185295,19351.041030354394,190,1,0,106268.92684263331,53596.4949790618,0.33526008544136776,0.12104581972665393,0.4531853003877387,34245.45394870741,0.21421426571471383,0.7156260819930169,0
116062.82129352922,580814.9190597924,33070.910535470946,216,1,0,71301.43347945766,44761.38781407157,0.38566517094106795,0.2849397435534744,0.41702625109011704,11690.477278600622,0.10072542738759352,0.6609162272515752,0
153712.44812464138,829631.1789779016,37050.27792152779,72,1,0,100558.06160599619,53154.38651864519,0.3458040462379709,0.24103628804015076,0.4497744484911937,16104.108597117389,0.10476775819782007,0.6686531502365816,1
171708.32217773978,867364.009889727,32895.45142817316,6,1,0,103701.46348204734,68006.85869569244,0.3960603530054691,0.19157750195778056,0.4209483456640965,35111.40726751927,0.2044828510476885,0.6970844955176587,1
166412.39978243422,1038751.5864921844,18330.973721332608,128,1,1,113444.72112778678,52967.67865464745,0.3182916580969737,0.11015389325133419,0.5201693643073058,34636.70493331483,0.20813776484563942,0.5998876334072746,0
324119.6828690606,1814461.9257468162,71967.31718514544,151,1,0,242405.73810286855,81713.94476619206,0.2521104057700909,0.2220393298799417,0.46651026910940774,9746.627581046603,0.03007107589014917,0.671231187315201,0
120468.65903511467,865878.6091589666,22462.128206081394,128,1,1,76824.3879184515,43644.27111666318,0.36228734897714415,0.1864561985332139,0.5989653353924588,21182.14291058178,0.17583115044393022,0.5457279199689768,0
164360.93429522085,1409956.1452807393,8218.046714761043,240,1,0,103647.3498544845,60713.58444073635,0.36939181868900905,0.05,0.7148678361064663,52495.537725975315,0.31939181868900907,0.6655396491680601,1
114590.08106627893,776779.5671460145,21763.546390041847,197,0,0,78339.36677249518,36250.71429378375,0.3163512404953822,0.18992522029418765,0.5648973278765761,14487.167903741909,0.12642602020119462,0.4545607135193521,0
161306.74375889645,430716.8869297555,31968.746170708757,209,1,0,108454.95544483587,52851.788314060585,0.3276477293042231,0.19818604867811426,0.22251440376517656,20883.04214335182,0.1294616806261088,0.7539712593992014,0
90259.4176050733,370404.63829835335,18291.00429664819,28,1,2,50064.39247325241,40195.02513182088,0.4453277696482899,0.2026492612292248,0.34198152403981913,21904.020835172698,0.24267850841906516,0.6163458382963644,1
432012.22281301674,2118713.247058561,143709.19581777428,194,1,0,292267.88597690046,139744.33683611627,0.32347310899256737,0.33265076363354285,0.40869083773886283,-3964.858981658006,-0.009177654640975457,0.644332443224924,1
865097.368210057,5887186.728010183,326006.0469015587,171,1,0,613016.3723834095,252080.9958266475,0.2913903163851019,0.37684318422570917,0.5671025158889683,-73925.05107491126,-0.08545286784060738,0.5791319715430259,1
153117.06767710834,1029491.9610459845,36472.088813585906,99,1,0,94232.18203046986,58884.885646638475,0.38457427731580063,0.23819740912553172,0.5602967589135601,22412.796833052576,0.14637686819026893,0.6366320086757193,0
56422.48542025412,389614.76264243224,10511.945025535888,132,0,2,37700.02311186353,18722.46230839059,0.331826259849052,0.18630772726935543,0.5754425145407415,8210.5172828547,0.14551853257969652,0.3528441547300354,1
156403.54629992132,1225132.910380461,55728.90497911907,187,1,1,103134.80960735049,53268.736692570834,0.3405852229873488,0.35631484258197477,0.6527627513163563,-2460.1682865482435,-0.01572961959462604,0.46164523757230325,1
192550.2718397557,620776.4932297132,16737.048373183476,236,1,1,118999.95000744818,73550.32183230753,0.38197983897689647,0.08692300568192597,0.26866425033594005,56813.27345912406,0.2950568332949705,0.6846315226264476,0
148771.84638377363,896752.6089461378,29754.284631582,153,1,0,87842.76461845267,60929.08176532097,0.4095471236415765,0.19999943104038306,0.5023086416906597,31174.79713373896,0.20954769260119338,0.6693076350766489,0
132533.02882510502,920538.8924923756,11645.595530473684,33,1,1,76578.36313236527,55954.665692739756,0.42219412163725156,0.08786938345641823,0.5788109956771287,44309.07016226607,0.3343247381808333,0.5912089479142941,0
176891.87961222095,663825.6451961265,32213.6778604506,169,0,0,112248.77551270144,64643.10409951951,0.3654385053809644,0.18210942147863893,0.31272664345934204,32429.426239068896,0.18332908390232538,0.5333382383707418,0
207363.11612128586,667728.0862207676,43411.29469018747,165,1,1,139884.23326820057,67478.88285308529,0.32541410505047175,0.2093491624845972,0.26834090954014217,24067.588162897824,0.11606494256587457,0.6357580621441185,0
191517.71143387194,563954.2920314961,51903.31367901592,37,1,0,124648.94193785012,66868.76949602182,0.34915188258768726,0.2710105153743826,0.2453882236309602,14965.455817005917,0.07814136721330472,0.7179793267609589,0
170993.52976303297,702782.0333460738,23993.724123715358,216,1,0,100962.60497935514,70030.92478367784,0.40955306835719696,0.1403194855206887,0.34249933039377106,46037.20065996247,0.2692335828365082,0.7411224066735931,0
214968.36828712665,1857279.3525754497,44915.79513915572,71,1,2,135684.67204947528,79283.69623765137,0.36881563957239777,0.20894141541402533,0.7199816448090706,34367.90109849564,0.1598742241583724,0.5004289403916687,1
138184.15234949943,616278.1542306758,47174.735505146666,233,1,2,85503.3158710652,52680.83647843423,0.381236455720279,0.34139034544157376,0.3716526966324178,5506.100973287554,0.039846110278705195,0.5519480528336452,1
385100.9662645764,2378222.7734560347,135551.8392325988,123,0,0,271716.8340563091,113384.13220826734,0.29442702600327647,0.3519903898123965,0.5146318718535148,-22167.707024331467,-0.05756336380912001,0.404814282518987,1
107290.10563742225,408529.11630067934,11520.095755119886,99,0,0,65402.97067442838,41887.13496299387,0.3904100449350648,0.10737332847868625,0.31730878465257284,30367.03920787399,0.2830367164563786,0.5618580332127536,0
95936.79724541283,755534.87112601,8228.667479749845,37,1,1,61129.166336713555,34807.63090869928,0.36281835445954064,0.08577175511394607,0.6562783110159672,26578.963428949435,0.2770465993455946,0.5688078046496314,0
230630.3988981061,1703026.7795131034,29934.782115320733,28,1,2,142667.61853563905,87962.78036246705,0.3814015012016241,0.12979547474375266,0.6153520913583436,58027.998247146315,0.2516060264578714,0.5634761826949959,1
181335.16498902006,1711849.1000271128,63968.370674996906,180,1,1,126289.59440947261,55045.57057954745,0.30355706562971657,0.3527631867700356,0.7866874121054449,-8922.80009544945,-0.04920612114031897,0.4228885016603523,1
243394.8456690712,1584301.4490331095,34900.90768508221,94,1,0,168736.76993725097,74658.07573182022,0.3067364698155036,0.1433921395876016,0.5424318678147583,39757.16804673802,0.16334433022790207,0.6799135838205319,0
173142.46075864354,1037165.0393178064,30901.767225836833,203,1,0,129856.84556898265,43285.61518966089,0.25000000000000006,0.17847596187808118,0.49918673654310874,12383.847963824053,0.07152403812191882,0.6788535942858349,0
96483.187818377,346736.2176830549,22448.90578699401,78,1,1,58164.766987893076,38318.42083048393,0.3971512726405323,0.23267168399589513,0.29947896063833945,15869.515043489911,0.1644795886446371,0.6170876382101401,0
121075.97246739439,1031641.6169616912,13038.859916690582,240,1,1,83068.204145758,38007.76832163638,0.31391668839886316,0.10769155639201602,0.710051160398148,24968.908404945803,0.2062251320068472,0.5439080293237493,1
535157.4550143691,2188584.185533101,150293.4171293031,215,0,1,392897.76081649004,142259.69419787906,0.26582773511780633,0.2808396215376794,0.3408006629678638,-8033.722931424039,-0.015011886419873067,0.38542395249456907,1
214833.81121910902,1833084.8021185354,34877.909217597764,29,1,0,140477.47691769106,74356.33430141796,0.3461109491074565,0.16234832412867164,0.7110476045477513,39478.425083820184,0.18376262497878482,0.621746388984206,1
69165.91207282389,337740.6006990761,26060.20577639423,158,1,0,41314.93036218211,27850.981710641783,0.4026691888529981,0.37677816998864666,0.40692082580538785,1790.7759342475547,0.025891018864351415,0.627212484262925,1
146148.3925302055,930879.3971638806,51603.07540927312,226,1,0,93838.163898426,52310.22863177951,0.35792544636416845,0.3530868490298855,0.5307843743882263,707.1532225063856,0.0048385973342829165,0.5995299480715779,0
396783.82753911155,2266156.7408562712,99850.47494132075,81,1,1,257954.92345026362,138828.90408884792,0.34988549041899486,0.2516495583013104,0.47594277277528674,38978.429147527146,0.09823593211768437,0.5565573448468898,0
111163.48032296824,585115.952761509,10527.314845026964,39,1,0,72812.3652376338,38351.115085334444,0.3449974305762219,0.09470119876097333,0.43863022809705227,27823.80024030748,0.2502962318152485,0.730530452066495,0
60828.76697782823,456831.6683520159,16940.097819146704,229,1,0,40270.16895320067,20558.598024627558,0.3379749261089093,0.27848826568063234,0.6258437839102902,3618.5002054808574,0.059486660428277,0.60085155855466,1
419376.5332391401,1115031.5558253068,44521.23048075899,117,1,1,260186.7967267486,159189.7365123915,0.3795866575624943,0.10616051913274735,0.22156532126653453,114668.50603163251,0.273426138429747,0.6910661959669407,0
156265.0923116879,708349.9906671564,12110.39082900819,30,1,1,90216.7946471636,66048.29766452432,0.422668279187931,0.07749901561413783,0.37775017449955833,53937.90683551613,0.3451692635737932,0.6556753414044775,0
210363.44989711305,946625.3672011488,60462.79390043193,191,1,0,150322.18731197805,60041.262585135,0.2854167994226215,0.2874206233545027,0.3749959762750829,-421.53131529691746,-0.002003823931881155,0.672532957775674,1
135170.3524536787,484387.2489487002,21111.855544463164,165,1,1,91017.67525074104,44152.67720293766,0.3266446850323059,0.1561870274156306,0.29862764538467246,23040.821658474495,0.17045765761667533,0.6479368954183461,0
279616.9653996067,1902655.9925904267,87050.2759070143,22,1,0,192229.84163666333,87387.12376294335,0.31252439793149356,0.31131972190102575,0.5670423674851356,336.84785592905246,0.0012046760304678075,0.6053594009940491,0
156995.16565653367,903245.2671010742,28492.063051501817,54,1,0,93829.65055128378,63165.5151052499,0.4023405105571232,0.18148369685366844,0.4794443103411381,34673.452053748086,0.2208568137034548,0.6835732281561913,0
288984.46526976704,949504.8581773379,40581.13383082144,10,1,0,183172.3480104767,105812.11725929033,0.366151575519863,0.14042669661477805,0.2738050461440822,65230.9834284689,0.22572487890508497,0.7616878075108642,0
307478.6943461343,1396961.2959167028,98043.52771544417,218,1,0,193130.28483900888,114348.40950712544,0.3718905134233508,0.3188628334848944,0.3786065293855554,16304.881791681284,0.05302767993845643,0.6588729077903757,0
183935.59768551026,1061677.2503104752,32238.015731218245,11,1,2,115596.27923518249,68339.31845032777,0.37153938286145727,0.17526795322316138,0.4810004442087894,36101.30271910953,0.1962714296382959,0.5855926854480987,1
240438.39438430258,944032.8755745197,44226.42454124938,181,0,2,152589.4019929022,87848.99239140039,0.3653700675233579,0.18394077474398896,0.3271915307009416,43622.56785015101,0.18142929277936895,0.428266230892122,1
112815.85267252986,802934.3868760028,20301.47081946707,144,1,0,72066.02623931754,40749.82643321232,0.3612065633319875,0.17995228807423078,0.5931010343072657,20448.355613745254,0.1812542752577567,0.6500887744781281,0
274531.1630562484,2670188.477307806,42094.06555856473,142,1,1,155492.0542638913,119039.10879235709,0.4336087293957491,0.15333073699156013,0.8105298646796106,76945.04323379236,0.280277992404189,0.4955087457994928,1
105591.0173802338,444907.391675746,33599.80488298771,196,1,0,72028.11707090779,33562.90030932601,0.3178575331693778,0.3182070380285724,0.35112471584083094,-36.90457366169721,-0.0003495048591946383,0.6673797700363218,1
65099.259401084346,221455.4381831172,14897.83184025262,234,1,1,40982.98569847348,24116.273702610866,0.3704538872558843,0.22884794661741528,0.28348432867556866,9218.441862358246,0.141605940638469,0.6234155227503634,1
152281.68060222166,667909.7123485835,19447.917994171774,53,1,1,91237.8227771023,61043.85782511937,0.4008614666170738,0.12771016130937055,0.36550123741478635,41595.93983094761,0.2731513053077033,0.639265564251816,0
324930.8805302155,1553831.803390746,91804.38353387931,6,1,0,239089.24095746593,85841.63957274958,0.26418430723689595,0.28253511449596547,0.3985031629022239,-5962.743961129716,-0.018350807259069478,0.6674350053309466,1
206926.83926150977,777500.3599893827,42338.062595835916,35,1,0,127362.63027369957,79564.2089878102,0.3845040559830841,0.20460401727941133,0.31311403052892284,37226.14639197428,0.17990003870367277,0.7242241839295587,1
140777.62270942322,410283.1947931268,29590.57900708535,184,1,0,85904.64571812724,54872.976991295975,0.38978479629932655,0.21019376828207123,0.2428671941941521,25282.39798421062,0.1795910280172553,0.743062334428926,0
106744.63329369324,346771.54796915676,23045.43576081551,157,1,0,64559.42186283898,42185.211430854266,0.39519749264384496,0.21589315593421124,0.2707173944559991,19139.775670038754,0.17930433670963375,0.7324275192895158,0
162631.70221548597,1290729.246220154,28427.537572749203,43,1,2,115930.41832340694,46701.28389207904,0.28715978038648415,0.17479702410716266,0.661376404803467,18273.746319329846,0.11236275627932153,0.5316682689160949,1
118502.33118762994,643014.3496091939,15952.563005116097,79,1,0,72094.42832473658,46407.90286289336,0.39162016812490963,0.13461813658212093,0.4521812237537906,30455.33985777726,0.25700203154278867,0.7104983782410144,0
162427.91661814725,1394288.6874473132,63191.48723420619,120,1,0,112377.51752526328,50050.39909288398,0.30813914341182963,0.38904326639098274,0.7153371561558364,-13141.088141322223,-0.08090412297915317,0.5297815465968561,1
107096.04218268237,505084.82250381133,26656.632596147152,195,1,0,62665.74902406356,44430.29315861881,0.4148640066719783,0.24890399358247786,0.3930154748718035,17773.660562471654,0.1659600130895004,0.6825337601054677,0
259845.6514721605,1376489.2115523596,55563.98344505472,104,1,2,154990.03108470904,104855.62038745146,0.4035304027348156,0.2138345711396589,0.44144450232725774,49291.636942396755,0.18969583159515677,0.5820328208459592,1
68357.86868790214,345282.49477073055,6954.476421608167,229,1,0,40213.63551033953,28144.233177562608,0.4117189976483794,0.101736296860861,0.42092507831489057,21189.75675595444,0.3099827007875184,0.7330279577611885,1
145789.558334753,708856.3319681011,24911.965484015902,240,1,1,84433.83383882167,61355.72449593134,0.4208512955025908,0.17087619832700626,0.4051823852961111,36443.759011915434,0.24997509717558455,0.6100948050803642,0
63699.8850816557,343906.0533838715,7581.399031019742,204,1,0,35229.62432208439,28470.260759571313,0.4469436753783121,0.11901746794835324,0.4499040735356439,20888.861728551572,0.32792620742995887,0.7174217907599656,1
154181.1256453478,1208770.6902814119,33067.55666394662,112,1,0,98228.16782288259,55952.95782246522,0.3629040687585194,0.21447214453479627,0.6533282879805187,22885.401158518594,0.1484319242237231,0.6182126557919259,0
131030.612412626,689823.4529763026,18827.98366120002,212,1,0,74046.61791696439,56983.99449566161,0.43489069803180347,0.1436914879242812,0.4387164700642579,38156.01083446159,0.2911992101075222,0.7109084638110101,0
60311.76406998585,381819.68965784984,23236.713119526965,165,1,0,40898.174134491404,19413.58993549445,0.3218872840954692,0.385276628495944,0.5275638668861597,-3823.12318403252,-0.06338934440047488,0.5876201885357745,1
197702.5278198612,1139383.9635342814,24175.336159917413,128,1,0,140931.87141253488,56770.656407326314,0.287151899539967,0.12228137104015703,0.4802602408522074,32595.320247408905,0.16487052849981002,0.707009379328275,0
104358.3090807561,743347.6697145841,12617.902647452798,128,1,1,66567.8356018115,37790.473478944594,0.3621223246315826,0.1209094202330226,0.5935860755940988,25172.5708314918,0.24121290439856005,0.5735604092285613,0
56976.650852064195,474253.91595299396,8456.82984058121,201,0,1,34428.988029255685,22547.66282280851,0.39573513861584997,0.14842623625840634,0.6936378160478994,14090.8329822273,0.24730890235744363,0.3325381606822677,1
369731.4522178821,2541689.2534246226,78339.36425102723,124,1,0,246036.94521909443,123694.50699878766,0.3345522980444052,0.21188179631756615,0.5728683251447254,45355.14274776043,0.12267050172683909,0.643386783929556,0
333535.000879539,2651342.660675169,110351.02570409376,48,1,0,208318.07869550717,125216.92218403184,0.37542363426276737,0.33085291022859886,0.6624348903122413,14865.896479938092,0.044570724034168535,0.5689283688148881,0
553422.549234315,3956802.9762846087,181923.5033453904,228,1,0,344544.78003694344,208877.7691973716,0.3774290900982683,0.32872441427818533,0.5958079984511869,26954.26585198118,0.0487046758200829,0.5897678347533698,0
194751.2184752481,742419.2742819843,63792.68680798527,22,1,0,130868.84484945548,63882.373625792636,0.3280204053455602,0.32755988541398007,0.31767848920901703,89.6868178073637,0.00046051993158010684,0.6736724990717029,0
226060.0714741001,1450437.8288481422,48716.430763785276,157,1,1,143557.20774323423,82502.86373086588,0.3649599117300036,0.2155021470448697,0.5346800887149443,33786.43296708062,0.14945776468513397,0.553395114567569,0
199725.56254426166,1325957.0130978483,34072.76713706877,178,0,1,120473.43481524388,79252.12772901778,0.3968051295960402,0.17059792799190548,0.553241239381497,45179.36059194902,0.22620720160413477,0.3657884569887888,1
377449.3976288855,1505304.777852076,114170.23177545384,143,1,1,271484.4742184159,105964.92341046961,0.28073941586908047,0.3024782460712996,0.3323414094949571,-8205.30836498423,-0.02173883020221912,0.5793062787229931,1
185489.97326570147,1199048.801541637,12426.800390584422,36,1,0,104918.81219388034,80571.16107182113,0.4343693605282295,0.06699445890147332,0.5386853623547273,68144.3606812367,0.3673749016267562,0.7115966077329925,0
101643.93979023508,604293.0251405586,14515.121201390057,121,1,0,70618.36740989209,31025.572380342986,0.3052377981842417,0.1428036067014447,0.49543290233506293,16510.451178952935,0.16243419148279703,0.6942486866189033,0
179992.8535541901,1484294.7980822446,37409.19873723848,215,1,0,120240.38439696001,59752.469157230094,0.3319713420690924,0.2078371335225027,0.6872008012044817,22343.27041999162,0.12413420854658973,0.6107049062296545,0
288514.3228025404,1246394.7042314962,86924.33878963953,50,1,2,208735.2230728125,79779.09972972787,0.27651694707832164,0.3012825773960992,0.3600037056867741,-7145.2390599116625,-0.024765630317777582,0.5714858573355281,1
71541.82189362602,357233.03017764137,11482.531385789198,156,1,0,49335.83820106473,22205.98369256129,0.3103916437238471,0.1605009640775199,0.4161121200650105,10723.452306772095,0.14989067964632719,0.7109659783494888,1
144113.58475539743,892449.1307406458,7205.679237769872,225,1,2,99982.31644709161,44131.26830830582,0.30622559547879813,0.05,0.5160565606724902,36925.58907053596,0.2562255954787982,0.6251830317982531,1
507116.4359892125,3896366.186059534,178246.13987902508,229,1,0,316688.2560467661,190428.17994244635,0.37551174923168373,0.35148957365447486,0.6402813222534457,12182.0400634213,0.02402217557720894,0.5673197738621764,0
224126.98844424315,1748505.0352781555,23845.987175916365,127,1,0,153956.55038288856,70170.4380613546,0.31308339325146084,0.10639498322554142,0.6501169446449541,46324.450885438215,0.20668841002591934,0.6624069233162972,0
211059.8393248924,1603277.2449165357,17818.226897251647,97,1,1,130989.7120938831,80070.1272310093,0.3793716866606457,0.08442263082472727,0.6330263374772711,62251.90033375766,0.2949490558359184,0.5763230464269279,0
129250.49180729712,920396.1738140717,23275.376690630004,188,1,0,68927.80032505194,60322.69148224518,0.4667115044496839,0.1800795986550818,0.5934188727538937,37047.31479161518,0.2866319057946021,0.6499424987117992,0
117263.29110848927,975665.7821272903,13763.6073959606,138,1,0,68613.75436692372,48649.53674156555,0.41487439318546954,0.11737353834992428,0.6933583483403933,34885.92934560495,0.2975008548355452,0.6450430801579123,0
196936.31769731405,859086.8843788506,29375.73662899846,153,0,0,130589.18436515373,66347.13333216032,0.33689638410998485,0.14916363305902874,0.3635214394953316,36971.39670316187,0.18773275105095613,0.531278114927789,0
108237.87994153809,931555.6842497541,14007.500115384048,180,1,2,76229.16707983767,32008.71286170042,0.2957256080679805,0.1294140288312173,0.7172132380648607,18001.212746316378,0.16631157923676324,0.5330704170480549,1
120868.61206515317,916822.3983631973,37410.37005828889,160,0,0,90651.45904886487,30217.1530162883,0.25000000000000006,0.3095126966306452,0.6321067581141967,-7193.217042000586,-0.05951269663064506,0.3865628939134829,1
195085.99332038668,1154292.473221403,64350.767416625196,81,1,2,127297.73402320682,67788.25929717986,0.34747886377394743,0.32985847072548635,0.49306994212108235,3437.491880554662,0.01762039304846106,0.5201356290734808,1
514449.2822261172,2632694.014659473,80113.24491515217,171,1,0,353563.0669482081,160886.21527790913,0.31273484255187356,0.15572622546675027,0.42645830302054905,80772.97036275693,0.15700861708512323,0.7097720189071353,1
82733.4770406187,652392.9389084503,11029.543953212786,151,1,0,47709.423749271926,35024.053291346776,0.4233359281412942,0.1333141594882775,0.6571230919701269,23994.509338133998,0.2900217686530168,0.649537408613651,0
264077.8968091977,1167162.0197825946,106372.04378607223,224,0,0,151228.94010267837,112848.9567065193,0.42733207917077304,0.4028055549947388,0.3683136787431501,6476.912920447066,0.024526524176034258,0.4283836743791595,0
116652.55837487351,789249.0798710933,27397.017460479434,178,1,0,74496.93212776707,42155.62624710644,0.3613776400139938,0.23485997943085526,0.5638175242120639,14758.60878662701,0.12651766058313862,0.6369107509640388,0
192895.58039361445,791019.7300997481,39294.65366970898,215,1,2,124947.59098202093,67947.98941159352,0.35225270207301673,0.20370945560041342,0.34173053994879304,28653.335741884526,0.14854324647260325,0.6159970557751967,1
292241.43051262473,1479005.3375645315,69565.51825680558,224,0,2,197818.51900883662,94422.91150378811,0.3230989916048507,0.2380412597035942,0.42174186110726664,24857.393246982538,0.08505773190125658,0.37826093778638237,1
406971.03313648375,2604186.4009841806,125078.21631696934,227,1,2,283016.1566268012,123954.87650968257,0.30457911354126393,0.30733935865902895,0.5332456507846076,-1123.3398072868004,-0.002760245117765106,0.5170905613010063,1
231257.08324522077,2059539.3204955377,42623.61970732313,169,0,2,164880.7342193407,66376.34902588007,0.2870240690335777,0.1843127099468163,0.7421535993601114,23752.72931855693,0.10271135908676134,0.3036288362132401,1
206047.40820561384,1465342.403883883,44929.603374607366,164,1,0,113739.31909143295,92308.0891141809,0.44799441991557126,0.21805468831606123,0.5926396650836232,47378.48573957353,0.22993973159951003,0.6349862251484886,0
135615.21851244778,297380.29495849187,38580.54597296023,51,1,0,86833.94334549093,48781.27516695685,0.3597035473012149,0.28448537263108875,0.18273532659807157,10200.729193996624,0.07521817467012616,0.731385252968143,0
152846.59090515962,1133402.401619415,48117.01833140874,114,1,1,102072.8359626303,50773.754942529325,0.33218768336177107,0.314805963590415,0.6179411629373992,2656.736611120592,0.01738171977135611,0.48869526568261434,1
87847.7266120288,603914.7583135301,8969.748233119084,135,1,0,50120.81940041331,37726.907211615486,0.4294579799228364,0.10210563868924158,0.5728802759088109,28757.1589784964,0.32735234123359486,0.6872936617516601,0
478939.4720961035,2500972.1773628695,166989.28473739154,189,1,1,269444.3104441214,209495.16165198205,0.43741469195494703,0.34866469453134497,0.4351580110978037,42505.87691459054,0.08874999742360211,0.529986718858121,0
205851.94208131373,1175698.0471653424,73612.41616512966,144,1,0,139392.68076498652,66459.2613163272,0.32284981450442224,0.35759884225941363,0.47594808323487864,-7153.154848802456,-0.03474902775499142,0.614176038125771,1
232465.87351894524,1065076.5367835623,65162.26140636389,109,1,0,161979.73168437285,70486.1418345724,0.30321070687748924,0.28030893489858144,0.3818039040386867,5323.880428208504,0.022901771978907796,0.6733352548289615,0
81058.37045638174,725844.450388308,20742.481444193712,28,0,0,54293.8998506865,26764.470605695242,0.3301876222653335,0.25589561358571145,0.7462158095678427,6021.989161501529,0.07429200867962202,0.37377701169536265,1
107866.43075843484,471874.9869572246,25399.16712461489,174,0,0,69136.70701723105,38729.723741203794,0.3590526122806306,0.23546868980485616,0.36455193059861,13330.556616588903,0.12358392247577445,0.4964469448984746,1
473301.5006545885,3639889.112468307,101682.63291862233,95,1,0,330665.6179548941,142635.88269969443,0.3013636815062391,0.2148369121542876,0.640868647756635,40953.24978107208,0.08652676935195146,0.6218046408112945,0
134459.5413480629,1002839.072953389,22309.235251318994,32,1,0,81087.77848402604,53371.76286403685,0.3969354820709847,0.16591782946491804,0.6215246750677669,31062.52761271785,0.2310176526060667,0.6471754656937028,0
58265.39921902678,406374.55257749156,4291.4989496532835,90,1,0,36156.37234992757,22109.02686909921,0.37945379531321266,0.0736543301371885,0.5812119457179606,17817.52791944592,0.3057994651760241,0.6961746842297365,1
273524.08646821143,2070045.0502364433,63299.702095100714,212,0,0,157280.387514472,116243.69895373943,0.4249852378805005,0.23142277125366548,0.6306711646998532,52943.99685863871,0.19356246662683502,0.4182295420885779,1
156820.11471644373,1568201.1471644372,39143.5404518242,21,0,0,100863.53040563095,55956.584310812774,0.35682019753646643,0.24960790599217508,0.8333333333333333,16813.043858988574,0.10721229154429132,0.35015683760313004,1
206137.86152346578,1316978.7119981346,24927.111492380987,119,1,0,137797.4056822872,68340.45584117857,0.33152791697802203,0.12092446922732533,0.5324020788260254,43413.344348797575,0.2106034477506967,0.6919095886612623,0
155761.63870538637,901887.0379956027,33690.19213331704,126,1,0,99883.36468130861,55878.274024077764,0.358742206929192,0.2162932568848995,0.48251452534122075,22188.08189076073,0.14244895004429256,0.6687283396436741,0
180295.66091975247,921442.1686327029,38403.87110994771,25,0,1,123379.95702269231,56915.70389706016,0.31567983170927605,0.2130049659211756,0.42589403979187007,18511.83278711245,0.10267486578810044,0.38702980169396883,1
188716.7966530057,897832.649988936,32783.17238111235,62,1,0,117049.81416010481,71666.98249290089,0.3797594266326767,0.17371624022100637,0.3964638486135853,38883.81011178854,0.20604318641167033,0.711574349327522,0
85729.53443613414,646153.1117240199,11468.144722312249,240,1,0,49912.907171526684,35816.62726460746,0.4177863264997635,0.13377122362487182,0.6280926753869404,24348.482542295205,0.2840151028748917,0.6580637079339692,0
118709.5436909594,541815.9457644008,20675.962355408312,132,0,0,78694.85316157666,40014.690529382744,0.3370806532080887,0.174172705180594,0.38035129619606706,19338.728173974436,0.16290794802749478,0.5162255290689423,0
147524.68398343294,718108.5222034742,32931.159739533425,55,1,0,97596.25590323453,49928.42808019841,0.338441179686278,0.22322474348246427,0.40564314550241526,16997.26834066499,0.11521643620381376,0.6890171589562897,0
165103.1425346963,1125161.9841916251,13205.19863681211,63,1,0,106476.82533146856,58626.317203227736,0.3550890449641651,0.07998150994634792,0.567908625136745,45421.11856641564,0.27510753501781726,0.6976348084804374,0
96264.61679061028,637948.203072976,31525.40577911633,94,0,0,72198.46259295772,24066.154197652562,0.24999999999999992,0.32748695034738184,0.5522522400075333,-7459.251581463766,-0.07748695034738191,0.4033295478587873,1
63968.55107019099,341625.5877233169,9036.23976160133,194,1,0,44471.310007451015,19497.241062739973,0.3047941642659089,0.14126066028424036,0.44504367381566956,10461.001301138647,0.16353350398166858,0.7099826337416031,1
366116.53918227705,2229635.54224933,144198.28781032364,165,1,0,266419.1785304445,99697.36065183254,0.27231045304456075,0.3938589830778778,0.5074967721182511,-44500.927158491104,-0.12154853003331706,0.5902073751333736,1
95881.49120219181,468426.9455498128,16839.55010920991,69,0,0,65474.51514016118,30406.976062030633,0.31713082140023646,0.17562878818498148,0.40712319245745515,13567.425952820719,0.14150203321525492,0.5076115269887709,0
133771.31192229598,1312458.9831590035,42531.88324868772,176,0,0,95525.61889155704,38245.69303073894,0.2859035504784075,0.3179447269934327,0.8176011759042018,-4286.190217948781,-0.0320411765150252,0.3275417564313664,1
59540.50089384631,501716.59963842644,8990.418506959264,234,1,0,40385.369859105704,19155.131034740603,0.321715987389692,0.1509966891778106,0.7022063302940184,10164.71252778134,0.17071929821188142,0.6289394252406704,1
93152.00130421158,314412.9617521997,7372.218366030646,77,1,0,56912.07357433575,36239.927729875824,0.3890407851949967,0.07914181405458795,0.2812723267259749,28867.709363845177,0.3098989711404087,0.7839615763603724,0
218667.64997582888,1638534.6093854327,70094.83356161712,6,0,0,143506.5850575111,75161.06491831777,0.34372283658157,0.32055419980671707,0.6244387352094046,5066.2313567006495,0.023168636774852893,0.3844466995144918,1
171706.78898242512,1108675.494689276,54246.11384433327,240,1,1,109396.49512314591,62310.293859279205,0.3628877706498659,0.3159229414620617,0.5380662296753806,8064.18001494593,0.04696482918780417,0.5122109545125612,1
89943.10087041538,236300.27719355462,25799.68796010722,146,0,0,57794.42669917894,32148.67417123644,0.35743346471403425,0.2868445462790733,0.21893496639058685,6348.986211129217,0.07058891843496096,0.5195816915711946,0
226342.1170060395,713933.1419298559,63734.90713940156,206,1,0,153187.264765943,73154.85224009652,0.3232047716428512,0.2815865998889677,0.26285178066337145,9419.945100694953,0.04161817175388352,0.7085098258454015,0
115580.43666649506,950583.1742939261,38553.447302201515,81,1,0,75802.70592568319,39777.73074081188,0.3441562593814184,0.33356377959919536,0.6853691403941294,1224.283438610364,0.01059247978222308,0.5609637460420831,0
143843.77344905614,545188.2725845999,29399.26589549985,64,1,0,94963.0504100246,48880.72303903154,0.33981813648919035,0.20438330551660566,0.31584513503330075,19481.45714353169,0.13543483097258474,0.7234931372833675,0
569868.9392183567,3118922.8684599823,91295.26790234975,46,0,0,360788.3367760774,209080.60244227934,0.3668924344763523,0.16020397256178254,0.45608774430631327,117785.33453992958,0.20668846191456974,0.499092087683393,0
130660.13712820542,727481.3149207095,39339.62071019478,74,0,1,83006.8809539297,47653.25617427571,0.36471151203153657,0.30108357127770524,0.46397810566029496,8313.63546408093,0.06362794075383131,0.3403731397908294,1
97756.07291989936,227032.37764814147,7481.122946035784,134,1,1,57571.90281116106,40184.170108738304,0.41106571600584785,0.07652847258058088,0.1935364651924406,32703.047162702518,0.3345372434252669,0.7113276714100355,0
113669.38816953162,545175.5165594198,28140.55700418847,48,1,0,68458.12063573631,45211.26753379531,0.3977435636968961,0.2475649553265685,0.3996792256756062,17070.710529606833,0.15017860837032754,0.6810702501666908,1
320147.39841535006,1921057.9443883933,43425.30336566242,203,1,0,205698.61272553736,114448.7856898127,0.3574877892380376,0.13564159378026142,0.5000451755184102,71023.4823241503,0.2218461954577762,0.6957298098323723,0
545275.1170312247,4091934.7015636386,113404.30920083074,114,1,1,348823.4862108869,196451.63082033774,0.3602798379833058,0.20797631444887069,0.6253624047988784,83047.32161950698,0.1523035235344351,0.5292007527807883,1
108185.58493010973,438538.8753444006,15517.454718328787,221,1,0,68228.35791512781,39957.22701498192,0.3693396587058726,0.1434336628891308,0.337798296347049,24439.772296653144,0.2259059958167419,0.741287045940233,0
159338.0133654218,834265.5984187186,19217.34591788729,124,0,0,103088.38605565284,56249.627309768955,0.35302076461043524,0.12060741509193235,0.43631856412141634,37032.28139188167,0.23241334951850295,0.5208614647268022,0
124774.0267807393,827743.2615226454,33200.675528828106,95,1,1,75296.36323306154,49477.66354767776,0.3965381644260227,0.26608643149082944,0.5528282360246386,16276.98801884966,0.13045173293519333,0.5277169565962767,1
119196.79330879939,1062196.8788683782,43442.1946226804,115,0,0,87827.2042219595,31369.589086839886,0.26317477354924873,0.36445774602456016,0.7426072809110575,-12072.605535840514,-0.10128297247531143,0.3314347173168587,1
158285.78969952828,975149.9438642734,43018.93010914363,42,1,0,108429.60187986925,49856.187819659026,0.31497576576078207,0.27178011488463916,0.5133909713328167,6837.2577105153905,0.04319565087614284,0.6372706626462994,0
120815.84063515533,277686.7051685893,8642.346236043912,217,1,0,77029.66269528591,43786.17793986942,0.36242083579169665,0.07153322106281101,0.19153580062344577,35143.831703825505,0.2908876147288856,0.813925971387842,0
185958.64736747916,571860.4683417097,25533.60466976385,193,0,0,116899.99804328932,69058.64932418984,0.3713656251097628,0.13730797159061944,0.25626686203144444,43525.04465442599,0.23405765351914332,0.5681967527543189,0
190769.56463067632,1425139.0062246271,29499.692792218273,58,1,0,108240.31581872933,82529.24881194699,0.4326122406984622,0.1546352157867987,0.6225394710208142,53029.55601972873,0.2779770249116636,0.6513840723790363,0
106393.57073314,544472.8385724381,7949.132419054348,160,1,0,68391.13953850266,38002.43119463735,0.3571872899158197,0.07471440580740198,0.42646126297902553,30053.298775582996,0.2824728841084177,0.7421758587833316,0
111156.87883514135,432229.7846234823,19318.303542791495,150,1,0,74512.91961933173,36643.95921580962,0.32965984291585676,0.17379314483490307,0.3240388637759804,17325.65567301812,0.1558666980809536,0.7332710829332447,0
155193.97650223473,1121021.5958643088,23784.5965503642,71,1,0,90959.4675652651,64234.50893696962,0.41389820909734,0.15325721452869476,0.6019464700080066,40449.91238660543,0.2606409945686453,0.6581131731861201,0
121467.95662967642,795793.2153409275,21005.89212554637,34,0,0,73001.47340317341,48466.48322650301,0.3990063270288185,0.17293360906356367,0.5459555187924238,27460.591100956648,0.22607271796525485,0.4670399007368474,0
150796.00733697313,788716.8605081983,21336.84791975248,202,1,1,91977.02001300936,58818.98732396377,0.39005666239242764,0.14149478024356799,0.43586303247058605,37482.139404211295,0.2485618821488597,0.6126431781613969,0
116610.6089722811,294845.81439476943,5830.530448614056,86,0,0,67066.97720816912,49543.63176411198,0.42486384558619994,0.05,0.21070539592789517,43713.10131549793,0.3748638455862,0.6167883812216315,0
120447.93716194066,830355.581724028,42334.061998686564,115,1,1,84182.6338028761,36265.303359064565,0.3010869610021328,0.35147187238058697,0.5744913537536872,-6068.7586396219995,-0.05038491137845419,0.4870638449216591,1
100869.37516385969,406259.68147571286,30822.7273600264,64,1,0,64672.62490912905,36196.750254730636,0.35884776916611166,0.305570717672789,0.33563183474977293,5374.022894704234,0.05327705149332266,0.6770821625059527,0
335551.0376662112,2474183.2484419085,65716.15872264281,159,0,0,227787.6106563685,107763.42700984271,0.32115360977378404,0.19584549396629744,0.6144577552320316,42047.2682871999,0.12530811580748663,0.4373244758438715,1
113613.75241412854,613987.3889510464,9900.908109544847,35,1,0,59763.39533626198,53850.35707786656,0.4739774537291839,0.08714533143360567,0.45034702805536225,43949.44896832171,0.3868321222955782,0.7300377590099489,0
607446.5933899004,5205346.66634607,209776.5421108651,78,0,0,443784.0327770191,163662.56061288132,0.26942707785971826,0.34534154013473295,0.7141021014562573,-46113.9814979838,-0.07591446227501472,0.3476327535092296,1
99192.55310294416,700382.3058328752,4959.627655147208,152,1,0,63654.727019089536,35537.82608385463,0.3582711097976549,0.05,0.5884029629942779,30578.198428707416,0.30827110979765493,0.7034791111017167,0
134680.14857299146,634103.2039376067,19706.818745216166,127,1,1,84693.67596003268,49986.47261295878,0.37114952086548997,0.14632311408934798,0.3923513169636053,30279.653867742614,0.22482640677614196,0.6237653592751792,0
968457.1994849558,8498593.850075372,192050.38950432144,137,0,2,687671.0252756634,280786.1742092924,0.2899314232561025,0.1983055003426662,0.7312828636614923,88735.78470497101,0.09162592291343635,0.3012929407644859,1
95923.53356287545,365559.5683331346,11181.892838950298,48,1,1,57716.9176851234,38206.615877752054,0.3983028403838833,0.116570902088598,0.3175789738930606,27024.723038801756,0.2817319382952853,0.6580979469966427,0
63012.77420952356,345714.2931214871,13114.394796365916,109,1,0,42844.926986773535,20167.847222750024,0.32005966212009623,0.20812279670086078,0.45720133398659996,7053.452426384109,0.11193686541923543,0.6795904811236757,1
309680.08683183376,2047533.691378631,101496.173085784,183,1,0,200884.17633015508,108795.91050167868,0.351317101511788,0.32774523581459625,0.5509808827570573,7299.737415894662,0.023571865697191743,0.6036076408470443,0
107645.14988586711,602432.0538485312,22315.423596499895,84,0,0,71481.2720181048,36163.877867762305,0.33595454979723444,0.2073054254665469,0.46637188212634423,13848.45427126241,0.1286491243306875,0.47716626517547794,0
119626.72893878742,909442.3658656353,13160.948538433167,60,0,0,70696.27141786128,48930.45752092614,0.40902612614245837,0.11001678851527888,0.6335278452770882,35769.508982492975,0.2990093376271795,0.465934931010762,0
96505.0946301558,308424.88710594614,6255.586028870964,223,0,1,58351.71316126946,38153.38146888634,0.395350956497215,0.06482130350573456,0.266328674397923,31897.795440015376,0.3305296529914804,0.4941728762783293,0
133506.02097783895,1017953.03409043,36353.64620726635,206,1,1,77352.25693727785,56153.7640405611,0.4206084761516653,0.2722996756326128,0.6353977063073201,19800.11783329476,0.14830880051905254,0.5004608178547589,1
84018.83183991938,365803.70135768654,4200.941591995969,183,1,0,51207.68900624921,32811.14283367017,0.3905212928475971,0.05,0.3628191574704053,28610.2012416742,0.3405212928475971,0.7711542527588784,0
196503.81905801847,1469078.7712626993,81665.17267321577,181,0,2,120961.6967343115,75542.12232370698,0.38443080997526513,0.415590765943861,0.6230068785707028,-6123.0503495087905,-0.031159955968595894,0.24686163005124476,1
143047.1856066577,888777.7453383949,15127.547814559493,207,1,1,104324.28027410962,38722.90533254808,0.2707002250224337,0.1057521526928624,0.5177649025209887,23595.35751798858,0.16494807232957126,0.6023696681665583,1
98306.51266225617,554872.4401333996,24944.85735048777,181,1,0,69389.71793576481,28916.794726491353,0.29414932890396056,0.25374572523174355,0.4703591731503846,3971.9373760035814,0.040403603672217014,0.6573939579621872,0
114686.54442154114,257379.93600297082,21651.738502801094,125,1,2,72056.34380555937,42630.20061598177,0.3717105684106278,0.18879057357607795,0.18701695223645617,20978.462113180678,0.18291999483454985,0.6683786848986321,1
136804.5553831687,994338.9356779215,33179.923963113935,10,1,0,85863.08762101944,50941.467762149274,0.3723667506500057,0.2425352275016137,0.6056931199482172,17761.54379903534,0.12983152314839197,0.6212779730148894,0
70055.99536172926,268773.983571281,14204.030917722797,164,1,0,44691.17858614224,25364.816775587024,0.3620648974383642,0.2027525387995884,0.3197132786226756,11160.785857864226,0.1593123586387758,0.722985000893362,0
102685.56453927177,358084.16905549925,17949.048137200814,88,1,0,62963.048800612196,39722.515738659575,0.3868364157794334,0.1747962161744386,0.29059924396558445,21773.467601458768,0.21204019960499484,0.7429017403405493,0
236488.2622820588,1323970.3592336208,68830.32287985047,175,1,0,174146.11038893746,62342.151893121336,0.2636162627757231,0.2910517512186578,0.4665384328372168,-6488.17098672915,-0.027435488442934766,0.6436177696613719,1
133282.40863195,1209915.9102947323,16165.512895626884,116,1,0,87478.61247582604,45803.796156123964,0.3436597269382183,0.12128767075531183,0.7564863727539557,29638.283260497075,0.2223720561829064,0.6245390198716885,1
185673.78603200818,1349278.4222169712,80509.62233594789,206,0,2,131614.3011205463,54059.484911461885,0.2911530273968917,0.4336079101767704,0.6055775073100385,-26450.137424486005,-0.1424548827798787,0.24488358373628025,1
217001.80794635633,1702331.5573385556,67312.08399922885,133,0,0,146233.60376374106,70768.20418261527,0.3261180395331519,0.31019135110555696,0.6537317105976134,3456.1201833864034,0.015926688427594895,0.37980394637849324,1
117257.5725397551,771209.0229086386,44264.335651355184,135,0,0,79776.812466327,37480.7600734281,0.31964468700493176,0.37749660591300205,0.5480875749319355,-6783.575577927084,-0.05785191890807031,0.38457508515521854,1
156780.7756375274,582070.2412091055,9374.839196825036,240,1,0,102040.44125516528,54740.334382362125,0.34915208296277467,0.05979584651691858,0.3093864871942989,45365.495185537075,0.28935623644585595,0.7832657152349429,0
333697.1294119634,1890767.990852371,45259.764692621444,117,1,0,215367.7813860405,118329.3480259229,0.35460103667790394,0.1356312677078691,0.4721766696505743,73069.58333330147,0.21896976897003492,0.7040944920216801,0
101066.64714902616,434751.8752499783,5460.938569658355,112,1,1,60185.84235811803,40880.80479090813,0.40449352921174886,0.05403304377561886,0.35846962335731625,35419.86622124978,0.35046048543613006,0.6708458954825577,0
207440.3517202754,1708036.4531223197,56870.266061677445,93,1,0,130812.36758880975,76627.98413146564,0.36939767743353646,0.2741523796602727,0.6861556583044232,19757.718069788185,0.09524529777326371,0.584492350644564,0
189366.08223533936,1643487.3003352808,85744.0396281759,199,1,2,118797.45111990388,70568.63111543548,0.37265718486869565,0.45279512896937574,0.7232407905959265,-15175.408512740425,-0.08013794410068015,0.40190971123347186,1
195388.20873339783,1456578.3330119457,54609.58615267801,183,1,0,140614.75478766955,54773.45394572828,0.2803314196941395,0.2794927416893994,0.6212326144850298,163.86779305027449,0.0008386780047401318,0.6018331189787314,0
218599.42445595728,1824898.6973883433,49149.66053169795,62,1,0,136016.65704609186,82582.76740986542,0.37778126642096416,0.2248389292607697,0.6956783707345403,33433.106878167484,0.15294233716019448,0.60136091707533,0
146281.86567924055,891839.7446542842,13395.806208777456,139,1,0,84971.88831964428,61309.977359596276,0.4191221999727135,0.09157530324470362,0.5080600960077678,47914.17115081883,0.32754689672800996,0.7109518498997882,0
73165.77133960123,308669.30520508153,23730.395045700094,81,1,0,44863.246100974335,28302.52523862689,0.38682740194536913,0.3243373863381378,0.35156387514910403,4572.130192926801,0.06249001560723135,0.6647958829200137,1
143274.59890648365,712769.6302601147,18472.925574354904,175,1,2,93222.59248233381,50052.00642414983,0.34934319695300026,0.1289337099202931,0.4145708286163972,31579.080849794933,0.2204094870327072,0.6240552674469636,1
192622.62106415824,664425.4283986182,32706.323722424913,36,1,0,115986.51741475437,76636.10364940387,0.39785619791705623,0.16979482234088786,0.2874469540181512,43929.779926978954,0.22806137557616837,0.7458479848581996,0
110834.50872604435,442411.8362745038,10779.386480125591,191,1,0,74551.22841807226,36283.28030797209,0.327364470912714,0.09725659096635311,0.3326369507713801,25503.893827846492,0.23010787994636078,0.7613062783820448,0
176017.94452031676,936112.992939206,14547.587100132092,198,1,0,99233.06081694819,76784.88370336857,0.4362332710600749,0.08264831827105529,0.44319013206783003,62237.296603236464,0.3535849527890196,0.7339836330712288,0
92758.63671562956,390894.84745149873,11059.652014287107,77,1,1,60315.21518709392,32443.42152853564,0.34976173300172075,0.11923042862512864,0.3511756077315171,21383.76951424854,0.2305313043765922,0.6469551462304935,1
77437.8083464679,691463.8791825311,18031.096384276952,41,1,0,51515.46328662218,25922.345059845713,0.33475049996076095,0.232846160929597,0.7441066729841904,7891.248675568757,0.10190433903116389,0.583629533732904,1
127216.32045943328,328792.9213601834,39363.09010545343,171,1,1,87701.81722320698,39514.5032362263,0.31060875753615813,0.3094185554439576,0.2153765335642272,151.4131307728676,0.0011902020922005066,0.6116196177531489,0
61854.42047205309,194712.79676526264,3092.721023602655,84,0,1,36528.66742649505,25325.75304555804,0.40944127925344737,0.05,0.26232670637398403,22233.03202195539,0.35944127925344743,0.5013019880878048,1
110071.67407649598,353966.76090434944,11801.387162210127,240,0,0,66577.75070362806,43493.923372867925,0.3951418358790579,0.10721547810755175,0.2679820246475302,31692.536210657796,0.2879263577715061,0.5767192013627203,0
196614.4650055542,1595444.9100139965,53532.681065833945,206,1,0,110594.08308379161,86020.38192176259,0.43750790115738725,0.27227234305635495,0.6762154681620732,32487.700855928633,0.1652355581010323,0.588226422328836,0
58354.40314635925,199811.77047843652,4997.953341708417,240,1,0,37376.502548104865,20977.900598254382,0.3594913060054698,0.08564826426504614,0.28534232166578,15979.947256545966,0.2738430417404237,0.7801379977942475,0
85840.96353695812,541373.0770618,26377.68561235004,131,1,0,50851.76292929066,34989.200607667466,0.40760493785234775,0.3072855257617576,0.5255582093863578,8611.514995317426,0.10031941209059016,0.6194183268793896,0
81456.77144870572,440433.8131630915,22991.96732430237,240,1,2,48545.41011884169,32911.361329864034,0.40403468913064766,0.28225974238103313,0.45058031531120957,9919.394005561662,0.12177494674961455,0.5519220084542239,1
117705.19775400031,366067.7941317395,13742.731499879976,27,1,0,76837.9560918017,40867.24166219862,0.3471999745296695,0.11675551940027148,0.259169944004801,27124.51016231865,0.23044445512939804,0.7755468090384512,0
104927.78403846869,281097.1260211706,28935.419517130806,92,1,1,61795.74389041834,43132.04014805035,0.411064052703498,0.2757650872196299,0.22324649964185095,14196.62063091954,0.1352989654838681,0.6227200152195927,0
205185.93048589362,533362.0512059357,30023.57192630933,24,1,0,116958.00948519653,88227.9210006971,0.4299901108802521,0.14632373601450918,0.21661737476464218,58204.34907438778,0.283666374865743,0.7764852931648036,0
173277.97312450875,1181224.848762631,28163.01105997353,183,1,0,103432.88111965857,69845.09200485017,0.40308119229131933,0.16253082000063,0.5680779979623948,41682.08094487664,0.24055037229068932,0.6645642726110296,0
145539.63289109306,1211832.7408595055,22266.440644812497,144,1,1,96928.10202248256,48611.5308686105,0.33400888749655144,0.15299228260026201,0.6938732751501423,26345.090223798004,0.18101660489628946,0.5306411044148526,1
240455.61413720017,1441066.4242550207,85436.06595162573,61,0,0,154383.19094916072,86072.42318803945,0.3579555565665765,0.35530909210910444,0.49942218699621455,636.3572364137217,0.0026464644574720818,0.4080497070574939,1
140004.14597417938,646390.208443447,28103.036488829523,95,1,0,86185.64264263259,53818.50333154679,0.384406497086682,0.20073003048075802,0.3847446825864352,25715.46684271726,0.18367646660592393,0.7042845830317663,0
105768.5845975742,263960.5366257602,29080.358380186164,157,1,0,66715.32394823305,39053.260649341144,0.3692330836980571,0.27494324983954754,0.20797017818828326,9972.902269154976,0.09428983385850949,0.727631646607696,0
249847.29164216734,1869781.2351688545,73198.45653171028,48,1,0,176349.23173827527,73498.05990389208,0.2941719296647666,0.2929727836975936,0.6236413527103473,299.60337218179484,0.0011991459671729739,0.5957184807078584,0
79017.38601249552,376480.1936146346,17831.643901273965,144,1,1,50792.24841904095,28225.137593454572,0.35720161116176574,0.22566734741711314,0.3970436261068539,10393.493692180607,0.13153426374465257,0.5906199732010987,1
165618.670258118,499706.68275354675,48496.27834931413,168,1,0,114124.44235949602,51494.22789862199,0.3109204283452332,0.29281890908635055,0.25143435518408536,2997.9495493078575,0.018101519258882644,0.7074421298102342,0
294510.8875675199,2494686.6923638536,53135.40674682849,62,0,1,200232.8631883238,94278.02437919611,0.32011728040981785,0.18041915932444638,0.7058841165908563,41142.61763236762,0.13969812108537147,0.31606710129296456,1
250380.2530043509,1457286.0323962525,56775.852220555054,47,1,0,159160.427617116,91219.82538723492,0.3643251586044598,0.22675850646883264,0.48502428303552125,34443.973166679876,0.13756665213562724,0.6637893125018106,0
112762.49116275297,852663.0815409631,10467.333015859609,107,1,0,68601.34984747712,44161.14131527585,0.3916297064733782,0.09282637256347806,0.6301320240657367,33693.80829941624,0.29880333390990016,0.6738298437548877,0
140381.3272813833,791629.112751818,25927.20725619688,163,1,0,99890.25555773838,40491.07172364493,0.2884363077895949,0.18469128165619805,0.4699278316202861,14563.864467448046,0.10374502613339684,0.6851451378514349,0
40644.67131257364,341453.0628846421,5266.042212754703,83,1,1,25632.589688222895,15012.081624350747,0.36934931787003233,0.1295629179101179,0.7000775498521742,9746.03941159604,0.23978639995991435,0.5381515678803006,1
135247.01456715466,478403.9757797596,19845.407194670122,113,1,0,87173.68760436452,48073.326962790146,0.35544834107166284,0.14673453057861188,0.2947717412412925,28227.91976812003,0.20871381049305104,0.7528746653961675,0
153786.87604103718,959303.073570598,35472.691872809475,133,1,0,107685.01504632244,46101.860994714734,0.2997776024945894,0.23066137232245867,0.5198227888849096,10629.169121905259,0.06911623017213071,0.6517886144055437,0
118274.24499855925,705880.0539951866,26076.62002970808,67,1,0,81158.43256154713,37115.81243701212,0.3138114509838067,0.2204758950693427,0.49734697383736215,11039.192407304043,0.093335555914464,0.6626055498210544,0
157705.13825722862,962821.3283310371,22914.776281622864,157,1,0,94980.53127736392,62724.60697986471,0.3977334389546413,0.1453013930608094,0.5087666234652657,39809.83069824186,0.252432045893832,0.6892494557360966,0
209744.0524763358,1196438.2610551512,60155.8755734249,26,0,1,141752.4664997717,67991.58597656412,0.3241645480471262,0.2868061089847205,0.4753564510846453,7835.710403139237,0.03735843906240581,0.3426706210807182,1
78176.2673948276,375686.6394810254,11259.731955387355,57,1,0,50940.82264521995,27235.444749607654,0.34838507461677093,0.14403005324519158,0.40046961821080124,15975.7127942203,0.2043550213715794,0.7222470932386831,1
114264.01663042848,365109.25332835276,5713.200831521424,79,1,2,65156.38747970691,49107.62915072157,0.4297733494662065,0.05,0.26627605092077333,43394.42831920015,0.37977334946620656,0.700117184723768,0
168346.18143621561,1394124.2542436547,32784.67369956251,73,1,0,107882.8761311975,60463.30530501812,0.3591605392482689,0.19474557379244292,0.6901078491702488,27678.631605455594,0.16441496545582593,0.6150694157319483,0
125954.35852730469,287717.123612375,33209.41527498803,31,1,0,78417.24164985011,47537.11687745458,0.37741541803930007,0.263662295320958,0.19035805706160022,14327.70160246655,0.1137531227183421,0.7374276647531368,0
128223.4032638763,557240.7394876622,6411.170163193816,240,1,0,82751.76421548947,45471.63904838683,0.3546282339333081,0.05,0.3621548571369178,39060.46888519301,0.3046282339333081,0.7713535428589247,0
178967.63117906463,467391.14995210594,20479.245413621593,96,1,1,105654.91907939682,73312.71209966781,0.4096423002119046,0.11442988477134867,0.21763300010960338,52833.46668604622,0.29521241544055593,0.6889381460585796,0
112045.30496691386,492365.0048031938,50757.44976847771,183,0,0,71744.72646429748,40300.57850261638,0.3596810996633624,0.45300827003385824,0.36619488053559046,-10456.87126586133,-0.0933271703704958,0.4089382278257796,1
128896.6466347604,756269.911513448,20267.711572267515,235,1,0,84450.11529438979,44446.53134037061,0.3448230229473202,0.1572400221527702,0.4889381863028622,24178.819768103087,0.18758300079454998,0.6904225352480333,0
196845.27351167862,751334.8074381857,44292.15810408359,212,1,0,126670.91978116297,70174.35373051565,0.3564949895855756,0.2250100158054127,0.3180733417481192,25882.19562643206,0.1314849737801629,0.7145739911533993,0
62370.49656969414,472200.3628114233,3600.324980919808,219,1,0,42526.74467435162,19843.751895342524,0.318159273802938,0.05772480866649389,0.630907759253042,16243.426914422715,0.2604344651364441,0.6876377487574898,1
129090.08057744343,277828.46660684614,29430.83970300068,47,1,0,75227.59337008822,53862.48720735521,0.41724729713095304,0.22798684121468651,0.17935051332892815,24431.64750435452,0.1892604559162665,0.755000109515447,0
121456.41450051287,607164.7090665505,16185.066313008103,93,1,2,75378.41937635568,46077.99512415718,0.3793788521886805,0.133258225838206,0.4165861415962148,29892.928811149075,0.24612062635047446,0.6217208671858531,1
104728.86527052932,321356.81296181213,30388.0369329685,199,1,0,66849.67150222346,37879.193768305864,0.36168819045693473,0.29015913477599464,0.25570538116982877,7491.156835337359,0.07152905568094003,0.7072247317386535,0
103527.88217394783,468344.5403914198,19492.17570530696,141,1,0,72742.42543859693,30785.456735350905,0.2973639186748271,0.18827947888044452,0.37698744415256974,11293.281030043945,0.10908443979438258,0.7115919752020512,0
149525.861301921,1122329.5195729542,49369.82928047723,7,0,0,86798.02194073173,62727.83936118925,0.41951164042807204,0.33017585620717615,0.6254935377069203,13358.010080712033,0.08933578422089597,0.3802815962050535,1
688023.6428583196,3699787.026539294,145443.0144635429,127,0,0,477984.4603023372,210039.18255598238,0.3052790187316782,0.21139246590322924,0.4481177191296472,64596.16809243953,0.09388655282844897,0.4810076978998141,0
74571.7078377155,358282.88153675944,14111.005834143178,213,1,0,46472.62718735506,28099.08065036044,0.3768061838078088,0.1892273389373332,0.40037847677707983,13988.07481621726,0.18757884487047555,0.7041955213919429,1
106387.3330438773,730562.2055310046,39029.993355442035,188,1,2,72320.1180126477,34067.2150312296,0.32021871454545503,0.36686692145337363,0.5722503051104926,-4962.778324212442,-0.04664820690791868,0.4815781398855029,1
84883.30542994596,325859.0820181959,17888.85769701776,96,1,0,52748.654982851556,32134.650447094406,0.37857444740550394,0.2107464784318679,0.31990888389622424,14245.792750076653,0.16782796897363617,0.7197287434583857,0
232447.3319077103,1379092.3745463616,58726.700005039995,79,1,1,150483.27919629283,81964.05271141746,0.35261343736980405,0.25264518858128493,0.4944103406235659,23237.35270637748,0.0999682487885192,0.5506188223804164,0
129162.96068687325,728353.2207991161,18629.947865292448,78,1,0,82000.11275350432,47162.84793336893,0.36514220239736317,0.1442359927816814,0.46991878639576723,28532.900068076488,0.22090620961568178,0.7013299669685973,0
216231.26443381334,1781009.4013352534,61110.5174970191,63,1,1,140029.9421156077,76201.32231820564,0.35240658892567434,0.2826164738805592,0.6863829358806737,15090.804821186553,0.06979011504511518,0.4810385296835743,1
103460.22128277332,545080.4971025336,12556.280094126496,105,1,0,60804.187806206006,42656.03347656731,0.4122940483568226,0.12136336012473989,0.43904192544103615,30099.75338244081,0.2909306882320827,0.7197420783177932,0
122327.58099087568,846268.7313254373,31074.15808834836,64,1,2,84253.70296000261,38073.878030873064,0.311245245941003,0.2540241361485449,0.5765044457339509,6999.719942524709,0.05722110979245811,0.5254390118203968,1
110265.1009818598,609266.76425787,13143.213972309164,131,1,0,68810.85212879635,41454.248853063444,0.3759507630604108,0.11919649875867264,0.4604560273624133,28311.034880754276,0.25675426430173814,0.714184592287807,0
556332.7151874915,4448592.01217692,153270.12548402091,15,1,0,326792.3544377944,229540.36074969708,0.41259547476430347,0.2755008312469398,0.6663566439550603,76270.23526567616,0.13709464351736367,0.5898926743147059,0
520780.5230314344,4473600.580850052,162971.13392675624,58,1,0,325503.3640234917,195277.1590079427,0.3749701656875439,0.3129363075602566,0.7158486769707183,32306.025081186497,0.06203385812728734,0.5600708738846819,1
87193.37473830974,715482.383190667,10936.584705670803,97,1,0,51103.67002542945,36089.70471288029,0.4139042079882215,0.1254290791988998,0.6838080543562111,25153.120007209487,0.2884751287893217,0.6446859520135768,0
328238.56125573546,1484086.8736702318,119285.64133013798,30,1,0,220972.4072151853,107266.15404055017,0.32679327386210894,0.36341141904165486,0.376780551517315,-12019.487289587792,-0.036618145179545904,0.6416012669281436,1
87905.82468549491,685422.1442011166,28092.10994941822,230,1,0,56243.286891272066,31662.537794222844,0.36018702864689,0.31957051822134397,0.6497693664909633,3570.4278448046243,0.04061651042554602,0.5772409827641733,0
66957.68827359607,227339.77735790348,14333.367130047056,164,1,1,47612.58562405355,19345.102649542518,0.28891533068609565,0.21406603930947302,0.2829395986474442,5011.735519495458,0.07484929137662259,0.6294917046819776,1
270967.8501881803,1600485.7406977052,34138.67370072241,220,1,1,193728.1742648277,77239.67592335257,0.285051071076187,0.12598791213427707,0.4922126799625271,43101.002222630166,0.15906315894190995,0.6019410311575312,0
187369.01277480184,840144.5088839892,22366.31025239095,155,1,0,114001.14604066072,73367.86673414112,0.39156883866555725,0.11937037998525904,0.37365859685211833,51001.55648175017,0.27219845868029824,0.7401542689502609,0
179422.71828471287,682928.5920451009,47477.85050400858,49,1,1,107622.33716665463,71800.38111805824,0.4001744138338348,0.26461448671549737,0.31718790434024596,24322.530614049654,0.13555992711833736,0.5989978340117273,0
100856.21879577685,654179.780343744,5042.810939788843,236,1,0,66896.63298684539,33959.58580893146,0.3367128593001887,0.05,0.5405217679804064,28916.77486914261,0.28671285930018864,0.717843469605878,0
113167.60411678789,410820.60797254456,10181.711809723005,131,1,0,74436.83697968538,38730.767137102506,0.3422425299128249,0.08997019853151239,0.3025163511374551,28549.055327379494,0.25227233138131244,0.7732570152461584,1
160317.40500315753,900959.7224096222,34962.495076884465,184,1,0,106415.85853877602,53901.54646438151,0.3362176830601761,0.21808296532866073,0.46832080937181947,18939.05138749705,0.1181347177315154,0.67227057105699,0
139911.93867144242,790902.2809897197,36816.33227284494,113,1,0,95431.15083005819,44480.787841384226,0.31791988777912095,0.2631393190777047,0.47107147568431657,7664.455568539284,0.05478056870141622,0.6534228296636231,0
103820.39986618915,479994.4673869199,15121.945371326216,140,1,0,63321.718472942404,40498.68139324675,0.39008404365080684,0.14565485579728468,0.38527629445141937,25376.73602192053,0.2444291878535221,0.7261551693456603,0
65169.88197910536,360374.8302247776,14872.87489641599,138,0,0,39909.04131439346,25260.840664711905,0.38761525872965347,0.22821699909145918,0.4608146422866525,10387.965768295915,0.1593982596381943,0.4704688076774206,1
172290.5538347713,1127953.890235876,41901.57343439829,72,1,0,122594.29849282726,49696.25534194404,0.28844445755048964,0.24320296442126713,0.5455676787120887,7794.681907545746,0.04524149312922251,0.6390485106178665,0
279150.07505773637,2309574.590267387,57815.41117788386,136,1,0,173134.5891720005,106015.48588573586,0.37977953566306144,0.20711228956655645,0.6894662276166025,48200.07470785201,0.172667246096505,0.6103152158883967,1
89429.49741757337,269350.24562792655,28043.027537708538,178,1,1,58787.73477596161,30641.762641611756,0.34263597052923267,0.3135769331987539,0.25098937655347353,2598.735103903222,0.0290590373304788,0.5992724137544564,0
153695.48674418035,436429.1066478726,13623.263344098556,28,0,0,107360.57507345271,46334.91167072764,0.3014721684563851,0.08863801815321944,0.23663084057367845,32711.64832662909,0.2128341503031657,0.5935555405666086,0
269832.27762629016,1298704.5569444501,51243.76350768483,24,0,1,183422.96015959236,86409.3174666978,0.3202334362176351,0.18990968744908995,0.40108389069472206,35165.55395901296,0.13032374876854513,0.40371095781194744,1
236824.37972592583,1671245.0353322795,41222.04532461529,203,1,0,156123.3834760565,80700.99624986932,0.340763042822127,0.17406166279131016,0.5880746727689073,39478.95092525403,0.1667013800308168,0.6539529330528038,0
167938.09190270252,791170.4886234383,11402.00527549831,157,1,0,104045.89866065604,63892.19324204649,0.3804508704258912,0.06789409803527025,0.3925903486515212,52490.18796654817,0.3125567723906209,0.7550652561904356,1
92605.44387641136,440364.5270780595,12198.570111892765,240,1,0,59436.04440717369,33169.399469237665,0.35817980110871905,0.13172627440966253,0.3962730740986078,20970.829357344897,0.2264535266990565,0.7284275680065526,0
72512.9394374659,654305.5957198957,9462.994596009567,148,0,1,48129.85320012103,24383.08623734487,0.3362584171390885,0.13050077226796625,0.7519411946748246,14920.091641335304,0.20575764487112225,0.3222173326903661,1
98445.9140330471,203755.01346816227,10583.713040109053,177,1,0,57731.866344504866,40714.04768854223,0.41356767407202927,0.10750789551871323,0.17247627412936964,30130.334648433178,0.306059778553316,0.8052539595537038,0
253866.4597583906,1189985.6625274133,50148.32174004416,217,1,0,167717.88580271095,86148.57395567966,0.33934602482607923,0.19753819306327916,0.39062061200074266,36000.2522156355,0.1418078317628,0.7037985391744654,0
156993.16993947254,1109318.2318787018,30875.396191849046,149,1,1,107306.00298968889,49687.166949783656,0.31649253893618523,0.19666713019268806,0.5888357183024749,18811.770757934602,0.11982540874349712,0.5446824324321823,0
92620.29239247958,223890.0940362525,4631.014619623979,101,1,1,55155.05957255839,37465.232819921184,0.4045035040610952,0.05,0.20144082203166633,32834.218200297204,0.35450350406109515,0.7195677533905002,1
60348.22836382219,468196.89221791015,15271.214448905466,148,1,0,40676.94737518255,19671.280988639643,0.3259628579325829,0.2530515785291937,0.6465211778812643,4400.066539734173,0.07291127940338912,0.6048230152239433,1
651245.1884342042,6512451.884342042,152244.17246045024,49,1,0,488433.8913256532,162811.29710855102,0.24999999999999994,0.23377396895091468,0.8333333333333333,10567.124648100813,0.016226031049085314,0.5564904124196342,1
245943.4279322193,791458.458811032,53848.83670452548,84,1,0,162705.55478785,83237.87314436928,0.338443169001081,0.21894806117513307,0.2681709046755371,29389.036439843796,0.11949510782594792,0.7319695041272856,0
161548.46554589915,599253.1855674485,36636.66854076331,183,1,0,110739.42678805163,50809.03875784752,0.3145126670572532,0.22678437964088308,0.30911940447843944,14172.3702170842,0.0877282874163701,0.716550426800115,0
400308.0840691184,2873013.6275907024,163584.2214890062,29,1,1,259276.29001202033,141031.7940570981,0.3523081338341074,0.40864581056215,0.5980838554783884,-22552.427431908087,-0.05633767672804258,0.45711651913162354,1
314129.0551634975,2531006.3196027316,59667.53863982007,151,1,0,227623.07555722672,86505.97960627079,0.2753835666721318,0.18994593992193554,0.6714348444796032,26838.440966450726,0.08543762675019631,0.6225911706873448,0
144038.45224773057,694681.2502808789,37539.24108943082,143,0,0,96840.71159853545,47197.740649195126,0.32767458906056635,0.2606195811162104,0.40190729132876624,9658.499559764314,0.06705500794435598,0.47517998015488594,0
149959.11180290446,1301201.274995048,50939.090525805,78,1,0,102920.79303785341,47038.31876505105,0.313674295609825,0.3396865313043178,0.7230867019633848,-3900.771760753938,-0.026012235694492732,0.5471993768892576,1
102490.5154880118,766165.1320301851,25765.674538742445,34,1,0,62253.688474744544,40236.82701326726,0.3925907370226245,0.25139569662674033,0.6229561245920056,14471.152474524817,0.14119504039588415,0.6125548839717022,0
328141.92326988664,2313431.7391239693,24605.97448090307,189,1,0,202657.16521722547,125484.75805266117,0.3824100157706878,0.07498576907122415,0.5875079183398649,100878.7835717581,0.30742424669946367,0.6937533168695509,0
214906.00288964776,1550002.8830866865,46170.87887654729,199,1,0,128739.0229464356,86166.97994321217,0.4009519454301056,0.21484220196611079,0.6010390830739919,39996.101066664865,0.18610974346399478,0.6337513942913582,0
101088.92280468515,457846.99037635117,25761.10432628334,195,1,0,61559.93186325938,39528.99094142577,0.39103187416291,0.2548360751262194,0.37742924552093077,13767.88661514243,0.13619579903669063,0.684836796293233,0
205406.94481598787,1393998.598668255,56950.205105059074,104,1,0,132051.89110973378,73355.05370625408,0.35712061134042283,0.27725549959412255,0.5655434386266155,16404.848601195,0.07986511174630026,0.6194347685743664,0
117390.5009108331,746055.2107478597,30055.867194082122,147,1,0,79966.60463014255,37423.89628069055,0.31879833538760355,0.25603321359802195,0.5296107187543683,7368.029086608425,0.06276512178958156,0.6387034989344809,0
213568.42520424348,1120128.8681081815,34677.233996720905,121,1,0,137045.82745241682,76522.59775182666,0.3583048274980032,0.1623706030681163,0.43706869240188495,41845.36375510576,0.19593422442988692,0.703931151052188,0
116945.75246297166,667945.0781983412,35103.72128876255,90,1,0,76684.29203086243,40261.460432109234,0.3442746708124962,0.30017098141189336,0.4759650408635915,5157.739143346684,0.044103689400602816,0.6371420951761653,0
145861.44808460167,1076576.3548429846,34975.78574077408,100,1,0,92499.53612430804,53361.911960293626,0.3658397243481566,0.23978773144009677,0.6150679114667751,18386.126219519545,0.12605199290805982,0.6195645339839289,0
425451.4546854025,3500455.2055938556,142457.0950749311,43,1,1,271419.5259239772,154031.9287614253,0.3620434883113122,0.33483748499642607,0.6856354520678601,11574.83368649421,0.027206003314886186,0.46037437038107154,1
139554.71796290655,897723.6538577739,13584.602008980615,240,1,2,78226.45271122755,61328.265251679,0.43945676754532914,0.09734247761219642,0.5360643164212643,47743.663242698385,0.3421142899331328,0.6002437140287421,1
170626.97089878866,727679.9831114782,49936.79363589951,162,1,2,110029.90913339758,60597.061765391074,0.3551435124599125,0.2926664722045653,0.35539515396187393,10660.268129491567,0.06247704025534716,0.5763148649296118,1
163636.21511351937,541036.2185840369,20216.09838696734,47,1,0,96680.49134053804,66955.72377298134,0.4091742388842967,0.12354293560837265,0.2755279539886203,46739.625386013984,0.28563130327592395,0.7679244395600648,0
118013.27335521916,847054.0535259892,5900.663667760959,227,1,0,73633.57818573309,44379.695169486076,0.3760568104564263,0.05,0.598134733381757,38479.03150172511,0.32605681045642626,0.7005595799854729,0
121984.68164391356,578667.9895746259,21967.571980714085,41,1,0,86192.2452049544,35792.436438959165,0.2934174681329345,0.18008467690098826,0.39531465602638816,13824.86445824508,0.11333279123194624,0.7093717324316882,0
129995.91230233354,714954.3598536083,16727.76701942863,145,0,1,87246.62733126861,42749.28497106493,0.328850993957735,0.12867917708461937,0.4583184881170389,26021.5179516363,0.20017181687311555,0.4110327827310406,1
341053.6880468554,1614357.1849839136,91439.80673081298,44,1,0,225252.20264563808,115801.4854012173,0.3395403405967802,0.2681097139118185,0.3944533372025693,24361.678670404304,0.07143062668496168,0.6744201132745018,0
154157.74628501773,1115021.6040285586,39678.529917205204,90,1,0,102427.53416697151,51730.21211804621,0.33556673838759776,0.25738914114536116,0.6027492567943077,12051.682200841009,0.07817759724223658,0.6162195665035632,0
134969.79787978975,571983.054819955,41370.81077500417,148,1,0,88866.69650270916,46103.10137708059,0.34158087291604383,0.3065190244402003,0.3531549673859809,4732.29060207642,0.035061848475843566,0.6714459000081257,0
99092.289613833,775881.5489803442,6741.136306544779,240,1,0,67018.57598991158,32073.713623921416,0.3236751693690204,0.06802886816739509,0.6524906831836502,25332.577317376636,0.2556463012016253,0.6770412477779469,0
282147.52187369944,1863654.5047937303,52611.87325360088,239,0,1,203280.09120089017,78867.43067280928,0.27952551257250985,0.18646937922478748,0.5504373777050743,26255.557419208402,0.09305613334772242,0.3602810349985628,1
155862.66105243977,582339.0005864745,15447.260361373808,234,1,0,93919.09484308967,61943.5662093501,0.39742402568444074,0.09910815237638346,0.31135263392266616,46496.3058479763,0.2983158733080573,0.7669509488726467,0
215381.1631053795,1629795.1681082984,36222.64915506194,61,0,0,144181.44184712847,71199.72125825103,0.3305754330215737,0.16817928101418642,0.6305856187737926,34977.0721031891,0.16239615200738736,0.44355260196218765,0
143091.47650243394,1153362.5861522555,20285.091306868584,27,1,2,91911.08466066227,51180.39184177168,0.35767603418992683,0.14176310009998072,0.6716930399721358,30895.300534903086,0.21591293408994608,0.5417868479683671,1
149923.09455966242,624677.428735062,13540.234462159056,236,1,0,95659.05655365462,54264.0380060078,0.36194582405990317,0.0903145342745755,0.34722103720899683,40723.80354384876,0.27163128978532775,0.7597078751274708,0
94414.20075237376,529160.887375207,24896.456529877967,240,1,0,54758.742576457626,39655.45817591613,0.42001582240708757,0.26369398174725345,0.4670562294993734,14759.001646038167,0.15632184065983418,0.6544055384512866,0
187032.80356116954,1318705.546253312,57930.69446806914,59,1,0,110710.39914822952,76322.40441294001,0.40806961645088413,0.30973547615738306,0.5875553740416567,18391.709944870876,0.09833414029350108,0.5998391973245498,0
174298.68817097746,1221666.9393748278,30478.90017808362,28,1,0,114447.24212788366,59851.446043093805,0.34338437466828675,0.17486591837217666,0.5840868875695149,29372.54586501018,0.16851845629611006,0.654827566380275,0
251988.5274485825,1694923.387126045,38841.26597446993,158,1,0,159286.88161267308,92701.64583590941,0.3678804220752665,0.15413902516810163,0.5605160561234576,53860.37986143949,0.21374139690716493,0.6701895730957221,0
83023.1080722448,402090.4514828199,15739.693309872786,41,1,0,51244.80191006718,31778.306162177614,0.38276459289532816,0.18958207751240133,0.4035929080661596,16038.612852304825,0.1931825153829268,0.7030892965751916,0
129259.02284718616,1015357.1372093564,56429.69562003318,6,1,2,79770.29502357377,49488.7278236124,0.38286478369962174,0.4365629135750626,0.6546010708086388,-6940.96779642078,-0.05369812987544086,0.42899451332738336,1
125656.44288116114,554934.4512752816,7665.735460466349,240,1,0,86094.66394186346,39561.778939297685,0.314840831334952,0.06100551061847401,0.36802360902424214,31896.04347883133,0.2538353207164779,0.7651907130453377,0
232333.7750690877,1749885.4177127723,41692.10387696419,140,1,0,149598.63259376786,82735.14247531982,0.3561046707510235,0.17944917334798377,0.6276478087012315,41043.03859835563,0.1766554974030397,0.6399259880504371,0
66993.4142006586,395151.2659570504,25462.782628000707,20,1,0,49039.872758319725,17953.54144233888,0.2679896472892761,0.38007889181068766,0.49152998926816616,-7509.241185661827,-0.11208924452141156,0.6005094464952752,1
261075.89318765345,2050775.6257416382,65637.29967221893,147,1,2,172456.8387957638,88619.05439188966,0.3394379056215388,0.2514108019350558,0.654591148670195,22981.754719670746,0.08802710368648306,0.5030583346249192,1
71475.03693912513,342331.31702701194,15934.018310446076,110,1,0,43246.472325189345,28228.564613935785,0.39494298740940686,0.22293123575461718,0.3991268976404698,12294.546303489711,0.17201175165478969,0.6910894364060123,0
94745.9352662951,452849.6716897293,28906.613770656135,150,1,2,53938.971370607076,40806.96389568802,0.4306988345304211,0.3050960834299703,0.3983017586426792,11900.35012503188,0.12560275110045074,0.5584710390352082,1
135643.55309948314,695322.4568230227,34991.96189724089,217,0,0,95173.85284978506,40469.70024969807,0.29835328937466676,0.2579699594832733,0.42717502413172936,5477.738352457178,0.040383329891393496,0.4686595089671719,0
169275.83566454207,907008.8814951887,73193.0931577244,49,1,0,108681.12298811467,60594.7126764274,0.35796433931957883,0.4323894953487212,0.4465142538579407,-12598.380481297005,-0.07442515602914236,0.5930899257031292,1
98435.57408200743,196871.14816401486,11183.827676991696,175,1,1,60728.46489401632,37707.10918799111,0.3830638419051331,0.1136157103901722,0.16666666666666666,26523.28151099941,0.2694481315149609,0.7045537158439311,0
163342.34121406707,1018019.111569087,33312.58240603249,200,1,0,105066.97501472774,58275.36619933933,0.3567682804482825,0.20394333862507172,0.5193688625591011,24962.78379330685,0.15282494182321082,0.662612005782241,0
124538.7531439263,664787.0304754641,16043.56028848725,105,1,0,79654.90355639748,44883.84958752882,0.36040066609353066,0.1288238390338316,0.4448327754033761,28840.28929904157,0.23157682705969904,0.7150206317654546,0
78336.68631574622,384133.6758993558,15729.034630039201,233,0,2,48863.73474086981,29472.95157487641,0.37623434129038646,0.20078759224817447,0.4086353554611,13743.916944837212,0.17544674904221202,0.3970943564624002,1
240370.02990652027,2225853.7010989026,35879.90478565936,111,1,0,156899.98061771286,83470.04928880741,0.3472564750325523,0.14926946092078547,0.7716761049497087,47590.14450314804,0.1979870141117668,0.6087893841467733,1
237147.1428977359,1678293.199300673,66631.67052350067,113,1,0,163826.2373954684,73320.9055022675,0.3091789536502466,0.28097184604173786,0.5897510081692183,6689.234978766821,0.028207107608508676,0.6106859591325393,0
166110.12280907042,1194809.4899586812,17052.111423638973,231,1,1,110280.94349293492,55829.1793161355,0.3360973935363737,0.10265546214326104,0.5994063204143263,38777.06789249653,0.23344193139311264,0.5791159190183978,0
84520.09640240704,587764.3248656153,28825.776381247262,143,1,2,60039.80352575617,24480.29287665087,0.2896387240272208,0.3410523367603061,0.5795114119637118,-4345.483504596392,-0.0514136127330853,0.489725641706764,1
264429.31502969266,1385039.777874564,89254.09674755749,198,1,2,151017.99442716467,113411.320602528,0.42889087614886073,0.3375348029681776,0.43648708720735646,24157.223854970507,0.09135607318068309,0.5340399526505221,1
228202.6725784324,1962456.4378814884,26215.20402169766,191,1,1,154270.4738223089,73932.19875612349,0.32397604252734274,0.11487684927391723,0.7166350623431749,47716.994734425825,0.20909919325342552,0.5390587415874807,1
81482.47243829361,207636.78417621294,11874.176392018708,191,1,0,44931.777277948175,36550.695160345436,0.4485712579232932,0.14572675615619027,0.2123532194131848,24676.51876832673,0.302844501767103,0.7780033317135684,0
120992.74139509504,694851.6106992726,8781.766870011254,80,1,2,70261.28521215012,50731.45618294492,0.41929338568570973,0.0725809397221184,0.47857665033411206,41949.68931293367,0.3467124459635913,0.627394629010919,1
153563.0755658106,1433523.6807782424,44984.47283780553,99,1,0,99524.06102543903,54039.01454037157,0.3519010956329326,0.29293808210116956,0.7779233796364321,9054.541702566043,0.05896301353176305,0.5494477532686026,1
242805.80592449332,1242005.8493741655,30435.575664437714,227,1,0,153151.71851161373,89654.0874128796,0.36924194243015684,0.12534945591005528,0.42626858552152275,59218.51174844187,0.2438924865201015,0.721979641979521,0
724464.1397349752,6690152.165017496,173034.77587972704,138,1,0,515544.7448622518,208919.39487272338,0.2883778277129778,0.23884519107188237,0.7695517967557027,35884.618992996286,0.0495326366410954,0.5735963845445362,1
64058.02361109873,267928.7325423605,18199.43819087267,89,1,1,40772.23642454498,23285.787186553753,0.3635108589662957,0.28410864345991815,0.3485495355598449,5086.348995681088,0.07940221550637763,0.5817916819480794,1
566347.7132164856,2317025.952311279,100939.17409192659,82,1,0,365471.39746254095,200876.31575394463,0.35468725496055803,0.17822827167193442,0.34093100672966475,99937.14166201802,0.1764589832886236,0.7264293893123268,0
124562.14822725115,1245621.4822725116,37295.2794202999,176,1,1,89979.4441084471,34582.704118804046,0.2776341337314717,0.2994110165173003,0.8333333333333334,-2712.575301495861,-0.02177688278582864,0.43023559339307993,1
175020.055963459,1391433.9017554864,36527.15828737778,65,1,0,113863.8647242969,61156.191239162086,0.34942390403492035,0.20870270030655222,0.6625116447825806,24629.03295178432,0.14072120372836822,0.6177654264426049,0
174344.62672466866,591737.0607511363,19866.56916681145,50,1,0,108386.94301389839,65957.68371077027,0.3783178463821144,0.1139499939862526,0.2828387811867339,46091.11454395883,0.2643678523958618,0.7695683680494787,0
98928.72166070194,401871.6617321374,29901.932702692582,185,0,0,61093.34968689196,37835.371973809975,0.3824508326669256,0.3022573444873564,0.3385195379275576,7933.4392711174005,0.08019348817956928,0.47754120082679014,0
208279.01892909507,1617964.969024159,50334.1999126519,73,0,0,150748.72254642672,57530.29638266834,0.27621743504684704,0.24166716441941422,0.6473547589123569,7196.096470016433,0.0345502706274328,0.40912670655852723,1
115744.12065474174,967173.0584779306,25799.288294335638,203,1,0,64834.56148211533,50909.55917262641,0.4398457466750021,0.2228993416546269,0.6963442671406136,25110.270878290772,0.21694640502037515,0.6019369831959652,0
214736.07659175128,2074639.2999578076,49576.41895820995,131,0,0,152590.594829432,62145.48176231928,0.2894040104889692,0.23087140151332328,0.8051120755945601,12569.06280410933,0.05853260897564592,0.36611781671630267,1
253474.07473054255,1917765.4539971566,49845.33856032822,228,1,0,167866.89945785352,85607.17527268903,0.3377354286180721,0.19664866560146899,0.630493623472095,35761.83671236079,0.14108676301660306,0.632192446717784,0
189967.6368831868,1068346.1324482926,39396.715285024984,147,1,0,118372.92229502983,71594.71458815696,0.3768784818446804,0.2073864576693685,0.4686526917499946,32197.999303131975,0.16949202417531195,0.6764496094072543,0
124076.281197603,915315.6725895164,19203.74875134859,227,1,0,75971.96563385711,48104.3155637459,0.3876995272540068,0.15477372924132723,0.6147533220120391,28900.566812397316,0.23292579801267962,0.6536645116998574,1
113120.38149644085,448920.1292931099,17081.26918330238,223,1,0,71295.75002470482,41824.63147173604,0.36973559422668656,0.15100080955649722,0.33070972957780265,24743.36228843365,0.21873478467018925,0.7403867573040603,0
182865.17443397737,1286124.1527063062,9245.593131124151,73,1,0,109346.22078139205,73518.95365258532,0.40203911914966073,0.05055961672167507,0.5860985453204556,64273.36052146116,0.3514795024279856,0.7039465897151933,0
150324.33417273947,1071627.5375368919,23322.73883698411,240,1,0,93625.13212031953,56699.20205241995,0.3771791331353327,0.15514945710774727,0.5940641299772708,33376.46321543584,0.22202967602758547,0.6597209781637199,0
159227.47033172552,460657.689438601,21403.234280070195,199,1,0,100681.6369213299,58545.833410395615,0.3676867646545193,0.13441923203000025,0.24108993697239806,37142.59913032541,0.233267532624519,0.7739053260962805,0
116740.2504207508,499510.6016018284,18765.313077843253,31,1,0,78226.70244078309,38513.54797996771,0.32990804663480366,0.1607441564516953,0.3565683927933391,19748.23490212446,0.16916389018310837,0.7287318195813202,0
81048.26683761163,727103.5578677274,10884.831511402741,25,1,0,48278.314311102935,32769.9525265087,0.4043263823539447,0.13430060797242707,0.7476034407626019,21885.121015105964,0.2700257743815177,0.6219987245822487,1
154509.7177164923,1298016.1543914403,52623.21588715555,57,0,0,110195.88619110484,44313.83152538746,0.2868028767400785,0.340581917208037,0.7000725550766284,-8309.384361768098,-0.05377904046795859,0.35374546659379674,1
95233.57845383223,514371.0918530508,19575.979779036858,27,1,0,62580.41750361274,32653.16095021949,0.34287445122152205,0.20555753649987005,0.45009605173243417,13077.18117118263,0.13731691472165194,0.6827481698803217,0
162552.40516547073,1364920.8278254115,11195.390323086825,108,1,0,100263.17646343439,62289.228702036344,0.38319475272376824,0.06887249875934129,0.6997337394239036,51093.83837894953,0.31432225396442703,0.6625308786690924,0
265134.36790136964,2355685.3342332807,56533.80425857132,240,0,0,168830.13173688183,96304.23616448781,0.36322803764283446,0.21322699394294284,0.7404061296916938,39770.431905916485,0.1500010436998916,0.3925873635153147,1
199549.82240317954,1092635.378580649,69860.76120854079,106,1,0,139527.69904913555,60022.123354043986,0.30078765609108166,0.3500918235216012,0.45629180281146303,-9838.637854496803,-0.04930416743051954,0.6230757297479206,1
207679.06848572078,872503.8478257862,66090.02278604117,29,1,0,133233.96360608487,74445.10487963591,0.358462243799762,0.31823150627519914,0.35010102132888443,8355.082093594741,0.04023073752456283,0.6676770910912551,0
202808.68386524075,1240146.070924626,24462.61730005124,140,1,2,123823.01256171551,78985.67130352523,0.3894590201867709,0.12061918076597641,0.5095714046399263,54523.054003474,0.2688398394207945,0.5988809063016315,1
132255.58616114157,416161.89864042174,24183.343122707425,75,1,0,71555.38325502646,60700.20290611511,0.4589613540569648,0.18285309395734853,0.2622207441414269,36516.85978340769,0.2761082600996163,0.7481925391746327,0
107910.13908212695,764187.3449413666,14064.251431903594,207,1,0,69751.23738774903,38158.90169437791,0.3536173896072583,0.1303329932806383,0.5901417539333106,24094.650262474315,0.22328439632661998,0.6708242765077516,0
219398.09122001828,1853433.786325801,43176.74086513402,45,1,2,132588.70530949303,86809.38591052525,0.39567065250112166,0.19679633776683694,0.7039843175857927,43632.645045391226,0.1988743147342847,0.5100861696175275,1
117808.22937248248,596643.360414684,28865.670518065737,205,1,0,76144.71894714482,41663.51042533766,0.3536553485886562,0.24502253086920725,0.42204420098152,12797.839907271918,0.10863281771944892,0.6753777273578612,0
126493.0664080238,515174.39894786355,30527.963190796778,128,1,0,84321.84591523912,42171.22049278469,0.3333876052680596,0.24134100040174458,0.33939567702343815,11643.25730198792,0.09204660486631508,0.7016448967322708,0
137337.61099450642,695496.8709526113,39880.23002581897,10,1,1,98032.6317201534,39304.97927435303,0.2861923910699542,0.2903809796677925,0.4220116555085746,-575.2507514659519,-0.004188588597838375,0.5572441114803107,1
126542.05692376748,955977.8595415152,36432.69374538972,152,1,0,78567.07272049511,47974.98420327237,0.3791228416033561,0.28790976400310775,0.6295521312448078,11542.290457882656,0.09121307760024842,0.5959704550253146,0
78094.91968328002,257349.89164842592,16656.771618600837,112,1,1,50563.93700178521,27530.98268149481,0.35253231315364475,0.21328879888927038,0.27461228452517383,10874.211062893977,0.13924351426437442,0.6323007950867398,1
223336.33921467344,778625.6916147708,54374.343653521435,187,1,0,136082.07381791688,87254.26539675656,0.39068548228009936,0.24346393356638749,0.2905280642164652,32879.921743235114,0.14722154871371182,0.7154560073085054,0
89528.0801295135,609691.7644938637,21094.979742521515,169,1,0,55298.7582314495,34229.321898064,0.38233056990105263,0.23562417190232388,0.5675051555629891,13134.34215554248,0.14670639799872867,0.6354987845701738,0
385625.46019628114,1531059.3682414952,77332.96686723438,209,1,0,269193.40967490553,116432.05052137561,0.3019304027854187,0.20053905887819842,0.33086062476748695,39099.08365414123,0.10139134390722028,0.7205261890184746,0
79801.05776952511,620975.9759732328,24365.426875774352,132,1,0,53806.77561527252,25994.282154252593,0.32573856639002396,0.3053271166673578,0.6484625573162668,1628.8552784782369,0.020411449722666127,0.5833303861381769,1
86795.38773206859,560445.0068871198,27457.944521227935,7,1,2,49347.23745715185,37448.150274916734,0.43145322871897995,0.31635257631417846,0.538090234910845,9990.205753688795,0.11510065240480145,0.5120318990010752,1
301427.8622534016,2034842.845920268,101710.95836834166,24,1,0,217816.3307651293,83611.5314882723,0.27738488029345654,0.33743051358283604,0.562556612691197,-18099.426880069368,-0.06004563328937956,0.5962608107595064,1
567033.8930126113,5670338.930126113,218862.17133784504,101,1,0,375849.9271518603,191183.965860751,0.3371649705893311,0.38597722999421724,0.8333333333333333,-27678.205477094045,-0.04881225940488615,0.49560910800231317,1
228672.37637652058,2113476.655813519,48511.74587726199,87,1,0,161349.85099630745,67322.52538021313,0.29440602510450675,0.21214519499891388,0.7701982086420929,18810.779502951133,0.0822608301055928,0.5840824594078067,1
313260.4714201464,2645845.736734901,115998.31255831392,180,1,1,216999.0723212398,96261.39909890661,0.30728868746992455,0.37029348782003346,0.7038460477580972,-19736.91345940731,-0.06300480035010887,0.4407287905445575,1
70052.52530671944,272601.5597810977,22385.301390505694,90,0,0,44579.18390787863,25473.341398840814,0.36363202164815334,0.31955024165786206,0.3242823374169755,3088.0400083351196,0.044081779990291295,0.4748952021117626,1
93203.97151960961,395874.0652533824,26437.729843809084,226,1,1,62129.07530166423,31074.89621794538,0.33340742579201565,0.28365454189091854,0.3539495678125803,4637.166374136301,0.04975288390109714,0.5803533128998585,0
80179.73033356316,335639.4807679982,12182.411942775007,68,1,0,52149.2050958727,28030.52523769046,0.3495961525572369,0.15193879914654015,0.34884074334381143,15848.113294915449,0.19765735341069668,0.7345722573382405,0
58681.6632942589,134742.74687485732,7875.41752648003,114,1,1,37095.95634941205,21585.706944846846,0.3678441566423472,0.134205765214745,0.1913470343072226,13710.289418366818,0.2336383914276022,0.6889135836219352,0
172558.2461002566,1044817.5245068823,57473.69753706084,183,1,0,111338.06137689314,61220.18472336346,0.3547798271419289,0.3330683918963139,0.5045723922787989,3746.48718630262,0.021711435245615012,0.6154009255578348,0
51417.07032448536,287350.1386140217,4281.479270761013,53,1,0,31070.469101468512,20346.601223016845,0.39571685229462744,0.08326960761749444,0.4657178002049359,16065.121952255835,0.3124472446771331,0.7269768168915214,1
96784.14814535815,341789.4045746643,25292.265617110636,69,1,0,67203.69612645304,29580.45201890511,0.3056332321536666,0.2613265302405172,0.29428838220949993,4288.186401794475,0.04430670191314941,0.7071828732409431,0
124418.11939649166,558512.5005151491,37915.7474633612,182,1,0,74611.15513822496,49806.9642582667,0.40031921797132675,0.3047445793850373,0.3740830403322656,11891.2167949055,0.09557463858628945,0.6658772561463054,0
107404.47018494214,820116.9885307634,23204.697240835252,144,1,0,68210.91451678262,39193.55566815952,0.3649154974711133,0.21604964114508984,0.6363150645395126,15988.858427324274,0.14886585632602353,0.6226856241801103,0
140173.361342355,393452.83359915146,24047.43210064161,206,0,0,88241.91126070543,51931.45008164957,0.3704801653062584,0.17155493647547568,0.23390846748108501,27884.017981007957,0.1989252288307827,0.5612054851654843,0
135417.85142752196,755464.9378396616,41174.585289894516,145,0,1,83603.36563094298,51814.485796578985,0.38262670135710297,0.304055815801596,0.46489743281987694,10639.90050668447,0.07857088555550694,0.3389084438333986,1
169336.56518616923,654576.1110470333,31876.46201199757,225,1,1,108363.8360355182,60972.72915065104,0.3600682999777242,0.1882432301431913,0.3221277648684392,29096.26713865348,0.171825069834533,0.6280643784821917,0
350276.42738839507,1952453.1943310627,111636.17502149881,200,0,1,229654.25276790597,120622.1746204891,0.34436280945260495,0.31870878624017107,0.46450294721234914,8985.999598990282,0.025654023212433836,0.3331656013402269,1
287910.9168223249,998969.727936375,56679.27211862142,235,1,2,190371.73721427823,97539.17960804669,0.3387824980191352,0.1968639214663723,0.28914317750377205,40859.90748942527,0.1419185765527629,0.6345114781623195,0
162598.7518708696,983312.6496293611,16050.570732060782,34,1,2,107486.9822144155,55111.7696564541,0.33894337454829904,0.09871275484825123,0.5039566408696844,39061.198924393306,0.24023061970004778,0.6093279057997941,1
135309.14769211767,621683.7618699687,6765.457384605884,162,1,0,81573.4646591098,53735.68303300787,0.3971326695167573,0.05,0.3828786230603735,46970.22564840199,0.3471326695167573,0.7651364130818878,0
146440.6061889199,733723.7366943083,34848.63436783272,50,1,0,78905.19569061694,67535.41049830295,0.46117953384580346,0.23797111521701325,0.41753203783959747,32686.776130470244,0.22320841862879026,0.6795519425613155,0
127239.89809931532,753951.2118646636,12766.823666670121,77,1,1,78085.20951274243,49154.6885865729,0.3863150577832583,0.10033663856524905,0.4937859004441212,36387.86491990277,0.2859784192180092,0.611729574440664,1
133439.41652805553,821247.3737751106,15328.405249947511,76,0,2,77690.28740137647,55749.129126679065,0.417786067844188,0.11487164474167741,0.5128715557111043,40420.72387673156,0.3029144231025106,0.40018987538999784,1
137830.33246588195,954803.3954691642,28286.294271992665,157,1,2,93747.48825999742,44082.844205884525,0.31983412807044226,0.20522546645524894,0.5772818522521237,15796.54993389186,0.11460866161519333,0.5447252577422633,1
88373.53346755174,548736.2519308566,20690.822515202046,125,1,1,51660.40260824472,36713.13085930701,0.4154312882916132,0.2341291753689936,0.5174402244652591,16022.308344104968,0.1813021129226196,0.5511162625128249,0
285330.2141115849,1708155.496341131,77253.89298021814,197,1,0,197308.5318692186,88021.68224236628,0.3084905764937442,0.27075258475783515,0.49888264306314634,10767.789262148144,0.03773799173590903,0.642034173177922,0
116340.23458622172,574036.8680422321,17139.81051044091,94,1,2,74563.14635165801,41777.08823456371,0.35909406907377345,0.14732487493600768,0.41117680259389233,24637.277724122803,0.21176919413776582,0.6177170092474292,1
145631.14132550757,1076160.7778922757,67680.6956558618,139,1,2,106173.83324757114,39457.30807793644,0.2709400456441071,0.46474054271527837,0.6158028015718686,-28223.387577925358,-0.19380049707117125,0.4293629424423281,1
93746.25240215567,263101.87053464085,8205.530606713703,203,0,0,60909.34678513538,32836.9056170203,0.35027432857961605,0.0875291587285362,0.233877678478618,24631.375010306598,0.2627451698510799,0.5948250329650001,0
76118.6421860207,403635.1507212911,5058.683387967649,240,1,1,47172.64923468328,28945.992951337423,0.3802746885657584,0.06645787736997603,0.44189257183419567,23887.30956336978,0.3138168111957825,0.6408490775017509,1
403076.49288579944,2440637.3567868406,133428.55604177204,51,1,0,262721.92700611695,140354.5658796825,0.34820826408115063,0.33102539690791477,0.5045852337921559,6926.0098379104165,0.017182867173235798,0.6162142710991874,0
124228.10540934658,389618.254111268,10511.28533620968,196,1,2,79928.34329159513,44299.76211775145,0.35660015881090995,0.08461277986630905,0.2613594382335549,33788.47678154177,0.2719873789446009,0.68774705658341,0
86867.21719089599,735220.6797440028,4842.024006105729,43,0,0,59400.67691612969,27466.540274766296,0.31618994095789793,0.05574052171448163,0.7053108406135066,22624.51626866057,0.2604494192434163,0.46611053913015543,1
163938.7472805139,1238620.9731875379,36889.54698084423,151,0,1,88195.34182874193,75743.40545177196,0.46202259507429444,0.22502030540542625,0.6296157323666678,38853.858470927735,0.23700228966886822,0.3211071581278292,1
97443.64133598206,848491.738165383,14775.653159650676,121,1,0,52578.79524679051,44864.846089191546,0.46041840672290996,0.1516328100743359,0.7256260529439568,30089.192929540877,0.3087855966485741,0.6216590600870786,1
80559.36833968842,507360.5448678126,23466.32485711742,231,1,0,47297.06942275689,33262.298916931526,0.4128917542734072,0.29129231448499937,0.5248308952395465,9795.974059814107,0.1215994397884078,0.6260338056341364,0
413808.1829851298,2700018.548611576,104920.72567872668,175,1,0,301533.47595747,112274.70702765981,0.2713206544581415,0.2535491804967448,0.543733920616347,7353.981348933128,0.01777147396139673,0.635460151616398,0
157471.5154284276,1121569.74395384,31368.198390245747,211,0,0,111468.63791413888,46002.87751428873,0.2921345958291581,0.19919919043709788,0.593530487562794,14634.679124042988,0.09293540539206024,0.44226117755632266,1
103220.04479934159,340873.2795644397,8516.17157849082,223,1,0,65018.208502451955,38201.83629688963,0.370100946682919,0.08250501726719985,0.2751995185197902,29685.664718398817,0.2875959294157192,0.784438137537183,0
166140.65206448236,1280479.5904986411,53510.810804409804,102,0,2,107278.41246619663,58862.23959828573,0.35429161296080725,0.322081381886242,0.6422668456852965,5351.428793875923,0.03221023107456525,0.27848739353991425,1
186126.88632574453,835314.7247522598,35005.839768040234,196,1,0,124296.27036427807,61830.615961466465,0.33219604744934816,0.18807513766053008,0.3739898182909293,26824.776193426238,0.14412090978881814,0.7125729994485093,0
121493.272581379,697774.7134045117,22868.289454133683,31,1,1,72130.6704314083,49362.6021499707,0.4062990575622736,0.18822679616944202,0.4786099801926111,26494.312695837012,0.2180722613928315,0.58112628747444,1
76445.66393306675,437493.4827826964,11823.538242765686,155,1,0,42743.01974930863,33702.64418375812,0.4408705798312776,0.15466591085032602,0.4769111595892813,21879.105940992435,0.28620466898095154,0.6950602877830853,0
307799.45893813495,2024228.383385021,66979.51989543995,6,1,0,227001.60008260835,80797.8588555266,0.26250162730716914,0.2176076596317288,0.5480376710126798,13818.338960086636,0.04489396767544027,0.6485456348435046,0
162641.93911225063,910915.1127203633,48847.47478241453,164,1,1,111787.83807779002,50854.10103446062,0.3126752011937255,0.30033750857275165,0.4667282814078255,2006.6262520460878,0.012337692620973818,0.5398465121485517,0
418303.27460511524,1445527.2430370324,174038.13238411982,233,1,1,262861.3173110275,155441.95729408774,0.3716011007583609,0.41605730327694546,0.28797432604403117,-18596.175090032077,-0.04445620251858452,0.5471847808760125,1
162663.69686142128,1069176.6669334925,27135.57705308592,166,1,0,104599.30107097374,58064.39579044754,0.356959769824453,0.16682011768245766,0.5477439483850948,30928.81873736161,0.19013965214199527,0.6689487684114885,0
53235.580121030776,197999.27863155317,19158.232452151587,203,0,1,37045.71159583406,16189.868525196718,0.30411744341639835,0.3598764662392231,0.30994195702292054,-2968.363926954873,-0.05575902282282479,0.3630668263974346,1
194596.30990208985,764635.3550446761,56575.66229589591,61,1,1,131856.17329411014,62740.136607979715,0.32241174891521374,0.2907334796038099,0.3274451244859159,6164.474312083796,0.031678269311403794,0.5854730708127013,0
430326.2393336569,1817245.9927806258,148902.79510223895,239,0,0,272279.01418831095,158047.22514534596,0.367273037754044,0.34602304366289405,0.3519124613445524,9144.430043107015,0.021249994091150012,0.4560170441314767,0
219443.4197874545,572189.7018662328,73986.24882815425,153,1,2,129564.47190036837,89878.94788708613,0.40957686484352024,0.33715410058690676,0.2172882431457869,15892.699058931874,0.07242276425661341,0.5999518868215014,1
241774.9538553914,1761620.6150005914,24497.334472208022,182,1,1,163680.26868600122,78094.68516939017,0.3230056874133438,0.1013228793204948,0.6071833147966181,53597.35069718215,0.221682808092849,0.5773158538328167,0
81837.52265308936,402895.50479127106,5743.718803688378,205,1,0,53392.88445661505,28444.638196474305,0.34757452662700467,0.07018441684795493,0.41025955223004484,22700.91939278593,0.27739010977904976,0.7488483675918045,0
386750.2773270346,3242672.9587235013,137248.45856994038,144,1,0,272077.4311781681,114672.84614886652,0.29650359126155085,0.354876173634605,0.698700847554383,-22575.612421073864,-0.05837258237305414,0.5484392762798431,1
113436.98121637135,374345.50193584285,31698.770161948345,80,1,0,70177.54992319198,43259.43129317937,0.381352102544634,0.27943947222542576,0.27500254467412966,11560.661131231027,0.10191263031920827,0.7057234477075909,0
252472.95868317707,1598160.665966843,54756.94064380803,137,1,0,153628.48508967066,98844.47359350641,0.3915051897401188,0.21688239774035106,0.5275022568431249,44087.53294969836,0.17462279199976766,0.6549963638509222,1
74330.60648767048,290120.9722971577,19316.80171960027,177,1,1,44867.638314360236,29462.96817331024,0.3963773412530595,0.2598768210347433,0.3252596586231286,10146.166453709971,0.13650052021831624,0.5984713739991642,1
117921.22756956509,602687.5865977145,31288.938423271313,207,0,1,76323.58049944337,41597.64707012172,0.35275792092294905,0.26533762468519995,0.42591114920492995,10308.708646850399,0.08742029623774904,0.3660916053644411,1
93248.78006445988,524450.8257912315,17420.83419697168,137,1,0,61914.302257585296,31334.47780687458,0.3360309677532946,0.18682104135763725,0.4686842600234694,13913.643609902894,0.1492099263956573,0.6846663054499043,0
169642.91492637506,810479.0951472803,12717.243463707606,141,0,0,108347.90627000663,61295.00865636843,0.3613178226922736,0.07496477804113943,0.3981299462162565,48577.76519266084,0.2863530446511342,0.5505751049186673,1
163451.77410934935,636433.3485705552,46160.25583825848,142,0,0,88964.46543369678,74487.30867565257,0.455714286868618,0.2824090230270443,0.32447559942297355,28327.05283739409,0.1733052638415737,0.4896937109622902,0
133945.93095187235,912454.2313830237,46583.21375143619,50,1,0,87767.99873925438,46177.93221261796,0.34475054138979405,0.3477762513605124,0.567675718664219,-405.2815388182207,-0.003025709970718267,0.5905867838565293,1
95105.18045417864,756908.8221625958,28118.393335389163,15,1,2,62978.74017925505,32126.44027492359,0.3377990570177405,0.2956557487311273,0.6632208138294422,4008.046939534426,0.042143308286613154,0.48277145635871654,1
107106.29323772501,636558.614954453,19094.02892083879,28,1,0,63972.525495463655,43133.767742261356,0.40271926549194376,0.17827177417538978,0.495270162402748,24039.738821422572,0.224447491316554,0.6801102416090197,0
112077.03860731315,495135.2231844484,23383.00288955902,162,0,0,75927.73143501564,36149.307172297515,0.32253981387708375,0.20863330419968154,0.36815095323201813,12766.304282738492,0.11390650967740218,0.506101392350522,0
167791.39451857962,1038346.4620570212,36584.70965961651,122,1,0,118498.07068391267,49293.32383466695,0.2937774250944001,0.21803686514784562,0.5156931443734065,12708.614175050461,0.07574055994655453,0.6580773106288398,1
188661.60585560318,791968.5009512106,9433.08029278016,227,1,0,126109.70702963755,62551.89882596563,0.33155606061066434,0.05,0.3498187921170367,53118.81853318548,0.28155606061066435,0.7750543623648889,0
276010.1151206088,2088747.6919774157,59014.65884198924,171,1,1,193160.50814212064,82849.60697848818,0.30016873454904064,0.21381339164400356,0.6306374227941762,23834.948136498948,0.08635534290503713,0.5252834165041458,1
90491.99028395451,717916.7384387989,22203.132765466395,57,0,2,53353.22538522593,37138.76489872858,0.4104094161504347,0.2453601992374713,0.6611236495315317,14935.632133262188,0.16504921691296345,0.303518825445552,1
40194.66137537151,307086.44010239484,9830.180194108152,17,1,0,27323.533646731878,12871.127728639629,0.32021983239112844,0.24456432416000903,0.6366650644525562,3040.9475345314786,0.07565550823111947,0.6111747510002296,1
73459.06734201881,593495.0362699233,29842.359117506352,80,1,0,43777.424923275044,29681.642418743766,0.4040568917183322,0.4062447318935185,0.6732718162468447,-160.71669876258238,-0.002187840175186269,0.5355205623685392,1
331311.231509885,2583098.726281968,133292.5497453445,222,1,0,215081.3863693084,116229.8451405766,0.35081770277114427,0.40231823454306165,0.6497160576451558,-17062.704604767903,-0.05150053177191737,0.5441578888892287,1
103520.31193974345,506889.3575046818,28389.080212216773,35,1,0,66180.07775041036,37340.23418933309,0.36070442109049955,0.2742368109240372,0.4080433974797536,8951.153977116308,0.08646761016646229,0.6678922563864591,0
90646.68488825203,257963.46863052432,15043.429173964518,68,1,0,59423.75619022161,31222.928698030417,0.34444644872034325,0.16595674946645703,0.23715104138349363,16179.499524065905,0.1784896992538863,0.7624719877983692,0
608315.7683268304,3889324.08417888,213090.330908198,6,0,0,422318.44174928294,185997.3265775474,0.305757858437785,0.350295589894541,0.5327995051644049,-27093.004330650612,-0.044537731456756074,0.40004191249286214,1
195001.1586426797,1478180.463867786,23959.526975097444,121,1,1,126373.99442593564,68627.16421674404,0.35193208437543966,0.12286863904742691,0.6316972995428903,44667.63724164659,0.2290634453280127,0.5613433545181622,0
121697.10787693493,351592.82244959736,46917.725970092186,240,0,0,73027.36108728233,48669.74678965259,0.39992525408959945,0.3855286850163876,0.24075676391939016,1752.0208195604064,0.01439656907321184,0.47356149681762794,0
107851.09722601027,285626.19691371435,7967.4173888426285,184,1,0,65079.288740238255,42771.80848577202,0.3965820430750037,0.07387423581001028,0.22069486253128753,34804.39109692939,0.3227078072649934,0.8042418469166097,0
152352.07337261774,924238.5744853363,61034.81135210915,121,1,0,100573.62565570736,51778.44771691038,0.3398604729866218,0.40061687380408795,0.5055387793688809,-9256.36363519878,-0.06075640081746619,0.5880916166677006,1
182331.43825397326,1347617.9078952277,59901.51082244045,39,1,1,117880.13233066782,64451.30592330544,0.35348432799356233,0.32853089624073706,0.6159195221625753,4549.795100864998,0.02495343175282528,0.4838117848549327,1
362226.01277196815,2699962.286118037,55731.214281547946,89,1,0,268061.2903273244,94164.72244464373,0.2599612372508519,0.1538575704573497,0.621150467506996,38433.5081630958,0.10610366679350226,0.6521118315649613,0
201034.8815668832,1357108.417846087,61153.77601621891,129,1,0,137929.6185258786,63105.2630410046,0.31390205793719345,0.30419485185645945,0.562550972609275,1951.4870247856888,0.009707206080734002,0.6095567674746337,0
158877.86359883467,749608.9665265302,27877.524164311293,88,1,1,95607.12750413897,63270.73609469569,0.3982350634727428,0.17546512479990176,0.39317883852555174,35393.211930384394,0.22276993867284098,0.6118602985223739,0
453589.31159887265,4527839.369805459,126745.66673519422,159,0,0,319878.3637231997,133710.94787567295,0.29478416809327057,0.279428248184297,0.8318537007712111,6965.281140478735,0.015355919908973548,0.3386725904949179,1
77305.71152421694,176408.17263762065,11099.346429640753,240,1,2,42139.597570408136,35166.1139538088,0.4548967115164912,0.14357731415697209,0.19016293574285115,24066.767524168055,0.3113193973595192,0.6855201936143559,1
237383.18913306695,1276402.2351709667,49302.75585731936,54,1,0,157362.03421973434,80021.1549133326,0.33709697475028927,0.2076927015656628,0.4480808153238229,30718.399056013237,0.1294042731846264,0.682498674776588,0
107803.33492775737,376748.3916629272,20604.62129365792,83,1,1,63289.46966077236,44513.86526698501,0.41291733040369527,0.1911315759152142,0.29123124369281567,23909.243973327088,0.22178575448848104,0.6361779965260695,0
46167.02042839066,266929.88543830725,20686.113542441806,23,1,2,31856.260516701397,14310.75991168926,0.30997798382693076,0.4480712281297835,0.48181920586280186,-6375.353630752546,-0.1380932443028528,0.476225746989246,1
53706.836098637315,346220.71051036275,2689.2289702183893,194,1,0,34002.19564894992,19704.640449687395,0.366892594706158,0.050072377476852004,0.5372076996469283,17015.411479469003,0.3168202172293059,0.7188087391151807,1
81888.61978505267,317858.00189412176,6414.795703508256,132,1,0,54789.39262663387,27099.2271584188,0.33092787776312343,0.07833561879961207,0.32346578674836934,20684.431454910547,0.2525922589635114,0.7716260164556443,0
147541.5082245718,734856.6999868916,9431.07730945876,90,1,0,94887.12782744078,52654.38039713101,0.3568784203899162,0.063921518919976,0.4150564750838184,43223.30308767226,0.2929569014699403,0.7499144499068642,0
125900.07740295005,776738.5837167298,33538.53801895022,75,1,1,67364.91874391749,58535.15865903256,0.46493346045918305,0.26639013025868363,0.5141237133839188,24996.620640082343,0.19854333020049938,0.5392068338813509,0
129321.82560876227,735690.2095885628,23407.649351363827,40,1,2,76637.60387990573,52684.221728856544,0.4073884781695109,0.1810030846779032,0.47406937829030804,29276.572377492717,0.22638539349160772,0.5853779526417463,1
431693.7662105727,2738066.469288883,65464.94537730231,117,1,1,281612.4205569284,150081.3456536443,0.34765696750978153,0.15164672390791406,0.5285510786430379,84616.400276342,0.19601024360186753,0.5807759868439232,0
74439.79421813131,253398.39205912728,11600.495052159185,184,1,2,48716.083211058634,25723.711007072678,0.3455639725668015,0.15583727996568872,0.2836726363014392,14123.215954913496,0.18972669260111283,0.6525632971232928,1
215990.84908164106,1661645.033047215,72582.47235212456,49,1,0,141517.8968042076,74472.95227743348,0.3447967939108564,0.336044201227662,0.6410939167532124,1890.4799253089004,0.00875259268319432,0.5732541444829715,0
135358.96095750818,813091.3617256209,12180.97790884208,24,1,0,84499.11662045258,50859.844337055605,0.3757405049306008,0.08999018478478071,0.5005772281186874,38678.86642821353,0.28575032014582014,0.7138307576504814,0
112630.00593437238,339409.8298713852,26550.2110533852,117,1,0,72355.63823759998,40274.3676967724,0.35758115577335225,0.23572946510235968,0.2511244872504295,13724.156643387207,0.12185169067099262,0.7303708677839273,0
121876.57888030003,692828.7662401879,23977.127293598816,182,1,1,75468.20724863003,46408.37163167,0.38078170603434447,0.19673285477719007,0.473722933892986,22431.244338071177,0.18404885125715434,0.5791899779212283,0
73132.29446728056,626845.3890478376,7171.789964591493,87,0,1,48407.649444961826,24724.645022318735,0.33808107898734885,0.09806597778496007,0.7142824676088535,17552.855057727247,0.24001510120238886,0.3464888686033599,1
329375.2998498794,2764602.460935683,96694.79018831691,64,1,0,180879.4224977406,148495.8773521388,0.45084096293747383,0.2935702532411746,0.6994560263514286,51801.08716382191,0.15727070969629928,0.5727350907981016,0
93058.76646435473,682005.4520239499,26948.044322088947,60,1,0,62787.03056942599,30271.735894928745,0.3252969821658236,0.2895809319846415,0.6107300776486451,3323.6915728398017,0.035716050181182124,0.6009486039115499,0
774109.1026720931,4256736.065560016,269068.8140352868,169,1,0,492157.7519272425,281951.3507448506,0.3642268896872578,0.34758513122569795,0.45824032328114195,12882.536709563807,0.01664175846155985,0.6234938505253782,0
119092.97349402418,819656.8783028228,15734.902993160325,226,1,1,74266.64052470037,44826.332969323805,0.3763977979068017,0.13212284932956073,0.5735413085642366,29091.429976163476,0.24427494857724094,0.5750884676989048,0
178199.74354059718,757589.3262036513,29266.28098220176,204,1,2,120552.77686801134,57646.96667258584,0.32349635037186686,0.16423301403648968,0.3542790948850133,28380.685690384067,0.15926333633537706,0.6280230659199001,0
158474.43493494953,760313.276678387,26944.46569631843,127,0,0,96735.77854170946,61738.656393240075,0.3895811738882837,0.17002405282201244,0.39980858584040163,34794.19069692165,0.21955712106627132,0.5120478031190745,0
215547.98328552328,2131190.8518033326,73636.9059575266,164,1,0,133919.9085315719,81628.07475395137,0.37870024812908426,0.3416265132018622,0.8239429334628606,7991.168796424754,0.037073734927221935,0.5161665146803969,1
96574.38828054676,239060.22553753504,25515.105847405393,117,1,0,63045.76221727132,33528.626063275435,0.34717927454922537,0.264201578717584,0.20628332020689727,8013.520215870049,0.08297769583164145,0.7324343724508973,0
126155.0636478256,962698.8496840729,14257.698174498644,29,1,0,75753.36767961692,50401.69596820869,0.3995217830408301,0.11301724847367542,0.6359229809775627,36143.99779371005,0.2865045345671547,0.664016206317261,0
267576.07316095906,1838403.6404896707,83146.09764408895,80,1,2,183288.2973240771,84287.77583688195,0.31500490623531596,0.31073816377472896,0.5725485898807638,1141.6781927929842,0.00426674246058695,0.5039401575258793,1
109959.8684069033,802961.6720164227,23841.667097270318,171,0,0,69332.68002889791,40627.18837800539,0.36947287193601996,0.21682153173414978,0.6085263072562425,16785.521280735076,0.1526513402018702,0.4307134951294674,1
203307.00635723094,1529830.6538479624,71313.22201255559,146,1,0,145980.08015610283,57326.92620112811,0.2819722115252581,0.35076618012490457,0.6270609660970461,-13986.295811427466,-0.06879396859964644,0.5715752381209244,1
119964.43069747675,957676.5873511614,35453.34475369461,238,1,0,72245.32085704847,47719.10984042828,0.3977771541363383,0.2955321385477997,0.6652503730919804,12265.765086733678,0.10224501558853867,0.582212032653286,0
513924.69956649415,2729403.8250562157,118526.00980244695,240,1,0,351048.47530206345,162876.2242644307,0.3169262430893477,0.23062913672455523,0.44257518454852157,44350.21446198376,0.08629710636479247,0.6749757899456215,0
116529.79931992976,520513.2259261222,10666.367063299995,81,1,2,75405.53807074323,41124.26124918653,0.35290768103256454,0.0915333856708681,0.37223184467538767,30457.89418588653,0.2613742953616964,0.6517170923290366,0
572657.9857893536,4474132.500280447,141535.32912124047,6,1,0,382704.16499330435,189953.82079604926,0.33170553019393645,0.2471550779583519,0.6510768805737349,48418.491674808785,0.08455045223558452,0.6058149046445388,0
111933.86830157758,830205.2234955864,18449.68179515231,88,1,0,59312.26074384602,52621.60755773156,0.4701133656522609,0.16482662553432262,0.6180771706936277,34171.925762579245,0.3052867401179383,0.6486461985781827,0
185283.77000475393,977731.9617501418,51560.200549802255,211,1,0,113857.57991859062,71426.1900861633,0.3854962044669681,0.27827694000656045,0.43974528085804804,19865.989536361056,0.10721926446040764,0.6567656397399615,0
72975.69013166812,300466.6411914304,21974.043953547513,215,1,2,40132.88133754491,32842.80879412321,0.45005136278760494,0.30111457546890374,0.3431127094622268,10868.764840575692,0.14893678731870114,0.5766203569737706,1
130152.70632081981,975280.3700533974,52266.73999648338,29,0,2,87970.86338957107,42181.84293124874,0.3240950121104101,0.40158012440900404,0.6244462099065519,-10084.897065234647,-0.07748511229859399,0.2520340872644329,1
180821.80732360476,1061661.0905954458,25297.502241565413,43,1,0,121966.57700136803,58855.23032223673,0.32548745747744595,0.1399029387881969,0.4892759278270484,33557.728080671324,0.18558451868924908,0.6972560461366066,0
359691.4701020401,2226532.1321894606,120136.40433932563,138,1,0,260464.13761252357,99227.33248951653,0.2758679055173784,0.33399848015646405,0.5158430482004064,-20909.071849809086,-0.05813057463908565,0.6116476934772925,1
252112.15377764258,2175879.6063725725,75658.0920024004,149,1,0,174738.7663948232,77373.38738281938,0.3069006639444325,0.3000969642626955,0.7192168160642145,1715.2953804189747,0.006803699681736993,0.5641961694756574,1
203987.44712933322,1251163.9627712814,74461.94087162375,240,1,0,116948.93661430168,87038.51051503154,0.4266856208061024,0.36503197583728275,0.5111278415978588,12576.569643407784,0.06165364496881967,0.6006488571857294,0
224215.86618228155,1842794.7079386727,46092.117799708794,183,1,0,150922.14276916583,73293.72341311572,0.32688910317136016,0.2055702773604662,0.6849034739437698,27201.605613406922,0.12131882581089395,0.6123008468726826,0
223778.61338170682,1058933.50009098,11188.930669085341,73,1,1,141324.3853791491,82454.2280025577,0.36846339673180795,0.05,0.39433821225084376,71265.29733347235,0.3184633967318079,0.6616985363247468,0
117896.68362559042,652383.8531929492,18507.475556134432,32,1,2,75444.14929864721,42452.534326943205,0.360082514803907,0.15698045939026936,0.46112680550084617,23945.05877080877,0.20310205541363763,0.5988697745936385,1
299025.6486248074,1563866.257395537,66416.06774522303,172,1,0,187852.284987845,111173.36363696243,0.3717853774358117,0.22210826412605295,0.43582277545633624,44757.2958917394,0.14967711330975872,0.6804098617126779,0
100262.74235655778,771922.4030457567,19183.509311930557,154,1,0,57115.30952921902,43147.43282733876,0.43034363327003755,0.19133238191021654,0.6415829590189976,23963.923515408205,0.23901125135982101,0.6309921595302141,0
90106.2224675593,240428.0692259613,21822.934543873795,240,1,0,53656.82029925771,36449.40216830159,0.40451592764777555,0.24219120440578504,0.22235614685445462,14626.467624427794,0.16232472324199054,0.7364166741813496,0
88873.88089748433,324123.1660476453,9714.72321197375,141,1,0,61348.27297703656,27525.607920447765,0.30971538142008725,0.10930909187120617,0.3039167814496591,17810.88470847402,0.20040628954888112,0.7651013288166197,0
522046.70486252854,1699866.951176519,88218.7981840924,123,1,0,342887.1024546688,179159.60240785975,0.3431869231988317,0.168986409381366,0.27134656333481183,90940.80422376737,0.17420051381746574,0.75100146724701,0
245174.0845301323,1843692.3127297054,49893.16633414647,77,1,0,161684.26322249413,83489.82130763817,0.3405328155610065,0.20350097943575482,0.6266609554401174,33596.654973491706,0.13703183612525174,0.6306013215936629,0
106195.19280921189,831935.189693997,12917.21514060869,44,1,2,70649.02963995775,35546.16316925414,0.33472478583014253,0.12163653362177604,0.6528349413993993,22628.94802864545,0.21308825220836647,0.5554949041314698,1
193809.0402779579,1036672.2353369076,18987.343300824145,229,0,0,116277.01875993934,77532.02151801855,0.40004336952921976,0.0979693376201275,0.4457447022122603,58544.67821719441,0.3020740319090923,0.5270888542882709,0
156580.10802189406,437192.8942632782,13368.339600953634,218,1,1,98167.75352759515,58412.35449429891,0.37305092729998185,0.08537699820135763,0.23267796688141418,45044.01489334529,0.2876739290986243,0.6960458106550326,0
434983.65545045363,3953302.7256743438,138083.92855995154,44,1,0,283493.79151163204,151489.8639388216,0.34826564639984936,0.31744624615137945,0.7573661439417464,13405.935378870054,0.030819400248469894,0.5458116583569244,1
84148.94342615906,570516.810108355,27441.456047733056,159,1,0,61307.39609241686,22841.547333742208,0.27144187916970974,0.32610577067807167,0.5649870999360647,-4599.908713990844,-0.05466389150836192,0.6000615617479519,1
109006.53993778229,576646.5964217386,5924.38512180158,109,1,0,64207.855503509076,44798.684434273215,0.41097244678936673,0.054348896178000365,0.44083486240892167,38874.29931247164,0.3566235506113664,0.7460099828061233,0
129151.2281583588,1091063.0313000092,29989.141151179305,108,1,2,88380.78038300361,40770.44777535519,0.3156799076301814,0.23220174967603183,0.7039957774425253,10781.306624175893,0.08347815795414963,0.49592056689682973,1
56954.07856843117,271578.22223097144,7178.94363886202,223,1,0,34751.015323393,22203.063245038167,0.3898414969238921,0.12604792877539775,0.3973643167987612,15024.119606176144,0.26379356814849425,0.7303715334502126,0
180398.63820263432,870356.2629743746,35339.267240130685,221,1,0,126359.9014328792,54038.73676975512,0.299551799881414,0.19589542134146018,0.4020523065131361,18699.46952962443,0.10365637853995378,0.7010261395094752,0
108798.11727480285,397246.5208673531,39965.95404638933,68,1,1,64422.24872183151,44375.86855297134,0.4078734969364088,0.3673404930844815,0.30426883817605177,4409.914506582019,0.04053300385192728,0.5617831513133918,0
159701.20153809874,1132197.4200466757,14218.782081768548,96,1,1,102053.87774802156,57647.32379007718,0.3609698814715848,0.08903365751056343,0.5907894498926566,43428.54170830862,0.2719362239610213,0.5871497020279777,0
529604.5988332743,3134619.9200348174,97800.43254909881,199,1,0,321175.3256888501,208429.27314442425,0.39355638830100154,0.18466688688986918,0.4932327386224278,110628.84059532546,0.20888950141113238,0.678163423657324,0
176484.60205476242,1386325.3836505131,43418.334611896316,209,0,0,130848.40897191623,45636.19308284619,0.25858455951123416,0.24601769279805946,0.6546016703959355,2217.8584709498828,0.012566866713174732,0.40521242176199557,1
102740.52012965786,655354.9761824422,12355.941443003707,42,0,0,57968.31933824417,44772.20079141369,0.4357793861167091,0.12026356716328271,0.5315615943247031,32416.259348409993,0.31551581895342645,0.49242609483727606,0
172703.59577702548,1207138.844944539,21720.879937273305,201,1,1,122237.39164193496,50466.20413509052,0.2922128164618329,0.1257697029384191,0.5824713914773062,28745.324197817215,0.1664431135234138,0.5749507013814407,0
266631.72455874964,2335919.0476820515,65297.20768352763,120,1,0,170776.14330223374,95855.5812565159,0.35950553676666885,0.24489661832847667,0.7300703656412784,30558.37357298826,0.11460891843819218,0.5830202429762259,1
154606.41745122027,1123312.5734904162,37768.245790697416,132,1,0,107189.34543534023,47417.07201588004,0.30669536748589726,0.24428640423424622,0.6054689233953432,9648.826225182624,0.062408963251651024,0.6206447612876986,0
118719.5421017284,741019.1820166882,25758.486799130915,23,1,0,75380.63733096146,43338.90477076694,0.3650528295807501,0.21696922295285626,0.5201468722687371,17580.417971636023,0.1480836066278938,0.6571682491382365,0
180183.65633727712,1417325.345355511,20717.833575085377,183,1,0,100431.21164862164,79752.44468865548,0.4426175287472839,0.11498175803639293,0.6555003258742143,59034.61111357009,0.3276357707108909,0.6573571990231786,0
196677.313446872,848588.1143299125,83156.04677344953,165,1,2,124834.7481125491,71842.56533432289,0.36528140472962867,0.4228044674604135,0.359551770129612,-11313.48143912664,-0.057523062730784794,0.523012681976951,1
55437.04103518283,171994.17223302525,11355.936276441043,179,0,1,35031.71255962284,20405.32847555999,0.3680811258055756,0.20484383842265422,0.25854279771153676,9049.392199118942,0.16323728738292131,0.44049962531747733,1
102770.85543124049,850412.3715204749,33588.348220422486,179,1,0,62697.79994386828,40073.05548737221,0.3899262618688948,0.3268275629260962,0.6895699887807273,6484.707266949721,0.0630986989427986,0.5623979781953434,0
213303.14060857243,1303171.1351204806,49433.970652974465,240,1,2,143152.07835591238,70151.06225266005,0.32887965011913545,0.2317545372840505,0.509123280058301,20717.091599685577,0.09712511283508489,0.5545612010688895,1
198980.90444496277,601416.4985583551,47270.17173492904,205,1,0,141360.60005723144,57620.30438773133,0.2895770553885931,0.23756134723974862,0.2518736241868476,10350.132652802276,0.05201570814884439,0.7294133738480464,0
90252.40700056453,430385.0621771425,34359.73337809277,199,1,0,61816.493537221155,28435.91346334338,0.31507097049683686,0.3807071137490865,0.3973901975586187,-5923.819914749394,-0.06563614325224966,0.6285000952327797,1
113011.43985788718,575689.6892679548,22330.53076552829,240,1,0,63666.40172250534,49345.03813538184,0.43663754923779075,0.19759531241800932,0.42450694224104607,27014.507369853556,0.23904223681978146,0.6936097923604825,0
221506.3945026404,1800459.9958249237,53987.905081591896,152,1,1,148031.92455325837,73474.46994938204,0.3317036066356369,0.24373068417647126,0.6773544092137793,19486.564867790148,0.08797292245916569,0.49930140356527775,1
235123.6159494021,1703460.5924336484,46498.54264146655,163,1,0,155333.3711930036,79790.24475639849,0.3393544473795823,0.19776211102279448,0.6037464539504999,33291.70211493195,0.14159233635678783,0.6397712194057323,0
71959.58420834734,252211.13611181808,20836.84647385914,151,1,0,46194.204376052934,25765.379832294406,0.3580534839903315,0.28956318610081766,0.2920749877477306,4928.533358435263,0.0684902978895138,0.6965522292353536,0
130432.55262616035,1154689.704156575,29188.20626503394,174,0,1,89869.88494557311,40562.66768058724,0.3109857689962264,0.22378007389529364,0.7377310347428454,11374.461415553305,0.08720569510093275,0.28916866001902897,1
260206.95340573599,2251645.860156432,44088.09871545368,10,1,0,160072.13628991484,100134.81711582115,0.38482759897535385,0.16943474468458153,0.7211073822476095,56046.71840036748,0.21539285429077235,0.6158938874518847,1
116083.24701818505,507750.37343079236,13364.174380769997,142,1,2,71371.52729700416,44711.719721180896,0.38516944408159576,0.11512578019700317,0.364501615918826,31347.5453404109,0.2700436638845926,0.6445992031455509,0
216626.4219962518,2034573.9346123144,73333.54830784303,105,1,0,132723.88015312728,83902.54184312452,0.3873144423932564,0.33852540992950475,0.7826738138494166,10568.99353528148,0.04878903246375158,0.5297876918733732,1
88013.57133804409,580899.5735796088,25920.380500823878,220,1,0,48542.06985057563,39471.50148746846,0.4484706266021818,0.29450436002952796,0.5500094708391423,13551.120986644579,0.1539662665726538,0.6171954147364461,0
194573.32010664506,1425119.814209267,56873.905547727336,23,1,0,134981.17516176513,59592.144944879925,0.3062708952708298,0.292300637705904,0.6103610939688285,2718.239397152589,0.013970257564925807,0.5999714167269898,0
182554.08702620183,1049684.4695338614,13054.918879289648,175,1,0,111379.6798968219,71174.40712937994,0.3898812033672209,0.07151260808209617,0.47916596784783805,58119.48825009029,0.31836859528512473,0.7276451664128101,0
145072.81211981046,861138.033155586,9786.942901201737,67,1,0,101149.23641090897,43923.575708901495,0.3027691754718767,0.06746228158256869,0.49465852156846757,34136.632807699745,0.23530689388930792,0.7246175308964322,0
239485.77000792685,1890724.3115283845,54265.50153655836,201,1,0,173615.0899243331,65870.68008359376,0.2750504970771895,0.22659175755938318,0.657911153922911,11605.178547035408,0.048458739517806354,0.6119899507993735,0
207016.1661226814,1628647.870044877,71309.265779269,194,1,2,138706.56901826133,68309.59710442007,0.3299722837294678,0.3444623051178036,0.655604141353109,-2999.6686748489155,-0.014490021388335727,0.46553383554694594,1
130926.61904610219,1164788.054965664,43842.997377618805,49,0,1,90393.14885178536,40533.47019431683,0.3095892224945035,0.33486694834898856,0.7413746108647292,-3309.527183301965,-0.025277725854484998,0.24364083740098583,1
210104.61927875504,1784615.1011644625,38111.85067505337,198,1,1,140256.32657658076,69848.29270217428,0.3324452976900212,0.1813946347580712,0.7078279649802841,31736.44202712091,0.15105066293195,0.5150937566026864,1
305545.17727265315,1853802.178804824,77275.04766246714,122,1,0,185957.8465519928,119587.33072066033,0.3913900123972391,0.25290874610503433,0.5055995852375987,42312.28305819319,0.13848126629220475,0.6471566259867068,0
153351.161961511,787466.9556157198,49307.2949963187,234,1,0,104317.74752865058,49033.41443286043,0.3197459595719733,0.321531929498481,0.42792141554023727,-273.8805634582677,-0.0017859699265076836,0.6430108035385365,1
104307.44356594124,366883.002158824,43599.865185444825,177,0,0,66836.41169546056,37471.031870480685,0.3592364129487287,0.41799380461166985,0.293110275432139,-6128.83331496414,-0.05875739166294115,0.4448693955256904,1
127245.867140393,934453.9470637185,25430.96035504652,14,1,0,84724.5628851075,42521.304255285504,0.334166485803196,0.19985686707598932,0.6119739996694196,17090.34390023898,0.13430961872720665,0.6364650532687784,0
130134.40929474181,989553.2167522705,10214.871958698634,71,1,1,77669.31014938309,52465.09914535872,0.40316085061354034,0.07849478100417653,0.6336738185510877,42250.22718666008,0.3246660696093638,0.5784999420330031,0
104617.34939660298,795345.347439966,13691.284882325142,118,1,0,58190.30957693758,46427.0398196654,0.44377954600685887,0.1308701182097595,0.6335352533361224,32735.754937340258,0.3129094277970994,0.6575913767152595,0
207451.24797535554,1865143.2020731277,45283.12971395793,55,1,0,138636.9966704282,68814.25130492734,0.33171288182899833,0.2182832359694332,0.7492295259232424,23531.121590969415,0.11342964585956516,0.587917847835254,0
147072.45405847754,828955.5678039679,52031.01273559347,55,1,0,92729.76395126426,54342.690107213275,0.3694960450282964,0.35377809576023933,0.46969795324734215,2311.6773716198077,0.015717949268057096,0.6175793757217016,0
169026.97702851298,406514.1964992307,13990.103282782198,240,1,0,105864.6996951098,63162.27733340318,0.37368163617307315,0.0827684641157738,0.20041879489975153,49172.17405062099,0.2909131720572994,0.806766975883765,0
331631.5147351321,1634928.451446928,118175.80827973784,210,1,0,228480.40210138215,103151.11263374996,0.31104134574223086,0.3563467373543273,0.4108295851478196,-15024.695645987871,-0.04530539161209638,0.6342124295139232,1
176032.92233727413,819982.1174754133,25756.28145033037,126,1,0,114898.03325940625,61134.889077867876,0.3472923602366559,0.14631513871582533,0.38817649684886335,35378.60762753751,0.20097722152083058,0.7250209954590108,1
84540.76775374931,643285.9670610761,16458.46213763458,74,1,0,47349.42916684139,37191.33858690792,0.4399219403263405,0.19468077443506135,0.6340983805340342,20732.876449273346,0.24524116589127923,0.6318981760657651,0
125468.32849590023,805154.0562363288,36474.58652497079,36,0,0,80568.32100476147,44900.007491138764,0.35785929428880453,0.2907075192777644,0.5347658023133688,8425.420966167963,0.0671517750110401,0.42328725159488356,1
209613.71943255473,2096137.1943255472,104806.85971627737,209,1,0,134103.01997192146,75510.69946063327,0.36023739125973375,0.5,0.8333333333333333,-29296.160255644092,-0.13976260874026625,0.45000000000000007,1
101575.06535267466,528251.0041190118,17321.54769032558,101,0,1,56756.87375975246,44818.1915929222,0.44123222010550306,0.17052952543209435,0.4333831029994853,27496.643902596625,0.2707026946734087,0.40177325892731675,1
78232.14032977175,513617.7208096388,4676.299536069932,26,1,0,47559.30486435376,30672.835465417986,0.3920746043265959,0.05977465931978773,0.5471085995310316,25996.535929348058,0.33229994500680826,0.7119575564127754,1
101941.7772700968,763366.8363144336,19442.409692717494,117,1,0,67245.95932321489,34695.817946881914,0.3403493530915656,0.19072072523519415,0.6240219145645899,15253.408254164417,0.1496286278563714,0.6365051355365454,0
128379.18329072428,389202.170735781,27285.07778491943,112,1,0,75272.97775011601,53106.205540608265,0.41366679690075053,0.21253506281567727,0.25263842156195704,25821.127755688838,0.2011317340850733,0.739194448405142,0
144850.05767211973,484678.5792791742,36776.93601701274,140,1,0,108637.5432540898,36212.514418029925,0.24999999999999994,0.2538965921591859,0.27883925112424696,-564.4215989828226,-0.0038965921591860068,0.7147895877990516,1
106937.51760475294,445371.4757399313,12526.717848832333,103,1,1,62343.19561591561,44594.32198883733,0.41701287805894693,0.11714053336390119,0.34706518793685454,32067.604140004987,0.29987234469504565,0.6490242302733832,0
293380.4251423743,2245299.970647397,77689.80511065316,222,1,0,193866.9117756837,99513.5133666906,0.33919615911115336,0.26480909581118495,0.6377669225766561,21823.70825603744,0.07438706329996841,0.6027462849025291,0
130054.70591810941,587901.4589786156,39667.933238737096,175,1,2,77189.11316538244,52865.59275272697,0.40648734991576896,0.30500959545219775,0.376701388099453,13197.65951398987,0.10147775446357123,0.564985745389285,1
308441.4912968727,1655562.1246137517,29746.158014107303,240,1,1,198846.95835389986,109594.53294297282,0.3553170894167701,0.09644019645034346,0.4472923205123867,79848.3749288655,0.2588768929664266,0.6272362252661466,0
244193.2198013823,2350942.938586024,57494.38302534313,80,1,0,160401.37327709538,83791.84652428693,0.34313748183688353,0.23544627108036384,0.8022823553749068,26297.463498943805,0.10769121075651972,0.5651367849553824,1
107987.95864944761,429809.86567338405,24692.79061592247,177,1,0,64654.61454662077,43333.34410282684,0.4012794078596883,0.22866244463496746,0.33168039524097953,18640.553486904377,0.17261696322472087,0.7090309035737192,0
120761.22108154926,296997.5683534577,29543.70893281502,109,0,0,72236.60010956199,48524.62097198727,0.4018228744078276,0.24464566247524402,0.20494822047281858,18980.912039172254,0.15717721193258363,0.5406572688680569,0
132915.2454489119,681178.1527946625,35835.55592977434,188,1,0,81374.79080943756,51540.45463947435,0.3877693222128138,0.2696120810576865,0.427075508716119,15704.89870970002,0.1181572411551273,0.6640325149620897,0
202324.2684389637,836635.8331789953,32675.411200931987,181,1,0,129047.06708467443,73277.20135428928,0.36217702364457194,0.16150020683647923,0.3445936234087953,40601.79015335729,0.20067681680809268,0.7320218302427697,1
796164.4365182251,5953483.137172504,274508.61646907014,69,1,0,574623.4268709896,221541.0096472355,0.27826036869478304,0.344788844964675,0.623142119904295,-52967.60682183463,-0.06652847626989195,0.5751418260428415,1
130079.53001299893,673889.652443786,44330.74412579886,214,1,0,88385.9733948793,41693.556618119634,0.3205235797973222,0.3407972347483794,0.43171643556346123,-2637.187507679235,-0.020273654951057242,0.6341661754316099,1
167115.00416885293,1242854.5896510652,26145.625248104843,225,1,0,107548.61016315233,59566.3940057006,0.3564395327753739,0.1564528893030294,0.6197601245882574,33420.76875759574,0.1999866434723444,0.6514908069023111,1
130476.08432765986,1026169.7122295051,36385.66158803677,234,1,0,87954.55839640771,42521.52593125215,0.3258951719034531,0.27886843612399326,0.6554008968497516,6135.864343215377,0.0470267357794598,0.5918323564954773,0
74194.93228035976,276917.8712688477,17697.505407516983,57,1,0,51761.24944351575,22433.68283684401,0.3023613897519853,0.23852714550157644,0.31102514097869977,4736.177429327028,0.06383424425040884,0.7112815995057595,0
161597.75573528733,494215.8695657076,13423.911695345552,192,1,2,96367.14199937315,65230.61373591417,0.4036603939151741,0.08306991414741682,0.2548590827251755,51806.702040568634,0.3205904797677574,0.6903143095234806,0
482109.5299117899,4142582.0506410487,215873.21756124514,18,1,0,323429.0280316161,158680.5018801738,0.32913786605547307,0.44776799496318354,0.7160513316339485,-57192.715681071335,-0.11863012890771046,0.506077402524542,1
106023.04955749497,366693.3047833614,13800.028005700873,30,1,0,63221.09247361633,42801.957083878646,0.40370426301186213,0.13016064019378437,0.2882182273208653,29001.929078177767,0.2735436228180777,0.7614702757262266,0
120163.08373005211,667383.905987929,20990.48570053256,240,0,2,82702.66158351385,37460.42214653826,0.3117465113552975,0.1746833141174036,0.4628320426923681,16469.936446005697,0.13706319723789395,0.39127706154532815,1
75378.72539031274,309324.27753956744,30677.410906950692,29,1,0,47254.20413559034,28124.5212547224,0.37310953600094715,0.40697704489035025,0.3419668214714865,-2552.8896522282957,-0.03386750888940315,0.634619135602414,1
74731.24414496079,412085.0371515589,10335.89589918427,227,1,0,52358.08834780868,22373.155797152103,0.2993815512257968,0.13830755820330112,0.45951890879827567,12037.259897967837,0.1610739930224957,0.7068213040791969,1
179557.58432350977,1406661.487702029,16388.850346373667,125,1,0,112331.53886605076,67226.04545745901,0.374398250626593,0.09127350653618616,0.6528367547573858,50837.195111085355,0.2831247440904069,0.6676395709583098,0
128899.94303510724,987366.9081169878,25293.415218960097,77,1,0,91101.54713121669,37798.395903890545,0.29323826693698196,0.19622518539105308,0.6383290305567139,12504.980684930444,0.09701308154592887,0.6300112166765646,0
93488.94869642792,376788.2777299968,32270.80013326601,23,0,1,61196.725943964055,32292.222752463866,0.34541219259317335,0.3451830465871848,0.33585812635591344,21.422619197859603,0.00022914600598860014,0.36116934345835205,1
182541.01787478244,623345.0453411242,28814.036897659444,164,1,0,113864.20121040555,68676.8166643769,0.3762267651618284,0.1578496561108528,0.2845684824696587,39862.779766717445,0.21837710905097557,0.7514895928147614,0
125341.06044428576,768319.4041236088,35375.85326840671,175,1,0,83337.2611918529,42003.79925243286,0.33511603542802,0.28223674782240504,0.5108191743659344,6627.945984026141,0.05287928760561484,0.6338595485612577,0
164076.91195041087,648424.8268289103,59342.80892282948,103,1,0,116172.17164092594,47904.74030948493,0.2919651506115816,0.3616767783925914,0.32932971247090326,-11438.068613344556,-0.06971162778100977,0.6565303749016924,1
347452.1149957268,1916981.1569489392,92135.43237470143,184,1,0,227227.98654006148,120224.12845566531,0.3460163955460277,0.26517447555567353,0.45977106729573264,28088.696080963884,0.08084191999035417,0.6559988895890108,0
91047.19892416977,316725.3048628279,18988.4577126905,81,1,0,65980.89998574073,25066.29893842904,0.2753110390502616,0.2085561987305657,0.2898911302830762,6077.841225738535,0.06675484031969584,0.7296101814228508,0
85473.46186329865,201079.27866273958,25663.136499935383,153,1,1,56567.40686225719,28906.055001041466,0.3381874838212608,0.30024683615809933,0.19604455219127376,3242.9185011060836,0.03794064766316148,0.6210878998793782,0
175789.0535984963,409860.84076603805,66228.27424165263,73,0,0,123952.32185287176,51836.73174562455,0.2948803164047978,0.37674856816123814,0.19429577305676254,-14391.54249602808,-0.08186825175644034,0.49101184081847604,1
400726.35636417614,3051436.8108660285,130560.95537164052,130,1,0,293297.8167784682,107428.53958570794,0.2680845366908633,0.3258107516466624,0.6345637038019266,-23132.415785932564,-0.05772621495579905,0.5793065882007571,1
193010.70150574888,602288.451150393,49709.33058564258,55,1,0,132664.0545341586,60346.646971590264,0.31265959089731005,0.257547017848448,0.2600410436881284,10637.316385947692,0.055112573048862044,0.7189688797541822,0
93645.95800248625,694340.9856598945,14037.314916232088,135,1,2,55367.767513656,38278.19048883025,0.40875432645810494,0.14989771278605965,0.6178776963705686,24240.87557259816,0.25885661367204527,0.5546776059744055,1
172164.078772464,1074862.6367653303,8608.2039386232,153,1,0,99073.82829001122,73090.25048245279,0.4245383299674872,0.05,0.520270471260681,64482.046543829594,0.37453832996748726,0.7239188586217957,0
89502.86621343148,501759.6006251065,4475.143310671574,154,1,0,59801.792512089494,29701.073701341986,0.33184494483691535,0.05,0.46717274899758887,25225.930390670415,0.2818449448369154,0.7398481753007233,1
405592.6758201335,2808550.374256235,153780.22044131526,110,1,0,257806.5400596565,147786.135760477,0.36437081971868523,0.3791494018731037,0.5770465752323996,-5994.084680838278,-0.014778582154418513,0.5752262666810386,1
78367.69049313928,369445.0100838045,13947.445659308341,175,1,1,45259.54642597039,33108.14406716889,0.42247186128404984,0.17797443782689212,0.3928542997747986,19160.698407860546,0.2444974234571577,0.6109539349368035,1
316234.5314434589,1876868.3540625714,124264.23570829435,126,0,0,209708.97032201564,106525.56112144329,0.33685619541675355,0.392949609712411,0.49458765764119433,-17738.674586851062,-0.05609341429565748,0.3944438588226773,1
146236.23101739393,1462362.3101739394,71272.12814322609,60,1,1,95595.33634324586,50640.894674148076,0.34629513029588843,0.487376675721003,0.8333333333333334,-20631.23346907801,-0.14108154542511459,0.35504932971159886,1
765445.1216591167,7382181.348388684,245240.86985639867,44,1,0,502272.6017687991,263172.5198903176,0.3438163134672361,0.32038987893062076,0.8036915536138923,17931.650033918908,0.0234264345366154,0.5307365823435841,1
150949.68931940108,848763.6584561716,13906.811102683345,176,1,2,88180.58926477982,62769.10005462126,0.41582795127060757,0.09212878254593365,0.46856873432635077,48862.288951937924,0.32369916872467397,0.6225778666837215,1
81954.02668372911,268638.9166302642,4489.2889070686215,240,1,2,52258.09939822114,29695.927285507976,0.36234860551890014,0.05477813706937612,0.2731601764028992,25206.638378439355,0.307570468449524,0.6961406922513799,0
125351.96257547672,908827.2586415757,34755.73098807018,182,1,0,91193.11668082487,34158.84589465185,0.2725034789470024,0.27726515224796033,0.6041836388576379,-596.8850934183283,-0.004761673300957956,0.6078388474435246,1
356586.57883687085,2043702.6142755998,94194.46072791262,144,0,0,242621.48763634922,113965.09120052162,0.31960005778192146,0.26415593384125696,0.477607855419441,19770.630472609017,0.055444123940664544,0.451055269837665,0
275494.2975486188,1316009.5224783805,55348.04786025871,222,1,0,185879.5036423713,89614.7939062475,0.3252872916196475,0.2009045136423957,0.39807524577592307,34266.74604598878,0.12438277797725174,0.7002156208102648,0
210271.81568263491,1280775.3621236538,51628.47040639274,205,1,0,139152.8411797327,71118.97450290222,0.3382239995979428,0.24553205211446902,0.5075871905631976,19490.50409650948,0.09269194748347381,0.6495110219852531,0
122635.29478841499,814538.7344068453,31791.99457832033,143,0,0,86494.96202045685,36140.33276795814,0.2946976466302931,0.2592401692609918,0.5534966747081148,4348.338189637812,0.03545747736930125,0.4302549298831688,1
351575.1903782208,2530562.8748109452,108554.68074238393,19,1,0,250572.09411293996,101003.09626528085,0.2872873258110813,0.3087666129842722,0.5998154742964544,-7551.5844771030825,-0.021479287173190944,0.5965487125173548,1
126764.1309804057,756094.3567022571,13018.074965680607,173,1,2,86458.47248548656,40305.65849491913,0.3179579127249276,0.10269525665499848,0.497048041675612,27287.58352923853,0.21526265606992923,0.6098074848353171,1
73752.35113211557,310591.4921753004,9123.717685646643,170,1,0,47061.57231717127,26690.7788149443,0.36189732808832126,0.12370748248151382,0.350939650745196,17567.06112929766,0.2381898456068075,0.7452351117838356,0
108392.37104310472,819128.7565114173,23763.635400258812,71,1,0,64544.372293823675,43847.99874928105,0.4045303034458383,0.21923715822037562,0.6297558495342751,20084.363349022242,0.1852931452254627,0.6233783818515672,0
131840.1625923517,437042.634370034,21522.48769450947,223,1,0,79057.43482291653,52782.727769435165,0.4003539341242984,0.16324682305692204,0.2762452564887004,31260.240074925692,0.23710711106737636,0.7518276938306212,0
191354.55943023224,1165752.3387192814,51273.5241178607,228,1,0,119818.67222877567,71535.88720145657,0.37383947063742956,0.26795036538732175,0.5076755344417396,20262.36308359586,0.10588910525010775,0.6405171935125494,0
222809.69961892907,1346429.2726586326,30869.000280806707,101,1,0,148226.90362823431,74582.79599069475,0.33473765333490213,0.13854423902371346,0.5035796896639553,43713.79570988804,0.19619341431118867,0.6935083974913281,0
162140.93090539693,1188970.8265206467,15184.555432238796,136,1,0,109295.83571672178,52845.09518867516,0.3259207585252379,0.0936503531060791,0.6110789031294253,37660.53975643637,0.23227040541915883,0.6792161878187408,0
187896.27869926393,851239.5034066223,26524.176724130542,51,1,0,113388.82500885008,74507.45369041385,0.39653501498912724,0.14116392782096354,0.37753076205102665,47983.2769662833,0.25537108716816365,0.7302752002563067,0
160259.43930593436,1082274.966190106,12530.939690917277,65,1,2,112012.64039006906,48246.79891586529,0.30105433492602224,0.07819158575112561,0.5627723453073536,35715.85922494803,0.22286274917489668,0.5998916621073437,1
116613.99540483321,916107.0393503009,31378.376715952763,68,1,0,74118.8325366262,42495.162868207015,0.36440877204045913,0.26907899525284806,0.6546577279525031,11116.786152254252,0.09532977678761105,0.5959710835131098,0
199784.947523813,1031617.053209069,99892.4737619065,79,0,2,134396.0657411722,65388.88178264079,0.327296338353253,0.5,0.43030312760262185,-34503.59197926571,-0.17270366164674703,0.2709090617192135,1
88153.09747484741,383027.58306256594,18996.219303729362,88,1,0,57131.41840276752,31021.67907207989,0.35190685251793064,0.21549122887201466,0.36208557804019553,12025.459768350527,0.13641562364591595,0.7051778350391356,0
75017.58321675462,480717.6315927681,17871.154715810833,59,1,0,46570.99018234263,28446.593034411984,0.379199006614474,0.23822621243574593,0.5340055079751438,10575.438318601155,0.14097279417872807,0.6445078626331585,1
270168.30272657395,1650607.9294394683,79419.09019015013,99,1,0,171811.7785678667,98356.52415870724,0.36405649058783096,0.2939615394872095,0.5091295292543316,18937.433968557103,0.07009495110062149,0.6296765254288168,0
246475.59219123266,2464755.9219123265,58203.86292764704,140,1,0,172163.5211348729,74312.07105635977,0.3014987017404278,0.23614453021574847,0.8333333333333333,16108.208128712722,0.06535417152467929,0.5555421879137007,1
229538.54403695322,1092754.898626404,35393.371765390686,82,1,1,146703.39468861392,82835.1493483393,0.36087686142595615,0.15419358833125968,0.39672164254996267,47441.77758294862,0.2066832730946965,0.6193060719025073,0
308226.23919538665,2473621.1856416757,83701.30810255112,119,0,0,226986.6292347219,81239.60996066473,0.2635713629467036,0.27155802283754404,0.6687785548095487,-2461.698141886387,-0.007986659890840443,0.3907432244221178,1
132217.66530834587,391811.1387167784,39286.281264385834,87,1,0,83021.6759019924,49195.98940635346,0.37208333161550766,0.2971333760338756,0.24694830414871352,9909.708141967625,0.07494995558163212,0.7070621583418357,0
148972.10206850403,940104.2094671574,23153.66294486453,189,1,1,97591.27511881238,51380.82694969165,0.34490234235980943,0.15542281154237483,0.5258838156124781,28227.164004827122,0.1894795308174346,0.5800657306993068,0
159318.1542232793,969616.3892168802,42068.80988535734,158,1,0,102906.53168727156,56411.62253600774,0.3540815722541491,0.26405534316195534,0.5071698587144866,14342.812650650405,0.0900262290921938,0.642226905120872,1
141054.0924494221,957362.4844620121,28198.252213863172,240,1,1,86489.40862246489,54564.68382695722,0.3868351699651857,0.19991091165238076,0.5656000875487386,26366.431613094042,0.1869242583128049,0.5503556090744263,0
113201.85127725182,586821.7430681393,13016.157202506289,18,1,0,76404.0929529041,36797.75832434771,0.3250632203374779,0.11498184045265625,0.4319877402232192,23781.60112184142,0.21008137988482165,0.7244109417519717,0
195800.77414402182,1687826.8175027661,35136.89608111482,206,1,2,124408.7950229802,71391.97912104163,0.3646154078457782,0.17945228375486286,0.7183436092466111,36255.0830399268,0.18516312409091534,0.5127160037240716,1
227341.56169528354,1792456.8663744375,45082.38752219495,85,1,0,155414.3453207958,71927.21637448773,0.31638392838567336,0.1983024449467844,0.6570351871313902,26844.82885229279,0.11808148343888902,0.6235684658818692,1
93481.7077717841,279439.83047539653,18307.453205115587,39,1,0,57666.71242140205,35814.99535038205,0.38312303234571643,0.19583995245154676,0.24910384175336028,17507.542145266467,0.1872830798941697,0.7469328664933732,0
122970.06092559856,841713.0409115632,17547.935126290755,186,1,0,76982.30326560329,45987.75765999527,0.37397523684906986,0.14270087364523554,0.5704051285437347,28439.822533704515,0.23127436320383432,0.6717981119787855,0
95132.98619091882,244525.15565100824,27018.79783300252,64,1,0,58888.36471738577,36244.62147353305,0.3809890020775242,0.28401082437146996,0.21419590743589884,9225.823640530529,0.09697817770605424,0.7221368980206424,0
98708.60996687513,312274.3526340319,13284.593695124247,65,1,2,62615.67354903357,36092.936417841556,0.36565134925872944,0.13458394054563552,0.26363315954135585,22808.34272271731,0.2310674087130939,0.6670764759193392,0
92738.16047429595,406502.6275816506,14407.795239270035,236,1,0,62106.598843134365,30631.56163116158,0.3303015875503771,0.1553599420732894,0.36527809902512226,16223.766391891542,0.17494164547708763,0.7282725934631475,0
195046.7342327265,848269.1591070672,41707.532560189145,75,0,0,129268.31172419598,65778.42250853052,0.3372444187147723,0.2138335344309042,0.36242132876683053,24070.889948341384,0.1234108842838681,0.5057401875975892,0
180766.30915259544,976759.8067518113,39702.528543787455,152,1,0,106292.55215689009,74473.75699570535,0.41198914413214954,0.21963455872892898,0.4502866211310386,34771.228451917894,0.1923545854032206,0.6770601901691169,0
147890.12296253687,661898.4662545421,46524.284664893254,71,1,2,84102.94065425867,63787.18230827821,0.4313146884355259,0.3145868279295343,0.37296747352887366,17262.897643384946,0.11672786050599157,0.5622750267695242,1
255106.00961677704,1192006.7873586887,77525.25790340254,53,1,0,168038.08784280875,87067.9217739683,0.34130094349702955,0.3038942830859289,0.38938282597018326,9542.663870565768,0.037406660411100696,0.6616274389745735,0
195373.35893578854,1669520.1638303038,37870.56331465633,6,1,1,124824.4589814397,70548.89995434883,0.3610978504880773,0.1938368850335571,0.7121067123840431,32678.336639692512,0.16726096545452027,0.5088332322713643,1
381577.6767422612,2404969.189864047,82171.79987134149,27,1,0,257556.6944043199,124020.98233794133,0.32502158773221945,0.2153475029589975,0.525224905362344,41849.18246659983,0.10967408477322192,0.6562935272076977,0
190790.5984621289,1571027.0569481486,79184.10029916231,105,1,2,120693.92006904267,70096.67839308623,0.36740111388140606,0.41503145824494075,0.6861916806573284,-9087.42190607608,-0.04763034436353474,0.4281299125048251,1
132849.67086178626,877800.603976104,15886.460289437144,125,1,0,85558.51165647793,47291.15920530833,0.35597498208715145,0.11958223295837181,0.5506227441650617,31404.69891587118,0.2363927491287796,0.6869802835671328,0
133400.48431841508,513135.87455372786,48936.7550402384,15,0,0,87869.80486568678,45530.679452728305,0.34130820203059103,0.3668409098383085,0.32054848299808153,-3406.075587510102,-0.02553270780771757,0.45709909116525216,1
138896.4142150641,665863.1014828862,21231.591657813373,106,1,0,96612.12189001948,42284.29232504463,0.3044304099857652,0.15285917766702636,0.3994962152465882,21052.700667231256,0.15157123231873879,0.719007464359213,0
165633.64533290843,363680.5926548907,14910.191750553968,88,1,0,105169.13888336552,60464.50644954291,0.3650496632372897,0.09001910041034145,0.182974395049149,45554.31469898895,0.2750305628269483,0.8091000413211187,0
204714.54745233138,727378.1424398607,60153.830175192554,128,1,2,131847.8340790275,72866.71337330388,0.3559430156778242,0.29384247931476204,0.29609446889667745,12712.883198111318,0.062100536363062155,0.593634667605092,1
661037.8012774356,4995738.7597110765,180538.39393907317,227,1,2,474037.0520960512,187000.7491813844,0.2828896453727927,0.2731135701924885,0.6297848058079989,6462.355242311198,0.009776075180304199,0.501819130180605,1
254809.77273376423,1653475.747577547,71169.2799448833,156,0,0,175619.27770842027,79190.49502534396,0.31078280152184534,0.27930357294123054,0.5407549488905615,8021.215080460679,0.031479228580614825,0.42605208615633927,1
133623.90406496305,267247.8081299261,36707.271926008296,239,1,2,87787.61430209351,45836.289762869535,0.3430246263466873,0.27470587828479076,0.16666666666666666,9129.01783686124,0.06831874806189651,0.6401176486860837,0
85355.56055116587,317016.7391273622,5508.567604465152,69,1,0,54255.236318408526,31100.32423275734,0.3643620173300185,0.06453671640013511,0.30950604065344645,25591.75662829219,0.2998253009298834,0.781333501243912,0
200636.38868274348,1389742.4556863618,53240.86606359403,56,0,0,141800.3818745724,58836.00680817108,0.29324693887510894,0.26535996990945254,0.577222666673514,5595.140744577046,0.027886968965656418,0.42068921203416476,1
114584.71026633508,893912.5220277745,12029.491203263215,200,0,0,74203.95483960291,40380.75542673217,0.35240963068172987,0.1049833889294868,0.6501103855465009,28351.264223468956,0.2474262417522431,0.462973528764255,0
120075.99768310432,992732.8713008583,15331.343020179384,78,1,0,76268.63472417388,43807.36295893043,0.3648303058413354,0.12768033009095398,0.6889614983120977,28476.01993875105,0.23714997575038146,0.6422394184699891,0
110388.67167556447,743973.4303284686,24549.122621581875,205,1,0,77954.54728361111,32434.12439195336,0.2938175077174422,0.22238806073989606,0.5616317772435836,7885.001770371484,0.07142944697754616,0.6425552425309665,0
619013.0846912786,3751817.5013079476,192307.7424835967,114,0,0,413622.21380571276,205390.87088556588,0.33180376306261894,0.31066829965235165,0.5050805325032154,13083.12840196921,0.021135463410267296,0.4242085203880947,1
186585.3594706831,1494115.1751358816,38465.94601823136,41,1,0,128176.49608077733,58408.86338990576,0.3130409778966777,0.2061573647972914,0.6673063646644447,19942.917371674397,0.10688361309938625,0.6173451446817501,0
78551.3075483384,227288.57293408524,22134.70716361274,204,1,1,49862.36351121442,28688.944037123983,0.36522554407473823,0.28178661634615854,0.24112538673551875,6554.236873511247,0.08343892772857972,0.614947737440881,1
92473.35660447713,582352.2125573597,7906.601108587496,153,1,1,53195.553786810895,39277.802817666234,0.4247472381224733,0.08550139628223137,0.5247927925230853,31371.20170907874,0.3392458418402419,0.6083616037301819,0
118232.0172742439,526676.8646958763,24158.110609595547,212,0,0,71765.14793812468,46466.86933611923,0.3930142647260891,0.20432799140659033,0.37121703356251073,22308.75872652368,0.18868627331949872,0.5069036933686107,0
213914.8925011651,1564040.6466037445,53797.50117132837,112,0,0,132831.02705487396,81083.86544629114,0.3790473140894083,0.25149020969185376,0.6092924107637908,27286.364274962776,0.12755710439755455,0.4166161928941213,1
214786.17145915088,1665835.2279932753,45291.42943385729,35,1,1,138728.4927642695,76057.67869488138,0.3541088245029146,0.21086752990739463,0.646315362808049,30766.249261024088,0.14324129459551993,0.5217583791946275,1
155922.36929936905,1058589.1991653938,29747.179908452086,184,1,0,99324.7352766817,56597.63402268734,0.36298597999123894,0.19078199005133037,0.5657672275858184,26850.454114235254,0.17220398993990854,0.6539570357037223,0
94367.60099999334,760282.1420081663,4718.380049999668,53,1,1,63823.980120313885,30543.62087967946,0.3236663913887311,0.05,0.6713834461824632,25825.240829679788,0.27366639138873106,0.578584966145261,0
192956.53239134303,1264870.6467009082,22447.091315678477,161,1,0,135655.43164809738,57301.10074324565,0.296963777453416,0.11633237308676657,0.5462675241867307,34854.00942756719,0.1806314043666495,0.6895867935092741,0
127623.92499164614,532548.4019602047,25253.812301342667,91,0,0,83496.91148076861,44127.01351087753,0.34575816026474615,0.19787678762423033,0.34773286826579447,18873.201209534862,0.14788137264051582,0.5165294244705696,0
119393.31719617615,860350.8545680412,23696.400228049934,192,1,0,72040.49603762146,47352.821158554696,0.39661199027370087,0.1984734220016199,0.6005018223049505,23656.42093050477,0.19813856827208098,0.640460084507867,0
85073.47634768562,438817.3052707719,24847.136006058834,228,1,1,56747.16311070518,28326.313236980437,0.33296292161864904,0.2920667765416264,0.4298414775377772,3479.177230921603,0.04089614507702261,0.5542208461220163,0
76757.94939404808,567916.7775259671,13995.422657831296,119,1,2,48474.1899377417,28283.759456306376,0.36847987315434383,0.18233189875857367,0.6165667334885016,14288.33679847508,0.18614797439577013,0.5420972204500202,1
277091.96797885594,887340.2858214434,82606.66627154742,213,1,0,158789.3979948524,118302.56998400355,0.4269433388737954,0.29812003167789725,0.266860942804723,35695.903712456115,0.12882330719589807,0.7006937044874242,0
156634.82918084896,367598.71355637646,20537.70502297421,50,1,2,95763.0357637179,60871.79341713106,0.3886223372890401,0.13111837980339344,0.19557097415626018,40334.08839415686,0.2575039574856467,0.6888813558317647,0
265224.703919311,1212076.2161459983,30825.880470911743,31,1,2,193471.86768241785,71752.83623689314,0.27053602163214185,0.11622552505625519,0.3808331194375804,40926.9557659814,0.1543104965758867,0.6392598541462239,0
165985.6359232974,534348.0317835947,34033.58814019463,239,0,0,106540.18002778206,59445.45589551535,0.3581361457264008,0.20503935747742463,0.2682702174856258,25411.867755320724,0.1530967882489762,0.5375031917633424,0
161973.32263617555,1218580.5247283273,28048.716486362086,158,1,1,106365.66065905556,55607.66197711999,0.3433137079124191,0.17316874180179107,0.6269450759418691,27558.94549075789,0.17014496611062793,0.5426489804967228,0
61741.4032537602,465742.46177552355,13549.737813718786,129,1,0,33079.12000166965,28662.28325209055,0.4642311599930302,0.21945950528575933,0.6286198526312766,15112.545438371766,0.2447716547072709,0.6236302420963133,1
167371.84900510742,615553.5071345394,25255.883136751847,60,1,0,103805.39941919029,63566.44958591713,0.3797917628547999,0.15089684010111612,0.3064800078356046,38310.56644916527,0.22889492275368367,0.7476972616088722,0
245196.275822531,2154198.4232556904,59336.241624114904,61,1,0,147384.3069513999,97811.9688711311,0.39891294654868975,0.2419948729851896,0.7321340206701941,38475.72724701621,0.15691807356350024,0.5835618446048659,0
222694.19803442594,744916.9717665196,28388.83672315539,167,1,2,148162.62321417636,74531.57482024957,0.3346812601230314,0.12747901370455464,0.27875182587505193,46142.738097094174,0.2072022464184767,0.6653828467556627,1
139303.3005952728,1057856.3285122484,28486.79833697733,217,1,1,96670.01886716654,42633.28172810626,0.3060464579512842,0.2044947837936872,0.6328255946986432,14146.483391128932,0.101551674157597,0.5283544080729322,1
119136.57513217801,920186.0012227098,28671.45911028542,209,1,0,84913.30613872658,34223.268993451435,0.28726080933149095,0.24066042756790182,0.6436492461150816,5551.809883166017,0.04660038176358915,0.6106410551383148,0
68237.1819635901,542061.8503586751,7789.350027155904,119,1,0,42364.83103379535,25872.350929794753,0.37915327370347274,0.11415110945396506,0.6619825081188968,18083.00090263885,0.26500216424950773,0.6557448037827449,1
91988.55230766074,482926.6529421473,16015.612946446498,130,1,0,53161.61040706631,38826.94190059442,0.42208449776158663,0.17410441348051012,0.43748799970871444,22811.328954147917,0.24798008428107643,0.6991118346951817,0
311840.9977797722,1246531.9628910327,113602.03670978254,32,1,1,195806.33965516117,116034.65812461104,0.3720955838095311,0.36429474481739044,0.3331109902605334,2432.6214148284926,0.007800838992140649,0.5543488049948838,0
156722.9283637886,940547.260669566,20473.138195211166,43,1,2,102611.08841439831,54111.8399493903,0.345270730417854,0.13063269305234318,0.5001114974523424,33638.70175417914,0.21463803736551088,0.5977134735433601,1
71695.40475137568,290034.113601618,4866.513944733146,126,1,0,48278.42387599213,23416.980875383553,0.32661759783055316,0.06787762704749592,0.3371137878447884,18550.466930650407,0.25873997078305727,0.771714812827565,0
99653.08826362983,537182.3216188861,17026.219010829118,142,1,0,69728.06107486475,29925.02718876509,0.3002920201489306,0.17085490582877538,0.4492102979268968,12898.808177935964,0.12943711432015512,0.6968949482904208,1
91598.52421500014,578561.1350626047,14326.187003354455,48,1,0,53472.66262504484,38125.861589955304,0.4162279023236908,0.15640194125538545,0.5263559466167503,23799.67458660085,0.2598259610683053,0.6795324395128208,0
136127.53325963643,1134579.2934436232,29935.509098152594,102,1,0,96795.16977683776,39332.36348279867,0.2889376053540906,0.21990782012523882,0.6945565837390374,9396.854384646067,0.06902978522885168,0.6036698968281933,0
71856.09261874108,243462.24499666685,7560.198666101231,174,1,0,44575.324659232574,27280.767959508506,0.37965838337824254,0.10521305000836387,0.2823493412595799,19720.569293407272,0.27444533336987864,0.7732099776187804,0
70236.28444145278,601324.289240033,5631.152098736726,214,1,0,44287.610569532175,25948.673871920604,0.369448271335463,0.08017440192797662,0.713453990842015,20317.52177318388,0.2892738694074864,0.6538940419762049,1
88230.02357055745,296071.9621575882,15609.519758391532,240,1,0,55686.41781790436,32543.605752653086,0.3688495643053751,0.17691845844185475,0.2796402235277842,16934.085994261557,0.19193110586352036,0.7453405495649228,0
124589.10700096059,776751.6955555006,16695.31496571533,103,1,0,77337.43896151641,47251.66803944418,0.3792600266336275,0.134003006904822,0.5195422739682958,30556.353073728853,0.2452570197288055,0.6905361150475824,0
76985.63699420521,455860.23469678126,19122.503700544625,116,0,2,46069.08266458884,30916.554329616374,0.4015886019354947,0.24839053682161513,0.49344727633101043,11794.050629071753,0.15319806511387965,0.35260960237205075,1
115380.96439620493,230761.92879240986,6129.254276444679,229,1,0,70745.39527010058,44635.569126104354,0.38685383988324934,0.05312188460652423,0.16666666666666666,38506.31484965967,0.33373195527672506,0.8287512461573903,0
423497.4390751567,4158239.416383161,111962.87000460968,156,0,0,276452.05539293354,147045.38368222315,0.347216701010859,0.26437673448301535,0.8182338767431546,35082.51367761346,0.08283996652784359,0.34877914318384745,1
73520.80451562424,561471.1110776966,12555.721955578038,88,1,1,50479.33576200725,23041.468753616995,0.31340066128792626,0.17077780960503178,0.6364084229591274,10485.746798038956,0.14262285168289449,0.5407663492702491,1
111474.44065422303,545630.9813653035,15900.779242342658,185,0,2,66968.2310735813,44506.209580641735,0.39925035119658786,0.1426405833393189,0.4078894514317179,28605.430338299077,0.25660976785726897,0.42057693123475703,1
177976.63539366538,1153199.1761876054,34044.996053475814,61,0,0,112542.22860136721,65434.40679229816,0.36765728629246314,0.19128913173446563,0.5399581306636363,31389.410738822364,0.17636815455799762,0.46149690810712285,0
102853.20039011208,808169.1355635236,12348.638322604056,129,0,0,61177.03076510478,41676.1696250073,0.4052005136148772,0.12006080778980999,0.6547917586247661,29327.53130240325,0.28513970582506726,0.4555381492966462,0
96955.31851292802,349348.0038908581,11022.28722620143,96,1,0,54458.94083766254,42496.377675265474,0.4383088862690808,0.11368419386639134,0.3002654635566967,31474.090449064046,0.32462469240268954,0.7644466833864345,0
291194.84925585677,865121.8362476246,94058.5072529226,239,1,0,186471.9135154747,104722.93574038206,0.35963182730738424,0.32300882894490557,0.24757816471755026,10664.42848745946,0.03662299836247865,0.6965230190067728,0
107327.82449824901,871065.808014435,18611.468487435493,32,1,0,77969.49565520995,29358.328843039068,0.2735388421435676,0.17340767479861782,0.6763280414364542,10746.860355603581,0.10013116734494987,0.6277385176496166,0
435733.85673987714,3439915.3231606656,155728.62132455627,195,1,0,293008.80802449305,142725.0487153841,0.3275509729338925,0.3573938974806876,0.6578777522778494,-13003.572609172203,-0.029842924546795154,0.5596791153243701,1
286633.1753319072,1710593.9709827336,109801.7603874119,60,1,0,190750.61554811618,95882.55978379099,0.3345131270054964,0.3830741513443684,0.4973237916958814,-13919.200603620906,-0.04856102433887199,0.5975732019534883,1
105843.72913757217,498802.9754536042,16535.10207899736,32,0,0,63273.21401587811,42570.51512169406,0.402201580278434,0.15622183962835987,0.3927196722925964,26035.413042696702,0.2459797406500742,0.5196953624608771,0
144680.39288790274,771469.9118830446,27995.46646350704,179,1,1,99789.1767893021,44891.216098600635,0.31027850562572085,0.19349868979964488,0.4443529495624041,16895.749635093598,0.11677981582607601,0.5892946392114208,1
136185.17442416088,872916.8856698211,18537.110556473115,183,1,0,81991.43482314474,54193.73960101615,0.3979415514953552,0.13611694984314246,0.5341482588938324,35656.629044543035,0.2618246016522128,0.6853087423945934,0
271153.7848010294,1731718.3670917249,89355.10006958903,39,1,0,195487.56905103722,75666.2157499922,0.27905277370742027,0.3295366138265675,0.5322067107792866,-13688.884319596837,-0.05048384011914728,0.608523341235587,1
97892.84055017322,217572.87245907015,4894.642027508661,33,1,0,62410.55804450253,35482.282505670686,0.36246044456626914,0.05,0.1852134701886575,30587.64047816203,0.3124604445662692,0.8244359589434027,0
225381.04033355202,1146252.5748545236,48221.1673649284,20,0,1,136981.06299492874,88399.97733862328,0.3922245509551114,0.21395396566438604,0.42382024576325295,40178.80997369488,0.1782705852907253,0.3872723400052698,1
157825.00899000515,1025016.8697017547,41806.77236731093,102,1,0,104847.19526266598,52977.81372733918,0.33567439068350813,0.26489320440943864,0.5412201337530456,11171.041360028248,0.0707811862740695,0.6316766781103109,0
339956.12624725804,2250160.5064334725,120967.41992358235,25,0,0,213574.0489824255,126382.07726483254,0.37175996402815786,0.35583244596568886,0.5515811043209142,5414.657341250189,0.015927518062468986,0.3921926903174502,1
97480.76961141739,459692.0495828055,25208.27354497433,171,0,0,60313.71070958083,37167.05890183656,0.3812758049612627,0.25859739972776974,0.39297669633991433,11958.785356862223,0.12267840523349291,0.4786680312069178,0
412720.4515113626,2427320.428162586,121491.4853526306,12,1,0,296086.49006004445,116633.96145131817,0.28259796921671837,0.2943674947721504,0.49010583702880367,-4857.523901312437,-0.011769525555432052,0.6352212509824988,1
143947.64462075956,295806.9487713743,24001.186985496006,209,1,2,83936.46816838645,60011.17645237311,0.4168958555068885,0.1667355311629368,0.1712468385934686,36009.9894668771,0.2501603243439517,0.6819317359567848,0
73098.89080960091,477401.4852105371,15398.254274496843,229,1,1,45733.76699560045,27365.123814000464,0.37435757931372454,0.21064962961755931,0.5442415973793802,11966.86953950362,0.1637079496961652,0.5524676689391622,1
190830.30825589213,644069.7136049072,33161.062589234556,192,1,0,121491.04108520284,69339.26717068929,0.3633556315263582,0.1737725149234027,0.28125760852291165,36178.20458145473,0.18958311660295546,0.7461137114737655,0
877768.0959366345,5178167.463104579,318532.70226763125,215,0,0,592254.5659761374,285513.52996049705,0.3252721661703094,0.3628893596636553,0.4916035992379764,-33019.17230713426,-0.03761719349334598,0.40736317636314495,1
268583.4605787813,1328638.1803981836,74284.04748505479,226,1,0,179394.45224205757,89189.00833672375,0.332071856340397,0.27657714784438736,0.4122362863592592,14904.960851668962,0.055494708496009626,0.6656982549544672,0
532176.5401590043,2985408.281520134,180837.4643585008,6,0,0,367714.78669209324,164461.75346691103,0.3090360830595294,0.339807283320813,0.46748401082407576,-16375.710891589755,-0.0307712002612836,0.42383188342445205,1
124547.33519639634,1033043.9903475977,28899.6508425012,104,1,0,73817.52002007696,50729.815176319375,0.40731353341542387,0.23203748837283342,0.6911990454061838,21830.164333818175,0.17527604504259045,0.5998252910290115,0
78422.5623303377,683418.6482249968,21055.634474569288,172,1,2,51492.49452738409,26930.067802953614,0.3433969383647101,0.26848949905356423,0.7262138895545633,5874.4333283843225,0.07490743931114582,0.4747400335122053,1
64727.392914310854,510945.8929388626,14482.831828469241,85,1,1,41391.70060906204,23335.692305248813,0.36052266675009903,0.22375119986127498,0.6578176950204022,8852.86047677957,0.13677146688882402,0.5131542115493694,1
184894.56486278135,1359365.6764263455,42998.09638017499,179,1,0,118075.5693312688,66818.99553151256,0.3613897227379397,0.23255468007989216,0.6126760574038472,23820.89915133755,0.12883504265804743,0.623175310746889,0
152203.41157044307,734775.3515260238,53423.209455936325,175,1,0,99198.1094661636,53005.30210427947,0.3482530487153204,0.350998764776116,0.40229899357739524,-417.90735165686056,-0.0027457160607956797,0.6389107960163349,1
85174.81020530741,260930.20099658443,4670.362543281144,240,1,0,56466.746960388424,28708.063244918987,0.3370487492219869,0.054832673322354225,0.2552888977852646,24037.70070163785,0.2822160758996327,0.801480261335479,0
117730.83753651369,822708.2422727621,21129.202718595334,101,1,0,66914.16272915687,50816.674807356816,0.43163436080709316,0.17947041880205947,0.5823369783480353,29687.472088761482,0.25216394200503367,0.6535107389747656,1
221414.68919808688,1237471.272087726,70171.93255500287,87,0,0,158012.03955463547,63402.64964345141,0.28635249934447093,0.3169253711628144,0.46574419421221275,-6769.282911551476,-0.030572871818343502,0.43350659327121044,1
69421.5163447505,293911.55736205715,15596.984432085967,29,1,2,40031.8371946173,29389.679150133205,0.42335115534184936,0.2246707541597134,0.35281035433654145,13792.694718047234,0.1986804011821359,0.6042885920351523,1
101663.79334009209,607233.4368260244,21632.175573340348,91,1,1,65357.76401343363,36306.029326658456,0.3571185781471409,0.21278151112240165,0.49774639268956933,14673.8537533181,0.14433706702473914,0.5655634777441686,1
214004.1870754516,618174.792919774,39966.507065811624,89,1,0,135708.63137594558,78295.55569950602,0.3658599243756913,0.1867557247920603,0.2407175615610049,38329.04863369439,0.179104199583631,0.7530824416148745,0
80128.78369542891,362000.5369146601,16823.107156422135,130,1,0,54217.46736867611,25911.3163267528,0.3233708928522143,0.20995086135797467,0.37647784002586726,9088.209170330665,0.11342003149423967,0.7030763034490499,0
376717.90963354846,1640039.902912859,82729.47025702221,92,1,0,260615.82330812197,116102.0863254265,0.3081936997324193,0.21960588584040808,0.3627913311643462,33372.61606840431,0.08858781389201127,0.7033202463145329,1
127724.97765151213,857532.6355821856,44143.537555266776,207,1,1,85301.5350450174,42423.44260649473,0.3321467999958776,0.3456139775237155,0.5594916067251792,-1720.09494877205,-0.013467177527837961,0.49390692697296,1
148360.68203317715,666858.7502748355,7418.034101658857,205,1,0,91098.28292318694,57262.399109990205,0.3859674836031349,0.05,0.3745706865278212,49844.365008331355,0.3359674836031349,0.7676287940416537,0
182952.9788691586,713101.8097379646,45911.95723215979,195,1,0,109650.36459962942,73302.61426952918,0.40066368267199726,0.25094949268355105,0.3248110589879806,27390.657037369383,0.14971418998844616,0.7021768852301853,0
159801.39971670165,901136.2289484375,7990.069985835083,25,0,0,104715.05842721864,55086.34128948301,0.344717514284236,0.05,0.4699250812498021,47096.271303647925,0.294717514284236,0.5390224756250593,0
256421.9993145975,1726744.3834946854,87255.78590732375,116,1,0,181719.37556351308,74702.62375108441,0.2913268906363752,0.34028198103342877,0.5611662247227169,-12553.162156239327,-0.04895509039705356,0.5955373401698134,1
107582.36393078069,397309.4865916166,35666.850877357516,165,1,0,78035.69536678251,29546.668563998173,0.2746423064565557,0.33153064846489,0.30775605473716283,-6120.1823133593425,-0.05688834200833433,0.6750609241928951,1
438216.7886558221,2905520.670808481,127469.64098016178,51,0,0,293227.5132947501,144989.27536107198,0.33086198227550645,0.2908826048658696,0.5525272623855155,17519.634380910196,0.03997937740963688,0.4178887793379975,1
87201.48298304615,507928.6816141808,15781.424474072604,123,1,0,60354.90418207748,26846.578800968673,0.3078683742819858,0.18097656065253906,0.48539759516182107,11065.154326896074,0.12689181362944685,0.681990097190438,0
133069.37275998437,1052240.1719533394,21975.90154731888,194,1,1,87674.64920460523,45394.72355537914,0.34113577462529304,0.1651462022516372,0.6589546428107917,23418.822008060262,0.1759895723736559,0.5362551262561076,1
133003.87618920562,682249.3497522821,6650.193809460281,210,1,0,80983.77304354815,52020.10314565747,0.3911171962511521,0.05,0.4274620718457755,45369.90933619719,0.3411171962511521,0.7517613784462673,0
207432.5030925352,1357808.520660772,42620.86910426844,206,1,0,141507.079226796,65925.4238657392,0.31781626737797214,0.20546861494148466,0.5454820646144739,23304.55476147076,0.11234765243648749,0.6541679346390641,0
137042.11096738192,559512.5765060278,28349.440188456167,125,1,1,96276.86412217899,40765.24684520293,0.29746511169041806,0.20686663382763973,0.340231536956306,12415.806656746761,0.09059847786277833,0.6151838853820523,0
106733.99720189489,270019.7311223572,40542.46532853941,99,0,0,75024.0143955949,31709.982806299988,0.2970935562950792,0.3798458447297769,0.2108198404453361,-8832.482522239428,-0.08275228843469774,0.4848157099744884,1
82873.14083326874,274786.80609042314,18093.513262803113,95,0,0,46656.6756452821,36216.46518798664,0.43701089187448583,0.21832783312997858,0.2763126904240932,18122.95192518353,0.21868305874450725,0.5297750596207806,0
167961.90863897445,1291143.3070104818,22200.31117334432,181,1,0,91152.04377645468,76809.86486251977,0.45730526334764776,0.13217467789713414,0.6405933134248752,54609.553689175445,0.32513058545051365,0.6549521348136838,0
129393.98024605284,807083.9454258996,6469.699012302643,122,1,0,81500.15275355318,47893.827492499666,0.37013953355036905,0.05,0.5197845782644898,41424.12848019702,0.320139533550369,0.7240646265206532,0
186607.58211669684,557768.1751311801,21623.192798936183,118,1,1,114341.31797266417,72266.26414403267,0.38726327903889923,0.11587521017990529,0.24908249029165674,50643.07134509648,0.2713880688589939,0.678925168840541,0
118539.49616657094,709546.3358405837,18789.43712692165,63,1,0,81696.12756108155,36843.36860548939,0.31081090941805023,0.1585078200477489,0.49881147830222883,18053.93147856774,0.1523030893703013,0.6869534284902319,0
70688.4550005335,299909.6331108349,15036.986190243488,136,0,0,44904.89329310911,25783.561707424393,0.3647492607842369,0.2127219528299211,0.35355800923523206,10746.575517180907,0.15202730795431588,0.508843816097462,1
263831.21498890343,630343.1700582436,39551.08429520909,61,1,0,165136.66300238972,98694.55198651372,0.3740821645788378,0.14991055662944425,0.19909925179650537,59143.46769130463,0.22417160794939356,0.7803060018092707,0
104742.3881511032,470707.33597865544,26821.623905817247,147,1,0,65672.64271597037,39069.74543513282,0.37300796864369873,0.25607229679663124,0.37449605669642616,12248.12152931557,0.11693567184706745,0.6852222642724197,0
137305.17933706398,882009.6738397056,25734.902778359006,232,1,0,90992.6014449039,46312.57789216007,0.33729665636625056,0.18742849252018098,0.5353097858958048,20577.67511380106,0.1498681638460695,0.6644356672231861,0
117744.26263933646,787004.432261127,24532.21050860265,188,1,2,75883.89368125309,41860.368958083374,0.35551939448893793,0.20835164243838777,0.5570012603443558,17328.158449480732,0.14716775205055022,0.5495589649213383,1
370330.3985137297,3208027.352901491,127730.74611051418,118,0,1,252855.68640787256,117474.71210585712,0.3172159579049567,0.3449102385954381,0.7218840630277875,-10256.034004657064,-0.027694280690481396,0.24547068565348848,1
86414.03353795243,385190.4075952644,13625.848885255633,240,1,1,53141.455032457234,33272.5785054952,0.3850367485841535,0.15768097295529268,0.37145819167023325,19646.729620239566,0.2273557756288608,0.625490153316813,0
178223.48090004458,1217052.7321719427,68687.44222589042,224,1,0,124736.62795623981,53486.85294380477,0.30011114514031123,0.38540063227927474,0.5690667722465249,-15200.589282085653,-0.08528948713896346,0.5751197154143326,1
234830.25093582636,1473772.2550220748,76786.87519034748,98,1,0,163073.33748106478,71756.91345476158,0.30556929172796854,0.32698885635195074,0.5229920510485474,-5029.961735585879,-0.021419564623982156,0.6123068421446556,1
94269.1093474998,449028.9574402905,22064.391883012133,185,1,1,64156.769049680275,30112.34029781953,0.3194295618813775,0.23405749811083074,0.3969389341396519,8047.948414807404,0.08537206377054682,0.5872953205137722,0
192001.74975847764,731231.263735632,39500.265218867266,86,1,0,112036.64836845193,79965.10139002571,0.41648110754519274,0.2057286731425903,0.3173717881284331,40464.83617115846,0.2107524344026025,0.7224969943044339,1
222465.20391006026,1118564.18031922,14599.728609532505,230,0,0,147235.45622909925,75229.74768096101,0.33816410997638713,0.06562702100340592,0.419003421905717,60630.01907142851,0.2725370889729813,0.5480481650269226,0
162091.04465132006,1117643.2215144981,30499.926277938197,81,1,1,104443.89635362169,57647.14829769837,0.35564671954397753,0.18816540015241248,0.5745964271287067,27147.222019760156,0.167481319391565,0.5523549118004231,0
140105.95982762604,1085088.3769610457,21808.20683928039,84,1,0,83642.03911688946,56463.92071073658,0.403008699845494,0.1556550975141334,0.6453974657799724,34655.71387145619,0.24735360233136056,0.644118721260355,0
39948.64609593636,318066.5791454176,12212.98729502708,25,1,0,26528.146030289812,13420.500065646549,0.33594380228599796,0.305717176639671,0.6634905272750737,1207.512770619469,0.030226625646326947,0.5786659711616096,1
159617.46690298803,1429876.110114627,26363.15837330112,204,1,2,101545.89867747403,58071.568225514,0.36381712698653845,0.1651646206697671,0.74651192517654,31708.409852212877,0.1986525063167714,0.5099805741791312,1
107049.2118291008,604535.8097630927,22957.089504487092,93,1,0,69370.9998309759,37678.2119981249,0.3519709426565088,0.21445360607733427,0.47060583899814745,14721.122493637813,0.13751733657917461,0.6730368058696221,0
88341.99879758079,669075.1422741595,5411.370620809793,215,1,0,50272.39636595493,38069.602431625855,0.43093435681544007,0.06125479041071891,0.6311410497280577,32658.23181081607,0.3696795664047212,0.6861557689172952,0
279490.9620208648,1423626.5036822015,55866.179495748074,26,0,0,201816.36691229587,77674.59510856896,0.2779145148270316,0.19988545995121482,0.4244700476742439,21808.415612820885,0.07802905487581678,0.49270480171724096,0
138258.19014542334,707551.0079075305,37292.35096020241,123,1,2,90237.82232224943,48020.36782317392,0.3473238567108749,0.2697297781851289,0.42646720552522727,10728.016862971504,0.07759407852574603,0.5641679270683803,1
112708.32375196037,919407.7800646113,21070.941206571188,124,1,0,75437.62473029115,37270.69902166922,0.33068275510592854,0.18695106541503057,0.6797839986867132,16199.757815098026,0.14373168969089792,0.6212843742279739,1
134780.60167344948,791224.8235073417,23487.092343077173,109,1,1,82382.23542053561,52398.36625291387,0.38876786126735224,0.174261667120187,0.4892054282313966,28911.273909836687,0.21450619414716515,0.5835337046825063,0
66941.48506299093,308929.1115582615,20697.90712374512,33,1,0,41640.156592380896,25301.32847061004,0.3779618639592753,0.3091940237696953,0.3845760608034064,4603.421346864918,0.06876784018958,0.6609495722511001,1
92411.50657985135,850751.9514387036,13593.779608345503,23,1,0,61007.12379416742,31404.382785683934,0.33983195327032023,0.1471005084913244,0.7671771468411801,17810.60317733843,0.19273144477899584,0.6110066525511162,1
173722.681923425,1009815.6725972457,39922.81128171933,105,1,0,124981.6034333591,48741.078490065905,0.2805683054763708,0.22980770754688704,0.484400224070127,8818.267208346573,0.05076059792948376,0.662756849760207,0
54079.94827081551,266360.1887851268,11047.93309187539,134,1,0,37160.021126463536,16919.927144351976,0.31286877457097884,0.20428889903057573,0.41044200500352745,5871.994052476584,0.10857987554040306,0.6951518388867115,1
110950.82068147983,362763.83742831676,22837.478941120284,192,0,0,80560.83850905545,30389.98217242438,0.27390497867220504,0.20583424981310092,0.2724659412162345,7552.503231304101,0.06807072885910417,0.5359265177098893,0
103580.7083479253,631198.8501149998,9508.873882332304,132,1,0,65585.99309871967,37994.715249205634,0.36681266092120385,0.09180159157043227,0.5078156445847819,28485.841366873326,0.2750110693507715,0.7109346699963925,0
647611.0461654124,6165552.359388902,176745.75595215365,51,1,0,396492.1115733014,251118.93459211104,0.38776196928545037,0.2729196127809861,0.7933713190831548,74373.17863995739,0.11484235650446431,0.552820759162659,1
161469.1579382372,1145071.1421859362,43489.90614944171,85,1,0,96254.40314115888,65214.754797078305,0.4038836619314216,0.26933878088394336,0.590964840596128,21724.848647636594,0.13454488104747822,0.6149750354675843,0
123181.57144591266,771020.2099091328,18551.053930830032,149,1,1,76959.35555551456,46222.2158903981,0.3752364525621728,0.15059926345375083,0.5216014327866115,27671.161959568068,0.22463718910842193,0.5832798647825163,0
197939.2025910579,994703.7494903889,29891.335855106365,126,1,1,121672.33857448267,76266.86401657523,0.3853044925827172,0.15101271230672694,0.41877494725213066,46375.52816146887,0.23429178027599032,0.6139624309016699,0
90999.01745196783,620597.9923818525,4549.9508725983915,235,1,0,59293.60968533219,31705.40776663564,0.34841483627414727,0.05,0.5683193161118688,27155.45689403725,0.2984148362741473,0.7095042051664393,0
269560.97656558343,1363161.2507562672,85103.53328629414,109,1,0,169093.6404710376,100467.33609454584,0.37270727155902855,0.3157116225448482,0.42141400563118164,15363.802808251698,0.05699564901418039,0.6472911492927063,0
82500.64389155961,520474.715346981,23770.82658459833,139,1,0,53283.46844189282,29217.175449666785,0.3541448171976741,0.2881289825548895,0.5257279325309496,5446.348865068459,0.06601583464278464,0.6270300272187593,0
278348.41961193853,1943272.1666006583,57816.725547084825,21,0,0,192355.35646161242,85993.06315032611,0.30894036786777507,0.2077135039160288,0.5817864798459802,28176.337603241293,0.1012268639517463,0.4423786544797944,1
170791.21759951193,1291385.2075728711,59860.93574062449,39,1,0,122818.51989484482,47972.69770466711,0.28088503834639916,0.3504918846646571,0.6300993427938034,-11888.238035957387,-0.06960684631825799,0.5707734432959961,1
116113.95639900622,1002232.724739946,42950.82395182977,193,0,0,80762.74312553564,35351.21327347058,0.3044527494351501,0.36990233804656897,0.7192881572420836,-7599.610678359197,-0.06544958861141897,0.33625261760874736,1
192023.1006950728,811199.6181063788,48356.14512253974,75,1,0,140712.12074073465,51310.97995433814,0.2672125372864305,0.2518246239515105,0.3520408113963246,2954.834831798391,0.015387913334919972,0.6936579070004985,0
133972.62785035683,302636.00466965215,23513.108392582722,122,1,0,89962.28637118745,44010.34147916938,0.3285024873015668,0.17550680888969436,0.18824492331354367,20497.233086586653,0.1529956784118724,0.7733237994500592,0
127086.82391583527,1097402.0951710942,23794.742347039948,144,1,2,89225.84926665894,37860.97464917632,0.29791424069461514,0.1872321741457501,0.7195881664188502,14066.23230213637,0.11068206654886502,0.509230680416045,1
309728.4341671922,3011768.4680281025,115461.922570933,7,1,0,202156.03025101707,107572.40391617513,0.34731200642078364,0.37278438087672106,0.8103250395587785,-7889.518654757878,-0.02547237445593741,0.507788735781678,1
96612.39496222508,567343.3056637906,8235.768772552245,143,0,0,62702.755583649305,33909.639378575775,0.3509864276921637,0.08524546747622172,0.4893638008228816,25673.870606023534,0.26574096021594207,0.5190926727626468,0
152625.35077552695,778277.8345766336,43618.37189482856,105,1,0,100154.3364104437,52471.01436508325,0.34378963978438126,0.2857872016227506,0.4249391459883152,8852.64247025468,0.05800243816163059,0.6582033755544052,0
288998.7605880454,2187985.0166910808,69261.91619253304,28,1,0,195738.17064201605,93260.58994602936,0.3227023872222348,0.2396616374810782,0.630909573291087,23998.673753496318,0.08304074974115663,0.6148624730202428,0
157871.7814341164,1045035.0339910127,22600.179446627975,104,1,0,104234.29923076683,53637.48220334956,0.33975344875508195,0.1431552823520875,0.5516264657400318,31037.30275672159,0.1965981664029945,0.6772499473371555,0
130523.53624059065,988170.3432807605,42939.23069028942,110,1,0,91635.06636044616,38888.46988014449,0.2979422026113542,0.3289769180873299,0.6309017590125735,-4050.7608101449296,-0.03103471547597567,0.5791387050612959,1
241338.37982892897,1367857.227019764,83950.9564588108,37,1,1,155445.5048136315,85892.87501529747,0.35590226086784055,0.3478558052735701,0.47231651398524627,1941.9185564866639,0.008046455594270498,0.5191627236949982,1
214298.86208184657,1197988.3583280263,55573.13110313221,133,1,0,137928.21815509966,76370.64392674691,0.35637447247656817,0.2593253672150033,0.46585577834694003,20797.5128236147,0.09704910526156486,0.6565131196099168,1
263941.7405494093,1260169.9831295738,48074.62863202185,199,1,0,174210.58806949895,89731.15247991035,0.3399657526434811,0.18214106087181156,0.3978687305850338,41656.523847888515,0.1578246917716696,0.7077829564757652,0
172297.8183111162,963033.5877213546,55019.24626659534,86,1,0,110178.74984102228,62119.06847009392,0.36053311109213365,0.31932642447768966,0.46577954244242364,7099.8222034985665,0.041206686614443946,0.632535567476197,0
174708.85486033672,417307.5751996916,29445.157492340837,240,1,1,116071.93667056104,58636.91818977568,0.33562648119152505,0.16853843793939047,0.19904904816897123,29191.760697434845,0.16708804325213458,0.6728699103735524,0
389895.7341571535,2004858.4497406797,19494.78670785768,167,1,2,229258.04464628088,160637.68951087265,0.41200165951578516,0.05,0.42850311722325535,141142.90280301496,0.3620016595157851,0.6514490648330235,0
210655.47085729564,1907779.999705746,65803.48650743645,187,0,1,130186.867518133,80468.60333916264,0.38199151919332064,0.31237492308952997,0.7546999182843178,14665.116831726176,0.06961659610379058,0.24864005527889269,1
296700.6440575788,2078073.5024642565,88030.79217020691,10,1,0,208052.6392442309,88648.00481334791,0.29877928002119386,0.2966990262182354,0.5836616648476666,617.2126431410143,0.002080253802958499,0.6062218900584059,0
157554.3454554258,1226925.619631188,17446.484069544418,204,1,0,91585.1722354635,65969.1732199623,0.4187074182516016,0.11073311890645542,0.648943076373977,48522.68915041788,0.3079742993451462,0.6610238295252248,0
82173.89310889371,421148.37680796743,28843.541770124157,103,1,0,50383.363274714364,31790.529834179346,0.3868689754305756,0.3510061490198815,0.42709060918926084,2946.988064055193,0.03586282641069417,0.6314703576352692,0
166838.40453497614,735874.5135591147,41462.733233559855,160,1,1,116933.68486129862,49904.71967367752,0.29912009655555927,0.24852031730420662,0.36755851448501736,8441.986440117675,0.0505997792513527,0.5903243187328121,0
99474.40746517805,543672.470735462,5629.966718489623,213,1,2,64248.47782182876,35225.92964334929,0.3541205274902538,0.05659713751459586,0.45545422568930577,29595.96292485967,0.2975233899756579,0.64072487728737,0
224989.0444369546,636889.6920154414,47949.01433716224,64,1,1,140775.86375093184,84213.18068602277,0.37429902818943966,0.21311710735585745,0.2358965572484085,36264.16634886051,0.16118192083358215,0.6439841898831346,0
112849.87407191342,332515.6575914899,5642.493703595672,84,0,0,72461.34137094347,40388.532700969954,0.35789612556618733,0.05000000000000001,0.2455442539082164,34746.038997374286,0.30789612556618734,0.606336723827535,0
174400.85844776817,1127287.1764527035,46492.39770473871,19,1,1,122304.37832507107,52096.4801226971,0.29871687895561383,0.2665835370223413,0.5386475667254805,5604.082417958387,0.032133341933272476,0.5317723151734194,1
182267.88065649298,900540.580826902,30426.523048072097,166,1,1,114695.32897270817,67572.55168378481,0.370732086423575,0.16693299410999765,0.4117294178872567,37146.02863571272,0.20379909231357737,0.609707976989824,0
250590.4893862109,1083032.5889681627,58584.20736682355,187,1,0,141373.09357995368,109217.3958062572,0.43584014730076603,0.23378464007280572,0.3601601799350378,50633.18843943367,0.2020555072279604,0.6984380899903664,0
113385.18509548734,402797.7843646754,27177.106873507728,120,1,0,73379.13406711849,40006.05102836885,0.35283314124925363,0.23968834068243153,0.2960393988167114,12828.944154861121,0.11314480056682207,0.715312844082014,0
116424.9864609738,726124.2860254097,15667.562635552886,43,1,0,77944.76947330446,38480.21698766934,0.33051510811700274,0.1345721662660852,0.5197368624051117,22812.654352116457,0.1959429418509176,0.6902500747720324,0
185610.26372138414,1460232.2108862856,9280.513186069207,98,1,0,121311.4502936543,64298.81342772984,0.34641841533207185,0.05,0.6555996157438663,55018.30024166063,0.29641841533207186,0.6833201152768401,0
161793.91079410978,825180.613521398,35549.926030829396,118,0,0,107623.08120983266,54170.82958427712,0.33481377215247615,0.21972351033697626,0.42501631111624394,18620.903553447715,0.1150902618154998,0.4846057025303363,0
72902.01737908348,688092.6689528637,17982.222843863718,221,1,0,49155.08942899352,23746.927950089965,0.32573759689815196,0.24666289754860812,0.7865496430353086,5764.705106226247,0.07907469934954385,0.5653699480699641,1
107044.6700272344,927886.9817739266,5352.23350136172,53,1,1,68043.71881417201,39000.95121306239,0.364342766465063,0.05,0.7223518473937507,33648.717711700665,0.31434276646506293,0.5632944457818748,1
128398.7423703218,727111.4343980611,42661.185643520424,104,1,2,75209.1619345473,53189.58043577449,0.4142531262679157,0.33225547895538554,0.4719097587296711,10528.394792254068,0.08199764731253015,0.5255248807989444,1
162097.82540778484,627248.1453683103,20755.097187199863,173,1,1,97480.35031086853,64617.475096916314,0.39863258457884915,0.12804056522650356,0.3224637878342703,43862.37790971645,0.2705920193523456,0.6520446375591175,0
170388.8689324132,776058.5858086405,28314.00794627234,79,1,0,106737.64152565855,63651.22740675465,0.37356446935511195,0.16617287340233142,0.3795526622284197,35337.2194604823,0.20739159595278045,0.7196650519705414,0
134307.10438061936,669186.4824787485,12263.660010514608,231,1,0,74892.12419806322,59414.980182556144,0.44238151404245285,0.09131058306312696,0.4152091615982259,47151.32017204154,0.3510709309793259,0.7389130182952814,0
315796.5542109364,1346065.43514159,126268.73541274384,207,1,0,226164.51551206145,89632.03869887497,0.28382842530639274,0.3998420303484458,0.3552037477907599,-36636.69671386888,-0.11601360504205306,0.6335020635233937,1
123546.38911707867,814608.6829278015,31224.66335473466,113,1,1,72263.49497029443,51282.89414678424,0.4150901901162488,0.25273634930070377,0.5494620878504174,20058.23079204958,0.16235384081554508,0.5340668339245932,1
144670.20075933728,736962.1938454247,29751.2599185041,169,1,0,94702.16080429096,49968.03995504632,0.3453927601729777,0.2056488465651341,0.4245070223960524,20216.780036542215,0.13974391360784358,0.6903883546551306,0
186841.52516963173,1587383.017750416,51691.78901003505,171,0,2,131290.38597364785,55551.13919598388,0.2973168793476156,0.2766611381656435,0.707989929036227,3859.3501859488315,0.02065574118197206,0.2769385660228745,1
121444.98622155916,981914.687723099,21018.496512833914,184,1,0,72458.04663168981,48986.93958986935,0.4033673279891491,0.17307010496496453,0.6737719400588887,27968.443077035437,0.23029722302418462,0.6286403759963476,0
159957.0107002428,880654.7369432267,28302.279107275004,49,1,0,105198.97075885025,54758.03994139255,0.3423297278542442,0.17693678434834645,0.4587976133337274,26455.760834117536,0.16539294350589773,0.6915860022605431,0
68250.82488798759,286713.8284587879,24245.800059233756,6,1,1,49103.84365593269,19146.981232054903,0.2805384588901115,0.35524552412407706,0.3500737035405055,-5098.818827178853,-0.07470706523396561,0.5528796792882176,1
133420.13425684805,988904.4918891033,37472.88266139875,87,1,0,81922.05139956881,51498.08285727924,0.3859843429488679,0.28086377569714804,0.6176632044064629,14025.20019588049,0.10512056725171988,0.6023555283992019,0
123174.60100747025,899058.5775443411,9065.025290807525,54,1,2,75432.99953108469,47741.601476385564,0.38759290540336433,0.07359492311452873,0.6082548473134594,38676.576185578044,0.3139979822888357,0.5880855765601508,1
108345.38396699361,440594.43551680323,29011.18961800127,92,1,0,63667.954785529895,44677.42918146372,0.4123611689361336,0.2677658111105061,0.33888110056371984,15666.239563462448,0.14459535782562752,0.6912293453866816,0
109777.07062584092,744605.0059461823,21628.620340664784,174,1,0,73012.9939443154,36764.07668152552,0.3348975926569447,0.1970231143658658,0.5652402346722443,15135.456340860736,0.13787447829107888,0.6516186838519804,0
207730.25901320667,1608174.4196788676,34209.62300284553,144,1,0,133452.555099291,74277.70391391567,0.35756805131212677,0.16468290736916966,0.6451372833686153,40068.08091107014,0.19288514394295714,0.6405856520417476,0
112538.03631146398,461266.8006393292,37492.197522161856,43,1,1,73436.3585293926,39101.677782071376,0.3474529951264858,0.33315133932493024,0.34156362873520085,1609.4802599095274,0.014301655801555634,0.5642703756494677,0
80066.5807864325,330669.92719682946,23125.954007165208,6,0,0,56685.13792156933,23381.442864863173,0.29202499513786184,0.288834040120319,0.344161409114049,255.4888576979647,0.0031909550175428245,0.4812179612176577,0
105629.7653606293,469319.84322969493,20954.93544965058,77,1,1,65835.35140629207,39794.41395433723,0.3767348513790181,0.1983809712925953,0.3702553612827121,18839.478504686645,0.1783538800864227,0.6095710030981484,0
238483.92884702224,1196234.3198252493,90501.31144570158,112,1,1,144669.4313868864,93814.49746013584,0.3933786981525033,0.37948599674301114,0.41799962706382376,3313.1860144342645,0.013892701409492204,0.5228057131836484,1
228952.57270721556,1571117.031713058,52384.092244997446,207,1,0,136680.76408051085,92271.8086267047,0.4030171294240133,0.2287988801592817,0.571849522201483,39887.71638170726,0.17421824926473156,0.6369255912758425,0
356796.0140491717,2746619.1423039176,82103.85234463133,79,1,1,241537.41371161237,115258.60033755933,0.32303780255144615,0.2301142644864755,0.6415008002129272,33154.747992927994,0.09292353806497061,0.5155040541415317,1
69013.66250171921,273886.3050622365,15090.669643223564,91,1,2,39283.420744581075,29730.241757138137,0.4307877698332199,0.2186620604702386,0.330715077679261,14639.572113914575,0.21212570936298136,0.6133206525081264,1
190219.18881805564,1192375.3308529519,52598.366365321,123,1,0,113261.64960052403,76957.53921753161,0.404572954472755,0.27651451303175967,0.5223690181932946,24359.1728522106,0.12805844144099526,0.6326834893293078,0
257587.13141323623,1930985.6875122292,96580.96624327142,10,1,1,154755.5496084944,102831.58180474184,0.39921086601090117,0.37494484182259336,0.6247030784360206,6250.6155614704185,0.024266024188307832,0.46261113974015655,1
128989.28584520209,735356.676632073,12180.62740759047,76,0,0,77085.40212205781,51903.883723144274,0.4023891083902369,0.09443131131222976,0.4750760704746713,39723.25631555381,0.3079577970780072,0.5197046543327067,0
147995.2903259993,533760.0154274481,19550.89781005207,32,1,0,86656.07135641135,61339.218969587935,0.41446737145805024,0.13210486473580327,0.30055011336942916,41788.32115953587,0.282362506722247,0.75699302009485,0
124421.42276642685,641348.7404053251,30059.295371027798,117,0,0,87801.01427601231,36620.40849041454,0.29432558860190094,0.2415926028064905,0.42955406857420947,6561.113119386748,0.05273298579541046,0.474496738305141,0
123584.24809279265,499906.6945453781,13470.273480497179,128,1,1,79817.80800960449,43766.440083188165,0.35414254452821803,0.10899668597233433,0.33708900490971516,30296.16660269098,0.24514585855588364,0.6552746241381519,0
200819.427955935,758485.2104776753,53254.73277165957,142,1,0,140974.71020738714,59844.717748547875,0.29800263031164176,0.2651871550164212,0.3147459462289121,6589.984976888314,0.03281547529522058,0.6995013541247579,0
366559.447726805,2956518.4446380194,138958.27101221314,139,0,0,248596.48063780318,117962.96708900182,0.32181128551055393,0.3790879538747507,0.6721325519804677,-20995.303923211322,-0.057276668364196745,0.3467250528559594,1
108786.32505737683,249884.62738361102,29169.245990727086,98,1,0,69726.98337122332,39059.34168615351,0.3590464303813238,0.2681333887815628,0.19141853479884777,9890.095695426426,0.09091304159976103,0.7353210840477207,0
105750.77129458042,639958.5496968514,13341.923112815442,228,1,0,63916.221088530016,41834.55020605041,0.3955956982055068,0.12616383738374867,0.5042977794729083,28492.627093234958,0.269431860821758,0.6982451312046281,0
43154.81516400815,259105.13037340203,7300.643126918516,239,1,1,25588.946758630856,17565.868405377292,0.4070430689743175,0.1691733147082826,0.500340323918052,10265.22527845878,0.23786975426603502,0.5822285769412714,1
95210.39941066367,658247.5900737881,14375.765165040028,50,1,2,57154.822360157516,38055.57705050615,0.39969979420382395,0.15098944289724223,0.576134184700612,23679.81188546613,0.2487103513065818,0.5667639674309196,1
158714.5788267503,1441586.460126751,40582.61135587234,210,1,0,110532.55333842516,48182.02548832515,0.303576557645153,0.2556955489273075,0.7569071845737405,7599.414132452817,0.047881008717845557,0.5706496250569548,1
81842.98609088278,645001.2351896421,13294.852861950008,70,1,0,53145.218657366284,28697.7674335165,0.350644188393236,0.16244339920817039,0.6567466010194596,15402.914571566485,0.18820078918506558,0.637998660010894,0
128403.4600222106,1011684.4433569211,28228.660955599644,82,1,2,74743.88021854985,53659.579803660745,0.4178982388354564,0.219843460220751,0.6565791679743449,25430.918848061105,0.19805477861470547,0.5150888655193963,1
118035.50356029194,861958.2841879965,19154.085573298416,148,1,0,75786.73370349982,42248.76985679212,0.3579327285642634,0.16227393449899255,0.6085445043996958,23094.684283493698,0.19565879406527079,0.6525270748804943,1
54137.7712500726,404575.3536669034,12698.462419600453,6,0,0,35601.690701804655,18536.080548267943,0.3423872117425426,0.23455827837728774,0.6227558325192427,5837.618128667491,0.10782893336525491,0.4193499388933121,1
130861.26933650138,909072.7967827952,18707.16942391656,109,1,2,89880.91476231169,40980.354574189696,0.3131587732716495,0.14295421035396094,0.5789036495111811,22273.18515027313,0.17020456291768848,0.5691472210050613,1
123554.67367528574,507673.58433342795,31186.183040020347,39,0,1,82778.43417848162,40776.23949680412,0.33002587667357874,0.25240795926490656,0.3424081887745541,9590.056456783772,0.07761791740867219,0.39631435966167117,1
207491.25632976758,1026728.563175273,46597.07557025713,119,1,0,120991.58892406899,86499.6674056986,0.41688343372032965,0.22457368273967176,0.412358164442154,39902.591835441446,0.19230975098065783,0.6864630775714851,0
99235.61255789934,682516.792410046,27494.75046439006,185,0,0,69281.11683690242,29954.495720996914,0.3018522781175948,0.2770653574426032,0.5731450424041985,2459.745256606853,0.024786920674991622,0.41723034430169914,1
223821.48113759267,1879766.450993032,54244.88106593186,211,1,2,136922.1077327023,86899.37340489036,0.38825305311722774,0.24235779689343226,0.6998756484553937,32654.492338958487,0.14589525622379548,0.4930941867060089,1
184321.857881365,831328.8686684195,48065.529202914826,43,0,0,118541.498560307,65780.359321058,0.356877692516512,0.26076955687941916,0.3758501922596575,17714.830118143174,0.09610813563709282,0.482937119570335,0
265116.1123111617,2300995.6312663923,50719.521566276744,122,0,0,176514.17055278187,88601.94175837983,0.33420051684519814,0.1913105964180261,0.7232666255825793,37882.420192103105,0.14288992042717205,0.40649577375801577,1
126422.52709547353,450851.65008021775,20316.782630652026,135,1,1,73712.24963452375,52710.27746094979,0.4169373819045976,0.16070539877207893,0.2971857287083399,32393.494830297757,0.25623198313251866,0.6465621218786665,0
143260.21092483736,524325.4105932342,30449.925416732767,103,1,0,94908.0875086633,48352.12341617406,0.3375125801088091,0.2125497737310227,0.30499595061344115,17902.197999441298,0.12496280637778645,0.7234813053235587,0
75498.18105633887,531411.1057487136,27878.03306373149,154,0,0,48121.18912829451,27376.991928044365,0.3626179007890916,0.36925436710757464,0.5865606057362712,-501.04113568712637,-0.006636466318483029,0.37633007143608876,1
77761.0559207196,608112.3671373082,19889.09378559465,238,1,0,47585.35699627306,30175.698924446544,0.3880567022548129,0.2557719098602821,0.6516890748814144,10286.60513885189,0.13228479239453075,0.6021845135914629,1
152968.92845586527,1012537.6169557036,42926.36696390016,89,0,0,106110.57539731522,46858.353058550056,0.3063259547645303,0.2806214791279349,0.5516030974267658,3931.9860946498957,0.025704475636595413,0.4222704791207963,1
218571.0630438825,1507321.41548104,37837.78612915847,9,0,0,138715.96719327694,79855.09585060555,0.36535072272843844,0.1731143436931621,0.5746877752593197,42017.30972144709,0.1922363790352764,0.4583479299449392,0
120075.50430013897,558244.6418325074,16204.425895132554,221,0,0,77810.02682410645,42265.47747603252,0.35199083878412335,0.13495197034216244,0.38742612067731935,26061.051580899963,0.21703886844196082,0.5297913756599393,0
222482.99824564465,1955347.0944996846,67694.53308643299,225,1,0,125717.65807177743,96765.34017386721,0.43493363958997033,0.3042683423912289,0.7323956998655599,29070.807087434223,0.13066529719874143,0.5585739530838405,1
108433.90010567968,543777.3163322501,15601.97208879327,99,1,1,58959.5549917806,49474.345113899086,0.45626270996138096,0.14388463454314185,0.4179023010041792,33872.37302510581,0.31237807541823903,0.6170754558814896,0
83557.90675741299,687106.0687776929,11618.87422702727,141,0,0,54418.54393183025,29139.362825582735,0.3487325611229195,0.13905176275848344,0.6852593762436243,17520.488598555457,0.209680798364436,0.4388014820235194,1
108480.25009988369,298196.37556929025,24743.740519510564,226,1,0,72316.04295828375,36164.20714159994,0.33337134739550817,0.22809442729646778,0.22907117139965152,11420.46662208937,0.10527692009904036,0.7400408776615175,0
131377.05335751022,893294.0301028058,25855.003630921092,142,1,0,84476.21077982086,46900.84257768936,0.35699417348066326,0.19679999642375204,0.566622307874881,21045.838946768257,0.16019417705691116,0.6512933090680348,0
136414.89143194002,996596.6229192677,18716.07470618337,137,1,0,79267.95856992571,57146.932862014306,0.41892004796650806,0.1371996452126429,0.6088024386842014,38430.85815583094,0.2817204027538652,0.6624794103096825,0
246171.58460193084,1540686.382440886,33411.48262769618,240,1,1,149221.37451701358,96950.21008491726,0.39383184798395626,0.13572436754519768,0.5215489516293539,63538.72745722107,0.2581074804387586,0.5892455674931149,0
116488.20823501433,416911.6080614199,24528.312299491452,200,1,0,72222.4742767608,44265.733958253535,0.38000184421197086,0.2105647659203901,0.2982502223317338,19737.42165876209,0.1694370782915808,0.726299026932324,0
117251.69102535916,586693.8673178528,13049.690109768027,143,1,0,70596.55358903395,46655.13743632521,0.39790588117176623,0.11129639151170659,0.416976123604451,33605.44732655719,0.28660948966005967,0.7303886063139822,0
286128.6594972523,2479360.9892153395,71834.81210176164,31,1,1,186207.80507512094,99920.85442213138,0.3492165188824467,0.2510577312597079,0.7220996880598362,28086.042320369743,0.09815878762273883,0.4829470010781661,1
160859.81017590692,798403.0129142704,25995.09015064217,109,1,0,115914.53734458628,44945.272831320646,0.27940647687058134,0.16160090032566526,0.41361222754624216,18950.182680678467,0.11780557654491604,0.7112759716058612,0
99684.46282364278,368370.16514559527,16520.63937400777,182,1,0,66104.49926663988,33579.963557002906,0.33686256218695837,0.16572933139275006,0.3079468243355194,17059.32418299513,0.17113323079420822,0.7413242201422441,0
66921.94859746283,332386.63192416437,11451.14688008065,88,1,1,42125.23200877819,24796.71658868464,0.37053189735758446,0.17111197626595695,0.41389837824791753,13345.569708603995,0.19941992109162757,0.607385696019242,1
99298.21435644549,745678.3319998475,4964.910717822275,150,1,0,61485.6107133627,37812.60364308279,0.38079842510912537,0.05,0.6257903166005298,32847.69292526051,0.3307984251091254,0.692262905019841,0
112905.27864742492,468602.38351829484,50664.796709026734,148,0,1,78654.45123083526,34250.82741658966,0.3033589556387923,0.4487371832032786,0.3458668991772175,-16413.969292437076,-0.1453782275644863,0.31674505696552335,1
62560.505859313045,238819.88290580636,9711.36533827523,43,1,1,35866.09800023378,26694.407859079263,0.42669744261835135,0.15523156670302965,0.318118541969151,16983.042520804032,0.27146587591532173,0.6424718107280428,1
109333.76853187406,780398.4599771595,25520.980928603585,139,1,2,70870.90631851973,38462.862213354325,0.3517930711602724,0.23342267692129773,0.5948135317327647,12941.881284750736,0.11837039423897468,0.5281868697116515,1
114783.51248960277,574296.9328530144,24689.611203479453,167,1,0,82987.96561449523,31795.54687510754,0.27700447725876676,0.21509719181764775,0.41694209124403864,7105.935671628089,0.06190728544111902,0.6888784958997294,0
315510.63161992584,2218963.44853131,125800.23402040156,44,1,1,207776.95544839103,107733.67617153481,0.34145814871086255,0.39871947697770305,0.5860773051023376,-18066.557848866738,-0.05726132826684043,0.4646890176782176,1
151511.21054906253,1394423.9625372842,27924.01109003602,152,0,1,85547.8984111523,65963.31213791022,0.4353691842264696,0.18430326699154473,0.7669531281348871,38039.30104787421,0.2510659172349249,0.29619275476291596,1
85521.7381484075,807350.0589106546,17523.202434463965,190,1,0,52195.56620450619,33326.17194390131,0.3896807135288781,0.20489764139329836,0.7866908815526767,15802.969509437346,0.18478307213557973,0.5820336789768776,1
109219.305874141,690032.0495559856,14702.28859796266,34,1,2,70338.94269192025,38880.36318222075,0.35598434609193164,0.13461254381990725,0.5264881545996585,24178.074584258095,0.22137180227202438,0.5882085360921395,1
59508.10426525432,318573.4005177225,14092.371815306096,175,1,0,36326.02510019846,23182.07916505586,0.38956171518627,0.23681432956576928,0.44612046887162615,9089.707349749762,0.15274738562050066,0.6714381275122046,1
99922.56539211304,806563.4352381837,11581.933609376252,85,1,1,65552.17787051883,34370.38752159421,0.3439702272126321,0.11590908984298778,0.6726570653928307,22788.453912217956,0.22806113736964428,0.5518392444449557,0
198687.98334727462,1127131.8604878832,86395.71215711316,99,0,0,118530.69601375035,80157.28733352428,0.4034329906777615,0.4348310889345902,0.4727394855907642,-6238.424823588881,-0.03139809825682874,0.38424571874893465,1
366392.88449998305,2783734.4831872014,69501.17329084428,146,1,0,247827.76250578868,118565.12199419437,0.32360104961099445,0.18969029211823435,0.6331396798699134,49063.94870335006,0.13391075749276002,0.6341819791917322,0
113945.60440433612,281566.294871251,19800.540617937055,7,1,0,77842.52708692118,36103.077317414936,0.31684484457428586,0.17377186879166318,0.20592157133746075,16302.536699477874,0.14307297578262257,0.7687147810820965,0
275385.5597760286,2474806.2656677337,32796.63210731661,9,1,2,171890.7392255527,103494.82055047591,0.37581789195718307,0.11909350705966627,0.7488913203729396,70698.1884431593,0.25672438489751687,0.5276952010642516,1
67780.99126696335,306143.2892472784,14673.336857001503,128,1,0,43555.15726413002,24225.834002833326,0.35741339201454064,0.2164815914126846,0.37638783814955995,9552.497145831825,0.14093180060185606,0.700491011990058,0
101363.74527414421,948434.4823741465,30470.826712298396,217,1,0,70749.90108354356,30613.84419060065,0.30201966302452327,0.3006087297769854,0.779728557293874,143.01747830225213,0.001410933247537894,0.5458379409010437,1
232078.49473949085,970144.5150788089,51218.771262475704,7,0,0,139932.14439738914,92146.35034210171,0.397048207527959,0.22069589567085482,0.3483535876398918,40927.57907962601,0.17635231185710423,0.5072155654396906,0
619145.2406530869,3767775.583239128,211416.84468513547,179,1,1,415111.45254289324,204033.78811019368,0.3295410748776405,0.34146567041705544,0.5071205881709869,-7383.056574941787,-0.011924595539414936,0.5112775553818818,1
298321.7355774659,1862959.8161944665,93816.64620212372,11,1,0,204063.94820483454,94257.78737263137,0.3159601736366113,0.31448143066250744,0.5204000675613716,441.14117050764617,0.0014787429741038563,0.6180874074665856,0
118737.4334973578,434891.42167067196,20959.892485301338,138,1,0,73621.75359389796,45115.67990345984,0.3799617237344428,0.17652303800020866,0.30521926184884046,24155.787418158507,0.2034386857342342,0.7378250062452645,0
52356.43735295808,274511.07756391214,12846.433382409814,125,1,0,37268.51156080681,15087.925792151269,0.2881770906304575,0.24536492610844166,0.43692665671862313,2241.492409741455,0.042812164522015805,0.6707760325410363,1
55908.41132218603,429185.8072376898,3626.3881823534493,134,1,0,35203.736411021484,20704.674911164548,0.37033202020083783,0.06486301607562217,0.6397156186457653,17078.2867288111,0.3054690041252157,0.6821401079760215,1
126649.10947513132,308139.4868844744,30360.063204945054,43,0,0,78508.3123554182,48140.79711971313,0.38011161167434815,0.23971793667373967,0.20275144989273186,17780.733914768076,0.1403936750006085,0.5432873903626846,0
175958.09425851016,1090671.3587658438,50976.805615744255,171,1,0,116260.57384256678,59697.52041594338,0.3392712376632036,0.28970992116367944,0.5165393514868545,8720.714800199115,0.0495613164995241,0.6291542260884719,0
79204.04349920583,516518.0318954427,23550.85258504082,88,1,2,46678.45771929043,32525.585779915396,0.41065562240192355,0.29734406912289724,0.5434466148821281,8974.733194874578,0.1133115532790263,0.5180283878862028,1
168175.9935003156,1055256.431303848,55445.84348770557,187,1,1,114019.37788120378,54156.615619111835,0.32202346180288927,0.32968940651806833,0.5228929177803389,-1289.2278685937345,-0.007665944715179072,0.5112563620586711,1
172398.80122803888,889572.8184438089,40494.87835720745,160,1,0,118630.43659656713,53768.36463147175,0.3118836340419221,0.23489071889567978,0.4299975851084636,13273.486274264287,0.07699291514624228,0.677044436909189,0
172625.19667759372,1127821.8174124188,13628.642483724414,153,1,0,105351.59765917023,67273.59901842348,0.3897090361847241,0.07894932342454139,0.5444463106192302,53644.95653469906,0.3107597127601826,0.7050863774444145,0
126995.74583847348,487473.1210339201,9573.448890857488,96,1,0,73964.69683809007,53031.04900038341,0.4175813028243786,0.07538401249309568,0.3198749676058307,43457.60010952593,0.34219729033128293,0.7738839047210124,0
300798.8909853431,1014003.2361120005,40260.02539465983,159,1,2,205496.0169648913,95302.87402045177,0.3168325312246432,0.13384366299615635,0.280919485438254,55042.84862579193,0.18298886822848687,0.6621866891700613,0
163406.62655442816,1543333.298571964,52222.11699978435,240,1,0,105586.5595832609,57820.06697116727,0.35384162925552054,0.3195838388009925,0.7870617668708313,5597.949971382914,0.034257790454528016,0.5360479344183536,1
115401.50816288553,736029.4779328223,25727.324999661898,240,1,0,76943.8606822716,38457.64748061393,0.33325082221917063,0.22293751103623882,0.531499031547852,12730.322480952032,0.11031331118293178,0.6513752861211488,0
180672.02152901556,438329.6455261383,19906.307545439082,239,1,2,127875.46114456776,52796.5603844478,0.29222322270838585,0.11017924843577492,0.20217557843977127,32890.252839008725,0.18204397427261096,0.6952756270937587,0
99785.63958171025,382571.1789045657,19725.76507191729,57,1,0,69086.44354649361,30699.196035216635,0.3076514432728405,0.19768140139809087,0.3194941848248066,10973.430963299339,0.10997004187474953,0.7250791839933217,0
351333.091906216,1852463.8794985807,40368.713335655746,161,1,0,226123.30728410647,125209.78462210952,0.35638483110931296,0.11490154006452565,0.4393892676623321,84841.07128645378,0.24148329104478736,0.7222226036754902,0
277245.7667715923,1936100.943833782,77085.86906811921,87,1,0,192833.55575159384,84412.21101999847,0.30446708710088655,0.27804164502041273,0.5819448469790434,7326.341951879265,0.02642544208047382,0.6141998878981219,0
139345.97049775216,354441.9010787731,36805.67744240566,240,0,0,93360.33051814571,45985.63997960645,0.3300105472396725,0.26413162369125975,0.21196755804556422,9179.962537200787,0.06587892354841271,0.5307570831098268,0
147198.37857629967,1172223.903929418,18962.60049034824,240,1,0,101953.87370687819,45244.50486942148,0.3073709459779761,0.12882343320459236,0.663630443978136,26281.90437907324,0.17854751277338374,0.6493814935247223,0
416053.12593570404,1468176.5152302226,80491.00630748367,209,1,2,263220.01597240655,152833.1099632975,0.36734037178443407,0.19346328939713958,0.2940683179838896,72342.10365581384,0.17387708238729455,0.6343941888459773,0
241893.7129164202,782696.35219916,26818.70883808645,44,1,0,162161.59055068577,79732.12236573442,0.329616348455008,0.11086980523281698,0.2696419647712518,52913.413527647965,0.21874654322219098,0.7747594884754978,0
72945.80232588685,383316.433974537,24535.30683280708,80,1,0,43621.53823998582,29324.264085901028,0.4020007067013162,0.33634981109941187,0.4379009503773581,4788.957253093948,0.06565089560190433,0.6340897904470278,1
205524.1339587951,967846.7861773956,37077.197913787386,191,0,1,131385.4875904303,74138.6463683648,0.3607296376357855,0.18040313417022294,0.3924303063322303,37061.44845457742,0.1803265034655626,0.4101096544322418,1
177840.81310519206,1569145.2700717966,52922.97238141601,170,1,1,133380.60982889406,44460.20327629801,0.24999999999999997,0.29758620339928554,0.7352761357538956,-8462.769105118,-0.04758620339928557,0.46038267791411713,1
171712.61861666647,1216741.7041607501,55201.05097840587,88,1,0,125896.67313025426,45815.94548641221,0.2668175807666898,0.3214734678389445,0.5904932487212935,-9385.105491993658,-0.054655887072254675,0.5942626382480342,1
74152.82835793345,525814.6858760491,16374.110103352898,56,1,1,45922.75366277256,28230.074695160896,0.38070125334795296,0.22081571891385673,0.5909132727636919,11855.964591807999,0.15988553443409625,0.5343997306053497,1
147260.25858354042,718442.5313356672,14339.754398549803,56,1,0,95554.52015028633,51705.73843325408,0.3511180744255011,0.09737694702209757,0.40656054471529196,37365.98403470429,0.25374112740340365,0.7390810577765734,0
94134.30044922105,512580.31052086386,10932.457314872485,184,1,0,58718.19043906472,35416.11001015633,0.37622959793769195,0.11613680945947849,0.4537668594008457,24483.65269528384,0.26009278847821343,0.717415218395955,0
171113.92111112195,1030332.2411130498,34434.65404150848,112,0,0,105847.45255960518,65266.468551516766,0.3814211498848916,0.20123817990908235,0.5017769421401764,30831.81451000829,0.18018296997580932,0.46897164539431413,0
108233.08532127144,512806.5212623256,6739.315172701557,139,1,0,65822.7529106966,42410.33241057485,0.39184258939571953,0.06226668262017154,0.39483191895539377,35671.0172378733,0.32957590677554804,0.7566437512653132,0
426132.8371192059,1764082.1256672714,100130.1839467371,197,1,2,263559.3025153628,162573.53460384312,0.38150905173816724,0.23497410953741357,0.3449789150242895,62443.35065710603,0.1465349422007537,0.6025166816777477,1
256083.51841268758,527019.771083605,70743.07973998264,27,1,1,147780.63842739305,108302.87998529454,0.42292014986595367,0.2762500303747689,0.17149996426631087,37559.8002453119,0.14667011949118475,0.6380499985701992,0
226123.85645157896,2100466.093110965,44364.00989556033,171,1,0,161776.4773091289,64347.37914245005,0.2845669632218973,0.19619340741723207,0.7740839194915392,19983.36924688972,0.08837355580466522,0.5892974611856454,1
123538.92039733902,399215.0612794531,30026.98893652793,88,1,0,77639.03181864027,45899.88857869875,0.3715419272814644,0.2430569155044575,0.26929101910788866,15872.899642170814,0.12848501177700683,0.7219899280658504,0
174288.17054805032,1173434.1166051512,53180.23586123312,212,1,2,110902.6472369458,63385.52331110451,0.36368230334731444,0.3051282005772825,0.5610603179565964,10205.287449871394,0.05855410277003195,0.5096306243821082,1
183557.342485703,1007155.1717247518,31880.291592293586,240,1,0,125749.78765961023,57807.554826092775,0.3149291335517963,0.17368028519358572,0.45723911943357143,25927.26323379918,0.14124884835821055,0.6933561500924943,0
106405.27686686654,588480.3069389303,16367.517993363203,142,1,0,71796.57985510762,34608.69701175892,0.32525357793167586,0.15382242756477307,0.4608796388886116,18241.17901839572,0.1714311503669028,0.7002071373075074,0
169188.860841952,970965.3263828907,65137.226359529865,68,0,0,109781.52255900868,59407.338282943325,0.3511303166609696,0.38499713299906835,0.47824529815919703,-5729.888076586532,-0.03386681633809873,0.4025275573526136,1
265480.4366014984,1920202.6358196668,48181.19132494153,60,1,0,179680.88496250642,85799.55163899198,0.3231859670616035,0.18148678652832076,0.6027445500946657,37618.36031405046,0.1416991805332828,0.6465819203602721,0
124349.37863829645,1050909.6270890604,26833.09771289635,48,0,0,77587.56890973264,46761.80972856381,0.3760518165883489,0.21578795171102236,0.7042721340181315,19928.71201566745,0.1602638648773265,0.4024031791101516,1
118854.23281368018,846968.1503158741,24764.57510690954,240,1,2,79920.50428283114,38933.72853084904,0.3275754477493691,0.2083609015905332,0.5938423691113645,14169.153423939497,0.11921454615883584,0.5385029286303774,1
73817.020143144,548659.2455740257,10480.84116264891,50,1,0,48148.89226863258,25668.12787451141,0.34772641627549394,0.14198407281037279,0.6193910795799311,15187.2867118625,0.20574234346512119,0.6573890470018716,1
339965.0217099266,1417549.0365057967,109247.65891417161,98,0,0,247151.78023786115,92813.24147206545,0.2730082083304966,0.3213497034626892,0.34747423655918375,-16434.417442106176,-0.04834149513219262,0.46721784764716917,1
429524.24560905347,3728188.2318643997,166014.6347903014,118,1,1,292050.6912118364,137473.55439721706,0.3200600566850036,0.386508180824338,0.7233173815713888,-28541.080393084325,-0.06644812413933436,0.4284015131988482,1
158588.1139275076,930661.594238798,17104.508670962296,183,1,0,102947.90933871185,55640.20458879575,0.350847255893525,0.10785492208313265,0.48903496568907107,38535.69591783345,0.2429923338103923,0.7101475414600256,0
338033.2639829878,2728360.864626338,93910.18868504956,204,1,1,234088.26183484064,103945.00214814715,0.3074993298688451,0.2778134541509968,0.6726066029909136,10034.813463097584,0.029685875717848306,0.48709263744232734,1
106611.74169825911,573640.0828616379,21658.94889300015,137,1,0,63386.88123787897,43224.860460380136,0.4054418375671839,0.20315725592684716,0.44838719898007656,21565.911567379982,0.2022845816403367,0.6842209379352382,0
254363.86362449423,2543638.6362449424,51710.97903268801,172,0,0,166667.7746718833,87696.08895261094,0.3447663032909135,0.20329530419865996,0.8333333333333335,35985.10991992292,0.14147099909225352,0.368681878320536,1
84254.66593843313,515233.6701474792,21725.401007313743,157,1,0,55432.70861857975,28821.957319853376,0.34208143844418376,0.2578539807301474,0.5095995420637126,7096.556312539629,0.08422745771403628,0.6439785450888273,0
110574.97677290112,398796.77799286623,15514.585407443295,126,1,1,74104.75868309809,36470.218089803035,0.32982342980460727,0.1403082854749963,0.3005477894062137,20955.632682359734,0.18951514432961095,0.6537123489881375,0
354609.0223218337,1520989.5918217688,72799.00691553968,31,1,1,257729.40197262447,96879.62034920923,0.27320122797463364,0.20529372444863864,0.35743346805423337,24080.613433669554,0.06790750352599498,0.6106524698042747,0
171255.23184057133,528991.2634344713,53562.37171587737,55,1,1,98722.5299618318,72532.70187873954,0.4235356847156837,0.3127634183213791,0.2574088091349191,18970.330162862156,0.11077226639430456,0.5976719899309727,0
80312.41443733382,562417.2871885286,30663.670865284337,107,1,0,52613.5753969687,27698.83904036512,0.3448886356414795,0.3818048688999456,0.5835723853412597,-2964.831824919216,-0.0369162332584661,0.5722063368376439,1
73151.57518863563,366919.0380869781,21255.027293669194,34,1,0,43438.03338292922,29713.54180570641,0.4061914145947539,0.29056144367170433,0.41798944764211116,8458.514512037218,0.11562997092304965,0.658378588238685,1
71336.09403651762,520353.2828961905,10646.202157117606,98,1,1,39720.118241429875,31615.975795087747,0.4431974615669766,0.14924004882672318,0.6078658238911248,20969.77363797014,0.2939574127402534,0.5579442333019734,1
208090.07024349034,1643938.3110114718,48022.21703169626,114,0,0,140393.47289173174,67696.5973517586,0.32532353548896137,0.23077611043864085,0.6583440482799375,19674.380320062337,0.09454742505032053,0.4101863413405624,1
264151.9866682811,1223063.7283861511,62953.93714223598,135,1,1,150519.1547682476,113632.83190003349,0.4301797360423878,0.23832467791087555,0.38584596183069786,50678.894757797505,0.1918550581315122,0.5889163402864405,0
202345.94948243242,595687.2843185622,39995.2864659199,215,1,0,129606.97238146796,72738.97710096446,0.3594782958938332,0.19765795444989753,0.2453254298073144,32743.690635044564,0.16182034144393562,0.7473391892778467,0
63070.43523301963,540087.4248338062,16968.914980729507,233,1,0,39760.91914596099,23309.51608705864,0.36957912215033006,0.26904705696157416,0.7136035328840455,6340.601106329137,0.10053206518875592,0.5783001173501567,1
331219.96121129504,1719271.0300452195,49198.48705013099,177,1,1,220792.19837358798,110427.76283770707,0.33339706469943675,0.14853720431041842,0.4325602397667808,61229.27578757604,0.18485986038901825,0.6108170463457984,0
392608.5186190891,3277150.708385309,99286.60308275057,12,0,0,276401.1220167952,116207.39660229388,0.29598796534274624,0.25288957924797084,0.6955933949828571,16920.79351954331,0.04309838609477538,0.39016614980595454,1
67022.65802621623,263762.57168655796,9558.553762980266,120,1,0,41792.060902007775,25230.597124208456,0.37644876922576526,0.14261675147591718,0.3279519934678732,15672.043361228192,0.23383201774984808,0.7445677013692711,0
107450.26686093287,303138.2675442838,5939.449673982614,195,1,0,63216.35871687837,44233.9081440545,0.4116686671546761,0.0552762673141587,0.23509967013903857,38294.458470071884,0.3563923998405174,0.8073595920326251,0
433316.5902477575,3061502.9153831736,130872.53115673736,133,1,1,316461.0319499668,116855.5582977907,0.26967709274869023,0.30202520305513425,0.5887733096088585,-14016.972858946654,-0.032348110306443995,0.5025579258952887,1
148622.48828282105,758453.0779266888,22019.691919352186,131,1,0,85226.01324234957,63396.47504047149,0.42656044702892615,0.1481585470258702,0.42526823424112364,41376.7831211193,0.2784019000030559,0.7131561109173148,0
73316.71373479466,431007.3210883794,19741.42807795182,126,1,0,42884.47242316452,30432.241311630132,0.41507917855826637,0.26926231512996646,0.4898920713670684,10690.813233678316,0.14581686342829997,0.6453274525378929,1
152067.84047961183,561475.0411115026,50199.43409940503,119,1,1,91775.42281597565,60292.41766363618,0.3964836843442895,0.33011209958055143,0.3076889012937952,10092.983564231152,0.06637158476373804,0.5756484897796409,0
55896.08953022752,307273.545873179,9365.691319897389,142,1,0,34325.90582573331,21570.183704494208,0.3858979024432375,0.16755539427910437,0.45810232948259505,12204.492384596815,0.2183425081641331,0.6955471434435798,1
191348.23196797603,1876575.0808539835,64702.9952125225,36,1,2,113326.54093775139,78021.69103022464,0.4077471227603625,0.3381426342280036,0.8172600035520783,13318.69581770213,0.06960448853235886,0.4195649452431751,1
287500.0705756473,2550006.9499231125,44184.743778771575,127,1,1,199256.44122484993,88243.62935079736,0.306934287612909,0.15368602759054156,0.7391322678105083,44058.885572025785,0.15324826002236744,0.5167859086206309,1
164258.56938235994,955355.5290644323,32788.865373924426,54,1,0,114342.99203182678,49915.57735053316,0.30388415982328465,0.19961738067740464,0.4846807144049019,17126.711976608727,0.10426677914587998,0.6747488334075675,0
99748.14429443098,261953.83602224724,14728.195096187193,184,1,2,62047.47974666304,37700.66454776794,0.37795855566480746,0.14765382554600046,0.2188460395889894,22972.46945158075,0.23030473011880703,0.6752846579049029,0
169050.29893095,861336.5498626345,19064.377382335984,227,1,0,94028.20279664903,75022.09613430097,0.4437856460990014,0.11277340237134385,0.4245957935348257,55957.71875196499,0.3310122437276576,0.7275119009910147,0
174626.67521598187,1203310.350992116,26064.433802138337,143,1,0,104903.6153254617,69723.05989052018,0.39926923996167973,0.14925803156878129,0.5742299248305167,43658.62608838183,0.2500112083928984,0.6680278099233325,0
198355.28755524597,1445289.7229376421,20417.71863590609,115,1,0,127935.62251914795,70419.66503609803,0.35501783644907736,0.10293508626645177,0.6071973766328679,50001.94640019194,0.2520827501826256,0.676666752503559,0
168089.2089000914,865885.4159116569,20525.09251216886,240,0,0,111348.25377193363,56740.95512815779,0.33756453194971836,0.1221083295380879,0.4292787054255619,36215.862615988925,0.2154562024116304,0.5223730565570963,0
181847.2670479826,1180047.3026191308,57270.797803279864,179,0,0,120077.27811798893,61769.98892999368,0.3396806008291283,0.3149390075143019,0.5407685076307109,4499.19112671382,0.024741593314826414,0.41179384470506597,1
159293.74854201716,744564.3533191802,26767.516385901847,124,1,0,105373.69297660998,53920.05556540718,0.33849448618622097,0.16803871232172893,0.3895132735036289,27152.539179505344,0.1704557738644921,0.7159305330202197,0
185862.85175491974,881498.1469063875,48853.91652167109,12,1,0,133211.03263806034,52651.819116859406,0.2832831769216934,0.2628492787041181,0.3952278694492871,3797.902595188323,0.020433898217575335,0.6762919276835666,0
170204.25586344476,1383911.3862611302,24257.921253995788,9,1,0,108851.21594017287,61353.03992327189,0.3604671317531306,0.14252241303212754,0.6775738260482772,37095.1186692761,0.21794471872100302,0.6397188869726658,0
110176.76469072106,574646.6314190676,17109.015206853604,76,1,0,72881.88171137251,37294.88297934855,0.3385004368574409,0.15528696322569094,0.43463991177583833,20185.867772494952,0.18321347363175006,0.7074932411769721,0
88771.04921502848,265138.1444094955,13072.809695460945,61,1,1,55040.17519054589,33730.8740244826,0.37997606565150444,0.14726433686499432,0.24889697218670942,20658.064329021647,0.23271172878651009,0.6664251735979895,0
100946.3276924642,667572.9970356178,34401.0171874666,175,1,0,66288.57072709713,34657.756965367065,0.3433285564478669,0.3407852269006779,0.5510956600202747,256.73977790046774,0.0025433295471890037,0.5983572112336464,0
141349.77326215344,1089443.8570042474,43086.60342061633,123,1,0,94942.3819376816,46407.39132447184,0.3283159941006957,0.30482258603065493,0.6422860538680156,3320.787903855511,0.023493408070040786,0.5853851494273333,0
255173.84550971698,2106790.9756554407,55715.57187857725,228,0,0,170635.95738463907,84537.88812507791,0.33129527031350364,0.21834358363524214,0.6880247240357079,28822.316246500646,0.11295168667826146,0.4062551493351908,1
208461.31996212283,1324960.9604003676,29694.971498678577,151,1,0,127822.1016220114,80639.21834011143,0.38683060413684167,0.14244835206873926,0.529658995667682,50944.24684143285,0.2443822520681024,0.6841229604721997,0
214075.86033121758,1466970.5444399458,60096.15438791842,206,1,0,151265.63593766652,62810.22439355106,0.293401714216499,0.28072363831651925,0.5710477826918664,2714.070005632646,0.012678075899979775,0.6163962098658324,0
176543.21869943407,583050.6992468733,14790.541440671872,153,1,0,108624.63496431442,67918.58373511965,0.3847136368956287,0.08377858719032907,0.27521622540083734,53128.04229444779,0.3009350497052997,0.7839236975036172,0
181705.03226207566,1099524.2203113905,27711.94883779713,108,1,0,122789.09863841065,58915.93362366501,0.3242394164333861,0.15251062941299173,0.5042624148522625,31203.984785867884,0.1717287870203944,0.6877170237791246,0
110420.4042528015,882044.082074576,30013.674574464243,191,1,1,72282.16430654084,38138.239946260655,0.3453912363782443,0.27181275759278667,0.6656711139902369,8124.565371796416,0.07357847878545767,0.4915735627658143,1
151143.0895970624,1078149.6496304371,24254.675396329494,129,1,0,99953.31764341194,51189.771953650474,0.3386841706764038,0.16047492122194187,0.5944420242790643,26935.096557320983,0.17820924945446193,0.657477424227504,0
109914.6400674713,565870.9673354119,25968.587384430768,88,0,0,66701.78987675617,43212.85019071512,0.39314917616241873,0.23626140583720154,0.42902304839165123,17244.262806284358,0.15688777032521725,0.476788523147624,0
199269.13750614683,1424977.1972775226,36659.088062694944,135,1,1,112110.23937440017,87158.89813174665,0.4373928608440837,0.1839677158313797,0.5959181700651657,50499.81006905172,0.253425145012704,0.5476374626478985,0
223668.80087001857,1418713.2528783705,51236.33972449837,162,1,0,146337.19192220372,77331.60894781485,0.34574159939613053,0.2290723584389113,0.5285766452301768,26095.269223316485,0.11666924095721924,0.6497980630553826,0
76696.86961958025,391696.6361664544,4909.767541254338,112,1,0,48926.550137150225,27770.319482430023,0.36207891691241106,0.06401522729163517,0.42558955155676115,22860.55194117569,0.298063689620776,0.7467170436163175,1
128204.17225352986,544105.0302905908,11527.81720037719,189,1,0,78676.67737337197,49527.49488015789,0.38631734061052947,0.08991764462688767,0.35367090680857954,37999.677679780696,0.2963996959836418,0.7579316701066712,0
225546.72473476126,1336408.0340237406,30716.77372915727,240,1,0,144743.74919648573,80802.97553827552,0.3582538191733811,0.13618807262787622,0.49376614224662746,50086.20180911827,0.22206574654550496,0.6973949282748613,0
112547.67705245386,521441.3106072914,13924.274149021348,120,1,0,74882.69004974005,37664.98700271381,0.3346580577150402,0.12371889419389628,0.38608919960521043,23740.712853692457,0.2109391635211439,0.7346856824408783,0
142933.06338476448,371281.90367083385,44281.90666913584,93,1,0,95423.3828750302,47509.68050973427,0.33239111640560015,0.3098087008037633,0.21646607094642406,3227.7738405984273,0.022582415601836756,0.7111366983945675,0
148365.47855190473,855816.8073944015,30030.66389406514,118,1,0,105874.50143789129,42490.97711401344,0.2863939612417874,0.20241004974455093,0.48069178881067415,12460.313219948308,0.08398391149723651,0.6748284434589775,0
81314.79817275345,348082.40183523064,8052.598664135772,220,1,2,50148.670566346096,31166.127606407354,0.3832774391223951,0.09902992868564969,0.35672309925651424,23113.52894227158,0.28424751043674534,0.6533710987487859,0
210103.16996516095,819902.8804602897,67535.66504487734,48,1,0,139553.90492186428,70549.26504329668,0.3357839153735523,0.3214404859102127,0.32519852056343124,3013.5999984193477,0.01434342946333965,0.6738642494668856,0
92579.42518675423,399176.7921608198,32834.87196435189,222,1,0,62569.55717148582,30009.86801526841,0.32415267166253764,0.3546670537013631,0.3593102097249536,-2825.0039490834824,-0.030514382038825498,0.6503401156019687,1
119036.79747810222,726615.4066724704,14945.210952991678,103,0,0,73146.49280610026,45890.30467200196,0.3855136028877445,0.1255511847564697,0.5086770240144559,30945.093719010285,0.2599624181312748,0.4971764188930754,0
278691.7144493796,2513652.875610802,60807.00474169553,203,1,1,181788.54776870864,96903.16668067095,0.3477073829486669,0.2181873431789457,0.7516228940692612,36096.16193897542,0.12952003976972115,0.4872381945076434,1
274083.7237949177,2740837.2379491767,116399.47508285944,178,1,0,159771.64397490805,114312.07982000965,0.417069931177465,0.4246858349383599,0.8333333333333333,-2087.395262849808,-0.007615903760894957,0.4801256660246561,1
181902.07270609093,1047400.3143715815,38386.13831815274,178,1,0,132510.6155980121,49391.457108078816,0.27152773123087653,0.2110263931966037,0.4798370806471986,11005.318789926067,0.06050133803427275,0.671638318527199,0
203461.18134811157,815195.3888267353,42661.38415894223,219,1,0,126818.2991282394,76642.88221987216,0.376695356392039,0.20967824857927472,0.3338865360889891,33981.498060929924,0.16701710781276422,0.7159627397415933,0
211661.3363712956,1683298.9241514576,90102.17730702572,37,1,1,145961.5225299201,65699.8138413755,0.3104006379612246,0.42569029777346196,0.66273280113797,-24402.363465650225,-0.11528965981223743,0.43090404054922427,1
221416.02378523533,1634511.8529580957,73942.28505821619,133,1,0,143347.25646573023,78068.7673195051,0.35258860666393627,0.3339518242362497,0.6151737293049707,4126.482261288911,0.018636782427686596,0.5818671515140089,0
226026.89223373184,1474907.576653727,42385.08014715872,29,1,0,147475.0294411482,78551.86279258365,0.34753326038458315,0.18752228873424845,0.5437802710398069,36166.782645424915,0.16001097165033468,0.6618570031943587,1
91454.81082914087,781153.0907854155,10337.001597871866,94,0,0,57592.70028589512,33862.110543245755,0.37026057171019855,0.11302851653352408,0.7117842168018854,23525.108945373882,0.25723205517667436,0.44125332834602476,1
122434.05458669022,918610.0832329814,37542.85683138533,33,1,0,77064.73919276592,45369.315393924306,0.3705612425160703,0.30663737273197034,0.6252414046715474,7826.458562538974,0.06392386978409997,0.5897726295057477,0
107080.70548982166,595778.5615202846,6335.453124871754,184,1,0,61463.859858614895,45616.845631206765,0.42600434338325105,0.05916521651488332,0.4636522820139893,39281.39250633501,0.3668391268683677,0.73723822878985,0
66004.00610003757,335513.25620309287,16132.287104966455,166,1,0,38431.12928240757,27572.87681763,0.41774550435377744,0.24441375695462933,0.42360213673315944,11440.589712663546,0.17333174739914817,0.6751538561982005,1
102721.02750832349,515334.27579841757,21990.97916224737,179,1,0,70984.29414886059,31736.7333594629,0.30896043516398114,0.2140844936589584,0.41806944522358547,9745.75419721553,0.09487594150502274,0.688945368969341,0
218801.11596036487,787871.5872685154,46000.93569744364,65,1,1,133626.4414690475,85174.67449131736,0.3892789765603686,0.21024086415435175,0.3000714384729326,39173.73879387372,0.1790381124060168,0.6258822227963795,1
197276.5158478633,1839715.7803844041,49259.67074404956,84,0,2,128486.24465620049,68790.27119166282,0.3486997471341842,0.24969860468357966,0.7771307583493471,19530.60044761325,0.0990011424506045,0.2669813306217641,1
83969.24243629615,546687.2537733351,16984.384743976974,164,1,0,58331.66335107897,25637.579085217178,0.30532107163724037,0.20226911963463642,0.5425471258995848,8653.194341240203,0.10305195200260393,0.6563282143762701,0
84540.01799461183,584136.2593390536,34491.98131986907,188,1,0,61226.498095821735,23313.519898790095,0.2757690434874994,0.4079959070042713,0.575798571685782,-11178.461421078973,-0.13222686351677182,0.5640620656925569,1
115540.65264371248,616804.3180877,13521.641399413884,232,1,0,73712.66744537429,41827.985198338196,0.3620196376016784,0.11702929739465781,0.44486817985304833,28306.34379892431,0.24499034020702054,0.7197278270862224,0
218218.22705654768,1407609.3910535167,27578.510737630913,41,1,0,130833.59170130304,87384.63535524464,0.4004460880007074,0.12638041794045185,0.537538885591791,59806.12461761372,0.2740656700602555,0.6881861671462821,0
148244.90262077175,862426.6794176433,28149.029246486694,100,0,0,103687.19553783305,44557.70708293871,0.30056822389989807,0.18988193690878727,0.48479838888841614,16408.677836452014,0.11068628699111079,0.47860770856996027,0
494024.1704998623,2495336.470272482,186107.09754588205,6,1,0,325101.8328573082,168922.33764255408,0.3419313218453168,0.37671658323432966,0.42092010527670753,-17184.75990332797,-0.03478526138901287,0.6230373351232559,1
273264.9394965266,1130163.9072802973,82938.68704727477,186,1,2,160873.69119239133,112391.24830413528,0.4112904074383236,0.3035101656293122,0.34464840524442225,29452.5612568605,0.10778024180901137,0.5752014121749485,1
294247.1336487743,1688195.7440764797,97835.48627682906,22,1,0,202329.6152956075,91917.51835316679,0.31238203483362864,0.3324942712733766,0.47811163673378404,-5917.967923662276,-0.020112236439747994,0.6235688004705142,1
95975.98512721504,516744.3058323562,29428.9949375419,187,0,1,66816.64630511851,29159.338822096528,0.30381911457794536,0.30662873528762546,0.44867500374131586,-269.6561154453666,-0.002809620709680037,0.342746004762555,1
172173.6277452382,1070050.5358075316,23475.967366284574,60,1,0,117881.9232350695,54291.704510168696,0.3153311295182966,0.13635054144889996,0.5179125232576577,30815.737143884122,0.17898058806939668,0.6900860264431428,1
106162.4583575302,635366.3342165309,15338.806891185828,27,1,0,62632.97938679306,43529.47897073714,0.41002704387402267,0.14448428501465493,0.49873745707480266,28190.67207955131,0.26554275885936773,0.6925850488716973,0
167372.16291380036,1433545.689404867,8368.60814569002,230,1,0,102961.01456716603,64411.148346634334,0.3848378799992399,0.05000000000000001,0.7137515504610168,56042.540200944306,0.33483787999923986,0.665874534861695,1
108327.57409243687,823815.490241322,34983.797688173465,109,1,0,77099.29704016507,31228.277052271806,0.28827634435554184,0.3229445317248726,0.6337379141792906,-3755.5206359016593,-0.034668187369330736,0.5807008130562639,1
245185.56118854848,1311569.544681096,57852.06675099193,93,0,0,152321.974481848,92863.58670670047,0.37874818670618243,0.23595217626417855,0.445774463744657,35011.51995570853,0.1427960104420038,0.4718867903709315,0
137827.90524908924,922391.6894684209,30069.496282280685,175,1,0,85301.83028588443,52526.07496320481,0.3810989862196422,0.2181669686406221,0.5576952938771906,22456.578680924125,0.16293201757902012,0.645424624380594,0
150690.49973405557,1248603.5951913358,27655.84080172526,70,1,0,100971.95581915599,49718.54391489958,0.3299381447579296,0.18352743438062358,0.690490109083917,22062.703113174328,0.14641071037730607,0.6194419935225755,0
140607.4400478171,853843.8940682956,8328.914163196861,186,1,0,94503.32174389836,46104.118303918745,0.32789245212230506,0.0592352307983447,0.5060447570542997,37775.20414072188,0.2686572213239603,0.7244924805643722,0
108963.59465443401,608182.2762711494,27556.454465923194,124,1,0,68620.52874287228,40343.06591156173,0.370243529864312,0.25289597459881386,0.4651265086899989,12786.61144563854,0.11734755526549821,0.6593036575534748,0
94217.13025234046,504183.4607859484,20118.545164989984,88,1,0,58424.03994657547,35793.09030576499,0.3799000267775175,0.21353383520710892,0.44594107553796275,15674.545140775015,0.16636619157040863,0.6808041432557677,0
221922.5409792504,772860.8901999606,26461.840502231906,116,1,0,144204.47005238335,77718.07092686705,0.3502035916853243,0.11923908398609256,0.2902142067188744,51256.23042463514,0.2309645076992317,0.7652401043899006,0
420984.2820393227,1756184.4391998423,126518.89552255257,6,0,2,313868.39195219,107115.89008713269,0.25444154249238066,0.30053116213667774,0.347634601837661,-19403.00543541991,-0.04608961964429717,0.37549715459403055,1
90298.0727907042,372634.68282394164,28378.541668414666,94,1,0,56453.77487145189,33844.29791925231,0.3748064257993382,0.31427627181137485,0.34389316710339835,5465.75625083765,0.06053015398796337,0.6711215411444305,0
312523.6638053117,1510635.5975913946,63891.284309903596,132,1,0,233397.0448611547,79126.61894415703,0.25318600831919524,0.20443662899621262,0.4028056572308215,15235.334634253435,0.04874937932298262,0.6973836512322684,0
112269.84385461062,431245.2061624624,29964.343893166202,38,1,0,71810.30467785882,40459.5391767518,0.3603776204511951,0.2668957474633171,0.32009575572294424,10495.195283585592,0.09348187298787788,0.69721297429779,0
76866.06997298311,276441.7782783897,6270.251003434014,51,1,0,40721.552024245604,36144.517948737506,0.4702272141849009,0.08157371653888226,0.299700698430783,29874.266945303498,0.3886534976460187,0.7774603038552121,0
178589.934442492,703877.0134506231,8929.4967221246,178,1,0,124580.34121154403,54009.59323094797,0.30242238119158765,0.05,0.32844190223072156,45080.096508823364,0.25242238119158766,0.7814674293307835,0
76378.63061962863,260071.83292013465,17901.899841034778,94,1,0,51417.893425834256,24960.737193794375,0.3268026277939014,0.23438361876619124,0.28375283200972806,7058.837352759598,0.09241900902771015,0.7211207028906053,0
171477.1408429972,701459.4000196555,16349.692757828065,56,0,0,105077.83409545248,66399.30674754473,0.3872195816953776,0.09534619411923648,0.3408906266705178,50049.61398971666,0.2918733875761411,0.55959433435115,0
187833.67939982284,1163712.0256193713,73027.63752763502,169,1,0,132972.28821584908,54861.391183973756,0.2920743040293417,0.3887888357454169,0.5162865490619734,-18166.24634366126,-0.09671453171607516,0.5895985009832412,1
111258.57668218878,498217.14236813074,13420.419778634736,206,1,0,60588.334426085086,50670.242256103695,0.4554277410976031,0.12062368743912927,0.3731675924269737,37249.82247746896,0.3348040536584738,0.7398002472962562,0
199760.73608858814,1602040.8674109168,37053.77799200842,14,0,2,122027.35996054567,77733.37612804247,0.38913240734941,0.18549079622722323,0.6683165482448538,40679.59813603404,0.20364161112218673,0.32530871703565467,1
315004.8339101195,1701781.5416417879,89023.81573047469,41,1,2,214527.61982894316,100477.21408117632,0.3189703879586989,0.28261095115726353,0.45019984839538424,11453.398350701638,0.03635943680143538,0.5518956650184793,1
88079.01539515977,644246.2561577159,18585.979053241535,111,1,0,56473.83158638241,31605.183808777365,0.35882762388956235,0.2110148367333236,0.6095343796962254,13019.20475553583,0.14781278715623877,0.6327337513978031,0
158377.34613736576,494900.03847494785,37686.014613631596,195,1,0,92498.34179491125,65879.00434245451,0.41596229479256164,0.23795078988724375,0.2604013192463908,28192.989728822926,0.17801150490531795,0.7266992882711854,0
235694.02382010326,1985882.0955414914,47435.68556718871,11,1,0,161482.8326014368,74211.19121866647,0.314862422117708,0.20125960259134384,0.7021398843560425,26775.505651477753,0.1136028195263641,0.6088541936566498,1
74809.42649704499,526516.1304704306,14451.06537374946,213,1,0,52764.32179242732,22045.104704617668,0.2946835143227366,0.19317171712739015,0.586508228446349,7594.0393308682105,0.10151179719534649,0.6467788446151392,1
113034.42487822766,276364.3577232369,13889.36156475617,99,0,0,69711.79976948585,43322.625108741806,0.3832693018557259,0.12287727017427852,0.20374645306873332,29433.26354398564,0.26039203168144737,0.5897251560096686,0
203798.29341480965,1233047.3088390168,16630.773251663533,53,1,0,142412.95116890306,61385.34224590659,0.30120636055064154,0.08160408496558591,0.5041943221482563,44754.56899424305,0.21960227558505557,0.7161000693692887,0
228001.16631345032,1142960.8691590438,19841.35708168736,226,1,0,152324.8835299201,75676.28278353022,0.3319118231153798,0.08702305081373995,0.41774671874109687,55834.92570184285,0.24488877230163983,0.739866764052175,0
232972.15729145164,1834115.4984145167,76500.4381103904,26,1,0,147083.11341155527,85889.04387989637,0.36866656032397854,0.328367299336492,0.6560567579326697,9388.605769505986,0.04029926098748659,0.5718360528856024,0
89754.0343141544,623027.2700188822,21933.573425784136,36,0,0,63244.36230411025,26509.672010044153,0.29535911352191463,0.24437423446630704,0.5784579998545254,4576.098584260013,0.050984879055607564,0.42871290625711955,1
145281.80571059597,1070058.6372774332,25229.02424526487,240,1,2,92050.40398196182,53231.401728634155,0.3664010195101242,0.17365577280558828,0.6137833479581342,28002.377483369288,0.192745246704536,0.5464026864903245,1
372329.2268951719,3370448.465332411,103574.65739104882,116,0,2,245145.6259834467,127183.60091172523,0.34158908762629414,0.2781803036381292,0.7543611544721571,23608.943520676374,0.06340878398816485,0.2624195322031012,1
158858.48185753237,795700.2907844443,39176.28582782838,132,1,0,98671.33211618637,60187.149741346,0.3788727491134097,0.246611231391236,0.4174052073897892,21010.86391351762,0.13226151772217365,0.6761339452265689,0
162475.52104822666,808819.4780687436,45811.51975432091,185,1,0,91692.78510216452,70782.73594606214,0.4356516938022443,0.2819595189402282,0.41484171115468443,24971.21619174123,0.1536921748620161,0.6627636790775033,0
195171.0318662285,628402.6031968477,34058.05552586665,154,0,0,119837.50519623556,75333.52666999293,0.38598723360558457,0.17450364021854567,0.2683127875023477,41275.47114412628,0.2114835933870389,0.5497047076618774,1
210050.729573716,1368574.0968609357,48408.323207607405,138,1,0,125509.84547357543,84540.88410014057,0.4024784121041173,0.23046015267763592,0.5429537980493117,36132.56089253316,0.17201825942648136,0.6449297995141521,0
95685.33740621943,752601.7095412863,6672.759876868109,29,1,0,68243.44741589554,27441.889990323893,0.2867930524592601,0.06973649315296648,0.655448481747884,20769.130113455787,0.21705655930629364,0.6754708582144482,0
58617.26184781238,457498.5275795952,11987.423352342808,153,1,1,39038.98151101808,19578.280336794298,0.33400195982584896,0.2045032977395921,0.6504035858461451,7590.856984451486,0.12949866208625677,0.5230776051503198,1
192879.49282301965,1197235.8198517016,32599.391145203797,71,1,0,127654.49414148976,65224.99868152989,0.33816450741799886,0.16901429316343136,0.5172641746100715,32625.607536326104,0.16915021425456758,0.677215030351606,0
246558.05526823728,2460792.445694246,66956.86502962396,183,1,0,184918.54145117797,61639.51381705931,0.24999999999999997,0.2715663252485495,0.8317150170497986,-5317.351212564652,-0.021566325248549515,0.5418589647856407,1
149026.4104068888,869224.2759941753,12900.017457194584,142,1,2,93596.21158257413,55430.19882431468,0.3719488288886034,0.0865619551727341,0.48605717694653394,42530.18136712008,0.28538687371586924,0.6195580648469462,1
72528.3933471059,295381.6999182924,9916.79153608325,53,1,0,46987.398072986456,25540.995274119443,0.35215167599102215,0.1367297837224042,0.33938628065362925,15624.203738036194,0.21542189226861796,0.7434922023149495,0
224697.05341229952,934384.5511846172,37069.46843432063,214,1,0,131727.61495719416,92969.43845510535,0.4137545955465403,0.16497532064339707,0.34653493707595967,55899.970020784735,0.2487792749031433,0.7300493906198533,0
263215.1758974454,2057559.451004104,23220.07918824897,90,1,1,169284.45986210095,93930.71603534446,0.3568590439935044,0.08821709883968103,0.6514186995452014,70710.6368470955,0.2686419451538234,0.5692875506005672,1
124220.1967127505,313649.06438172545,8456.733383330158,87,1,1,74946.01813398933,49274.17857876117,0.39666801279266894,0.06807857020936534,0.21041201610919355,40817.44519543102,0.3285894425833037,0.7096449670834958,0
117779.22526961178,900930.5575284414,11782.106576916402,240,1,0,80534.03321962636,37245.19204998542,0.3162288762277591,0.10003552451585282,0.6374430319849813,25463.08547306902,0.2161933517119063,0.6687528805981645,1
135594.06638557848,826595.6483449084,10053.565030543614,206,1,1,84772.44068054433,50821.62570503415,0.3748071509303112,0.07414457946821257,0.5080087391105433,40768.06067449054,0.3006625714620986,0.617939546479552,0
261003.23200522136,1106985.6717941614,22280.444165868004,225,1,0,155951.61702728883,105051.61497793254,0.40249162499195024,0.08536462937524959,0.3534393243873752,82771.17081206452,0.3171269956167006,0.7598223509336877,0
116464.10439698222,1164641.043969822,19603.7868549601,149,1,0,78126.04728807618,38338.05710890604,0.32918346221275235,0.16832471220607323,0.8333333333333333,18734.270253945942,0.16085875000667912,0.5826701151175708,1
180160.5121529982,1213724.9205780718,73222.17492692712,219,0,0,129176.34359665695,50984.16855634126,0.2829930263133568,0.4064274354679035,0.5614090578051388,-22238.006370585863,-0.12343440915454669,0.36900630847129695,1
109116.48811376066,577980.6637039956,31500.773240518804,33,1,1,73067.94376035883,36048.54435340183,0.3303675271863497,0.2886893977716485,0.44140950777714977,4547.771112883027,0.04167812941470125,0.5521013885581957,0
156507.1653778323,1031721.5190924759,26071.29723577896,134,0,1,117380.37403337423,39126.79134445808,0.25,0.1665821317052088,0.5493473289235362,13055.494108679122,0.08341786829479121,0.3685629486408556,1
118320.89753398394,774140.3692844207,29631.73588926781,92,1,0,60705.34850352334,57615.5490304606,0.48694313710654835,0.25043535425140795,0.5452265726926171,27983.813141192797,0.23650778285514046,0.6362578864916517,0
201185.5371784518,1589679.7761073047,61148.138374700415,117,1,0,123784.52082047133,77401.01635798048,0.38472455547003703,0.303939036733351,0.6584634091172505,16252.877983280065,0.08078551873668605,0.5808853625714845,0
671060.2292964605,3237858.525394504,168480.10499853795,49,0,1,465471.72051094746,205588.50878551306,0.30636372088545916,0.25106554917607393,0.4020824540082732,37108.403786975134,0.05529817170938528,0.3789490441270885,1
142956.26380706957,747572.7380533947,19965.384933027195,72,1,0,93308.80057073047,49647.4632363391,0.3472912757662872,0.1396607913590412,0.43578173150350225,29682.078303311908,0.20763048440724602,0.7134011640053328,0
134820.91732929807,877137.0175556279,55496.80806757431,109,1,0,79158.17773044977,55662.739598848304,0.4128642698884246,0.4116335147907664,0.542161801825129,165.93153127399273,0.0012307550976582325,0.5726980535361548,0
566011.3632058739,2304133.503817314,126621.44444303855,221,1,1,319419.4146368554,246591.94856901845,0.43566607421506165,0.22370830812628553,0.33923546027514956,119970.5041259799,0.2119577660887761,0.6087460386669409,0
102490.90040619271,647808.9431689556,24630.04415217206,173,1,0,66848.93572030413,35641.96468588858,0.34775735743009456,0.2403144479613125,0.5267206979689207,11011.920533716519,0.10744290946878203,0.6458580114247987,0
97048.71544947436,423004.2601177153,5185.333289557723,106,1,0,60450.77582550966,36597.939623964696,0.37710895455404936,0.053430210441655135,0.36322330333328,31412.606334406977,0.3236787441123943,0.7696609248233539,0
61421.89477881478,247502.29306751647,3071.0947389407393,125,1,0,35670.18311942402,25751.711659390756,0.4192594798992242,0.05,0.33579542218996483,22680.61692045002,0.3692594798992242,0.7792613733430105,0
204948.66175885647,1642088.8674696037,29501.483986676656,148,1,0,122499.00837052808,82449.65338832838,0.4022941778724031,0.14394572637604355,0.667683007936923,52948.16940165174,0.2583484514963596,0.6421168070685057,0
174195.46767119807,1260133.3758699202,23103.692474528503,81,1,1,105639.19360316316,68556.27406803491,0.39355945929338426,0.13263084730848326,0.6028349420321313,45452.5815935064,0.26092861198490097,0.5660971784669674,0
302176.36130041146,1560189.2645781848,65100.11380500541,146,1,0,191898.49913216705,110277.8621682444,0.36494536400420363,0.2154374800359897,0.4302645365397251,45177.74836323899,0.14950788396821388,0.6847456470236866,1
81246.11826826802,357892.74592767784,11139.223550486073,169,1,0,52657.896728962674,28588.22153930535,0.3518718450635313,0.13710468620427219,0.3670870206438102,17448.997988819276,0.21476715885925915,0.7350320193251481,0
542566.4799833819,3603117.26409517,178996.40373403055,51,1,0,362668.53372356086,179897.94625982107,0.3315684858845889,0.32990685996582936,0.5534064176193254,901.5425257905154,0.0016616259187595378,0.6020153307278706,1
229460.0045969707,834887.8813677062,74651.27617761165,131,0,0,163684.00710740619,65775.99748956453,0.2866556095694983,0.3253345885211282,0.3032074815660229,-8875.27868804711,-0.03867897895162981,0.4789039201217419,1
163786.34488801422,1308808.5370098797,41622.94737477178,190,1,0,113199.32804587975,50587.01684213447,0.3088597946106092,0.25412953322348497,0.6659125225532653,8964.069467362686,0.05473026138712416,0.5985744299446265,0
64462.87053287411,237566.36989935447,16493.12398324944,146,1,0,41907.719070951236,22555.151461922876,0.34989368725707665,0.25585463146321485,0.307110082563216,6062.027478673437,0.09403905579386178,0.7055251226457493,0
210632.6905907786,1032299.6950773626,25076.825730683628,92,1,0,126314.15603212436,84318.53455865424,0.4003107700051649,0.11905476619203136,0.4084122666263199,59241.70882797061,0.28125600381313354,0.7298544135352916,0
162572.01722624133,875022.4844969249,29484.128473398738,154,0,0,95695.48050168509,66876.53672455624,0.4113656080891728,0.18136041476539913,0.44853069807990115,37392.408251157496,0.23000519332377364,0.49289662466987005,0
214459.41209268832,2144594.120926883,52696.77785031882,180,1,0,135723.6479168468,78735.76417584153,0.367135969494369,0.24571911923149134,0.8333333333333333,26038.98632552271,0.12141685026287766,0.5517123523074035,1
154066.99531539305,944505.3528407706,23199.219713109516,76,1,0,86948.92342165369,67118.07189373937,0.4356421163166119,0.15057877688610735,0.5108737224495845,43918.85218062985,0.2850633394305046,0.6865063725106817,0
90139.3229933901,589991.9888441234,10483.522825434931,159,1,0,52939.54497762791,37199.77801576219,0.41269200589059274,0.11630354519307501,0.5454445123128887,26716.255190327254,0.2963884606975177,0.6898452282289034,0
153391.25323166704,1474493.9355292406,53663.80870229766,153,1,0,94321.65699991872,59069.59623174832,0.3850910334667872,0.34984920959768895,0.801052811282917,5405.787529450667,0.035241823869098306,0.5197444727760494,1
101102.59242061088,484237.0940196956,37535.02226404941,99,1,0,66371.70845037528,34730.88397023559,0.34352120097718997,0.3712567735938439,0.3991301330872852,-2804.1382938138195,-0.027735572616653943,0.6317582506362769,1
59632.94164672533,368591.41885920544,3236.254771080929,115,1,0,36803.5814591889,22829.360187536433,0.3828313606057044,0.05426958123670969,0.5150836219612719,19593.105416455503,0.32856177936899467,0.7237670809169345,1
167287.34269840794,749198.956625204,39147.30878045011,232,1,0,103448.68034738414,63838.6623510238,0.3816108339177495,0.2340123774398544,0.3732096246994055,24691.353570573687,0.1475984564778951,0.6944321616142366,0
295314.6883980848,1644872.462191716,71403.28495039347,91,1,1,184603.42686024588,110711.2615378389,0.3748924990435962,0.2417871096683877,0.4641581017394866,39307.97658744542,0.1331053893752084,0.564037725610799,0
114614.30776970342,753649.9217392734,31012.753891543227,146,0,0,68001.44597509451,46612.86179460891,0.40669321921194135,0.27058361643519857,0.5479609079097958,15600.107903065684,0.13610960277674286,0.4273782810529818,1
137629.02862264885,614219.3643583789,12883.02926424237,59,1,1,75432.73010603865,62196.2985166102,0.4519126461841125,0.09360691849075713,0.3719051681328345,49313.26925236783,0.35830572769335534,0.6509856821638468,1
186346.83223019206,1369628.175642906,33761.49517383094,211,1,1,121557.47979317266,64789.35243701939,0.34768153373804533,0.18117557873012705,0.6124905904629762,31027.857263188445,0.16650595500791823,0.5437825913690565,0
269286.15232810745,1904270.1417225653,65470.51910770531,134,1,0,191426.2567615032,77859.89556660425,0.2891344203683266,0.24312620066676802,0.5892957254019068,12389.376458898943,0.0460082197015586,0.6259608021127208,0
148880.92590740474,1044253.595652342,35315.1604231104,172,0,0,104594.3550593798,44286.570848024945,0.29746302676521913,0.23720406229253552,0.5845015568021827,8971.410424914546,0.06025896447268363,0.42976790804233095,1
86189.05191911476,360721.6845931048,23417.72698062199,165,1,0,51471.91958812519,34717.132330989574,0.4028021141660813,0.27170187464875073,0.3487698230045397,11299.40535036759,0.13110023951733063,0.6866883032391378,0
179833.8155888586,690321.5002292123,35870.99949332939,107,1,0,109727.92766199645,70105.88792686214,0.38983707094966114,0.19946748822445462,0.31988862326809075,34234.88843353273,0.19036958272520643,0.7242464177297909,0
211166.08535680026,1132673.2957967299,59413.08985044081,73,1,0,146271.17742619396,64894.90793060631,0.3073169056525131,0.2813571589872138,0.446991481406247,5481.818080165482,0.0259597466652992,0.6533596919832404,0
259990.76790884088,700678.1632235525,40691.93995413043,188,1,0,172623.84755184787,87366.92035699301,0.3360385488288799,0.15651301883303034,0.22458430891580333,46674.980402862595,0.17952552999584964,0.7700194997920469,0
166567.3452161561,964609.3172205586,59850.62153436713,208,1,1,111472.15833520904,55095.18688094706,0.33076823557132096,0.3593178570307306,0.4825922491834437,-4755.4346534200595,-0.028549621459409615,0.5114951824326747,1
102432.66960582316,553420.5799948694,22806.15433173407,35,1,0,74894.70228094666,27537.967324876503,0.26883969177848127,0.2226453183295495,0.4502311796003152,4731.812993142434,0.04619437344893173,0.6758725187880856,1
192189.57487949697,681012.2480624942,43157.31762308486,222,1,1,120223.80590649837,71965.7689729986,0.3744519910516541,0.2245559763069591,0.29528667570786526,28808.451349913754,0.14989601474469508,0.6215916067648569,0
223105.51100671256,971378.6378908975,82740.84136649196,201,1,1,134847.01410701207,88258.49689970049,0.39559084175668374,0.3708596932148509,0.3628248332324071,5517.655533208512,0.024731148541832757,0.5428086727443375,0
344779.7807347512,2121948.5935201724,122669.11921060181,19,1,0,230795.83104093678,113983.94969381441,0.3305992870315834,0.35578977093489894,0.5128753463534856,-8685.169516787399,-0.025190483903315502,0.6038214877199948,1
295168.1105951427,1926687.9580273922,65092.929108958604,31,1,2,192878.4127685524,102289.6978265903,0.3465472527514752,0.22052832529134933,0.5439521549664931,37196.7687176317,0.12601892746012586,0.5486030233935123,1
94083.44764416343,346019.2767479942,5331.133802848379,187,1,2,64682.66807986268,29400.779564300756,0.31249683446442733,0.05666388654263034,0.30648260082960854,24069.645761452382,0.25583294792179706,0.6853896651340653,0
203028.76519008272,1339978.469128323,44344.1011220829,192,1,0,133264.7698632223,69763.99532686043,0.3436163110263952,0.21841289868736768,0.5499953286068388,25419.89420477752,0.12520341233902751,0.6476362419430013,0
149383.94522944026,1025197.7025395577,22504.56299845714,98,1,0,108753.29984992332,40630.64537951694,0.27198803269730176,0.15064914080219372,0.5719031034230544,18126.082381059794,0.12133889189510805,0.6681694126522062,0
85359.47465917774,456323.7092722873,24145.993506741557,156,1,0,55566.4850248046,29792.989634373138,0.3490296742491706,0.2828742046873107,0.445492148639905,5646.996127631581,0.06615546956185986,0.6532026735331042,0
186572.29932819316,1529121.2383338483,75215.80479516606,228,0,0,130235.04284410276,56337.256484090394,0.3019593835041363,0.40314561736121624,0.6829886876025568,-18878.54831107566,-0.1011862338570799,0.33384514677474647,1
317486.2308390455,2766823.174043795,65925.91242440284,81,1,0,214773.31899976145,102712.91183928403,0.3235192643404933,0.20764967428721337,0.7262318029592698,36786.9994148812,0.11586959005327992,0.5990705893973338,1
131951.3376512498,362649.4042688658,11223.052014566883,76,1,0,80803.5789933394,51147.75865791041,0.3876259200425465,0.0850544770090141,0.22902976375234882,39924.706643343525,0.30257144303353234,0.7972692800706898,1
72294.02011707866,595472.5224721977,13256.47178754176,240,1,0,40412.05010095291,31881.97001612575,0.4410042485463329,0.1833688563185887,0.686401311279322,18625.498228583994,0.25763539222774423,0.6207320640887679,1
66754.76927797131,278094.47558275517,12495.572255893603,89,1,1,38537.55987293454,28217.209405036774,0.4226995270935389,0.18718620992997828,0.34715930985239324,15721.637149143171,0.23551331716356064,0.6209777230722907,1
374141.00698840467,2483683.214246744,66972.25832660007,117,0,0,219017.05552350386,155123.9514649008,0.41461360440960265,0.1790027211015543,0.5531967822859983,88151.69313830073,0.23561088330804839,0.4624398768735788,1
155568.35482347666,550885.1247918095,54751.62424638125,109,1,0,92249.80842170672,63318.54640176994,0.407014308749472,0.35194576884552065,0.29509275060947676,8566.92215538869,0.055068539903951365,0.6706938672789489,0
117747.16052484124,538880.0407227145,41216.24640541596,128,1,0,71250.05455593539,46497.105968905846,0.39488940337628187,0.35004025763084556,0.3813821909595196,5280.859563489896,0.04484914574543636,0.6455692396598058,0
108649.581008876,722391.0411009232,15550.626618593858,87,1,1,69387.11975671392,39262.46125216209,0.361367810971628,0.14312642970361264,0.5540679758365475,23711.83463356823,0.21824138126801537,0.5765290353675908,0
77757.17609633446,606893.1694930171,18729.37124387315,165,1,0,54737.631574331404,23019.544522003052,0.29604398819066957,0.24087000305501152,0.6504149627093889,4290.173278129907,0.055173985135658105,0.6085275099651788,1
530894.7091435612,3691249.2896201573,139228.29218868533,156,1,0,334351.1856487228,196543.5234948384,0.37021187084705026,0.26225217503728426,0.5794069938360717,57315.23130615306,0.107959695809766,0.6212770318342649,0
103843.46330652533,346674.12110982585,14844.084729746708,71,1,0,69299.66308123057,34543.80022529476,0.3326526208330351,0.14294674173115654,0.2782024902926184,19699.71549554805,0.1897058791018785,0.7593605562197518,0
322449.1614475157,2058202.5014285021,71974.70294171636,119,1,0,201568.57851330572,120880.58293420999,0.37488260906482596,0.223212560450189,0.5319191228442975,48905.87999249363,0.15167004861463695,0.6511392389666351,0
167012.8203848131,1586494.5106814245,24521.978547003673,19,1,1,98793.65937244776,68219.16101236534,0.408466612653939,0.1468269231697468,0.7916031570839859,43697.182465361664,0.2616396894841922,0.5037882836069055,1
332623.32989547483,1845653.3921895896,70731.67833058395,57,1,0,221248.8921125242,111374.43778295064,0.3348365185868035,0.21264797737672525,0.4623982611125465,40642.75945236668,0.12218854121007824,0.676221330715546,0
132925.4747110927,737412.3477936876,30619.51119887037,240,1,0,90856.7768946186,42068.697816474116,0.31648333705716275,0.23035096369165084,0.4622968555603674,11449.186617603744,0.08613237336551187,0.6691705578552294,0
249350.87782831327,1998847.3165513934,33338.6241305264,124,1,0,151004.72658421245,98346.15124410082,0.39440868265888185,0.13370165134722806,0.668016937270643,65007.52711357444,0.26070703131165385,0.646114258279916,0
343120.7443598483,1633666.3040060508,70371.21550452919,140,1,1,232691.10687304425,110429.63748680407,0.32183900070754934,0.20509169632345892,0.3967666219690731,40058.421982274886,0.11674730438409041,0.5989333348798945,1
222269.42099788913,1958308.00478497,60697.26361620423,214,1,1,130889.57932335242,91379.84167453671,0.4111219674945954,0.27307968565221874,0.7342095597290041,30682.57805833248,0.13804228184237666,0.4705052578204113,1
272588.70848999725,1640194.9549533175,50408.23910599556,161,0,0,191950.59592789947,80638.11256209778,0.2958233780437638,0.1849241642664935,0.5014254393365384,30229.873456102214,0.11089921377727027,0.4756027024924411,0
190162.1781002198,705191.8554730657,63410.32432593738,180,1,1,119357.78605044002,70804.3920497798,0.3723368797998531,0.33345392316929967,0.30903089427760866,7394.067723842425,0.03888295663055343,0.5739091624489975,0
249662.47454048303,1384103.7786672048,37599.59458578246,191,1,0,165208.61545051006,84453.85908997298,0.3382721381954367,0.15060170598319392,0.4619916620144593,46854.264504190505,0.18767043221224275,0.7011618190023847,0
103417.71046186361,747974.1684018197,22387.55989908422,123,1,1,67267.16580296766,36150.544658895946,0.349558547539368,0.21647704052914488,0.6027128276363933,13762.984759811734,0.1330815070102232,0.5325953354974241,1
120769.240941315,768272.1896567639,19712.183389010264,172,0,1,67056.86633581985,53712.37460549515,0.4447521089545924,0.16322188692557024,0.530124077723626,34000.191216484876,0.28153022202902206,0.37567402191268406,1
221733.00184134094,2217330.0184134096,36503.259554949276,61,1,0,154968.7530292941,66764.24881204683,0.3011019931972932,0.16462709317879914,0.8333333333333334,30260.989257097564,0.13647490001849405,0.5841491627284803,1
140495.04303874634,1078213.3338380894,22040.170388387298,233,1,0,96042.97997371356,44452.06306503278,0.31639595322073816,0.15687507481889565,0.639532251172695,22411.892676645482,0.15952087840184248,0.6453902947206334,0
102416.22174914129,704098.4098004447,9501.538455380049,66,1,0,60655.38799698826,41760.83375215303,0.40775604722504005,0.09277376467424424,0.5729059955666872,32259.295296772973,0.31498228255079574,0.6910186954602962,0
267037.0547172241,2016244.3237048658,87190.33435696986,201,0,0,174932.83961650377,92104.21510072032,0.3449117396769263,0.3265102457383643,0.6292024171951046,4913.880743750458,0.01840149393856204,0.3806351765461229,1
113078.75678443328,425361.7185527673,18931.339705736576,230,1,0,61862.562449210454,51216.194335222826,0.4529249860153519,0.16741729608706413,0.3134701060338945,32284.854629486246,0.2855076899282878,0.738992049755006,0
73793.33842577791,339424.1764135497,13958.676247043215,39,1,0,47275.97557238092,26517.36285339699,0.35934629627941855,0.18915902905088097,0.38330489767598963,12558.686606353775,0.17018726722853755,0.7093449190768508,0
121010.16977539471,695495.3876762235,14734.03362673321,190,1,0,80056.34254194987,40953.82723344484,0.33843293757424414,0.12175863941089285,0.4789510590770476,26219.793606711624,0.2166742981633512,0.7076112265125285,0
111040.41282313367,1110404.1282313366,38125.71423017557,226,1,0,73057.75571734525,37982.657105788414,0.34206156245373104,0.34334989632020374,0.8333333333333333,-143.05712438715273,-0.0012883338664727013,0.5126600414719186,1
74957.81947300414,346445.4662800213,34039.13896223355,128,0,0,52669.70619521622,22288.113277787925,0.2973420709738619,0.4541105811448084,0.3851560214305957,-11751.025684445623,-0.15676851017094653,0.40280896111289793,1
127008.8263521936,766671.5208680488,28910.953134308405,103,1,0,79498.06763852366,47510.758713669944,0.37407446457243304,0.22762948028618704,0.5030303423835023,18599.805579361535,0.14644498428624597,0.6580391051704746,0
207719.03889248671,945917.3038179186,54529.4080446193,212,1,0,132277.3090867823,75441.72980570441,0.36319121351583133,0.26251521447123183,0.37948587864218997,20912.3217610851,0.10067599904459941,0.6811481506188504,0
147288.01815511714,719338.1722108149,8135.551115928513,144,1,0,93561.55219588178,53726.46595923536,0.3647714636410753,0.05523566151430265,0.4069906597636703,45590.91484330685,0.30953580212677273,0.755808537465178,0
216119.19291257186,604240.7016443921,45536.682280517576,34,0,1,139396.81447987558,76722.37843269628,0.3550003005227458,0.21070170430878313,0.23298898688775474,31185.696152178716,0.1442985962139627,0.44582262221016034,1
61926.62463434559,460051.312107957,17758.55746516178,64,1,2,41262.58347028472,20664.041164060873,0.33368589497771906,0.28676772825936603,0.6190812040652873,2905.4836988990937,0.04691816671835302,0.49956854747666746,1
94482.4615975592,732182.5854992489,20577.316807550793,154,0,0,64015.32684918752,30467.13474837168,0.3224633887942516,0.21778980415644011,0.6457835076118188,9889.817940820882,0.10467358463781143,0.4191490260538783,1
255234.53486139377,1479909.702123078,31004.278394615354,131,1,0,167834.19434981953,87400.34051157424,0.34243148388613387,0.12147368071273099,0.48318621371997766,56396.06211695887,0.22095780317340286,0.7064546635989144,0
80988.35607580788,370387.6746790918,22116.489350689753,74,1,0,55006.16138749366,25982.194688314223,0.3208139533539117,0.2730823345764416,0.3811120641552433,3865.705337624473,0.04773161877747018,0.6764334469228503,0
220890.08759117976,1326288.320191212,44406.996469238096,193,1,2,141088.44567833986,79801.6419128399,0.36127307831275635,0.20103661940424386,0.5003575664615485,35394.645443601796,0.16023645890851246,0.5694780822998379,1
115442.88554190185,933640.9403466448,42133.86913408858,34,1,0,70611.9325760841,44830.95296581775,0.38833881148566435,0.36497588341028964,0.6739558815628681,2697.0838317291636,0.023362928075374673,0.5518228821670237,0
169369.22424459958,1500869.5147641231,70072.83338675031,57,0,1,106772.43292219321,62596.79132240637,0.3695877548096067,0.4137282537561402,0.7384603674103734,-7476.042064343943,-0.0441404989465335,0.2129705882744319,1
94784.71140479327,463171.7922484736,24275.92547663833,133,1,0,58334.41923547282,36450.29216932045,0.38455877144209094,0.256116467696611,0.4072138721739842,12174.366692682124,0.12844230374548005,0.6753892512691604,0
149251.13542378577,398580.8657586642,10911.030854129402,33,1,0,95683.64033832429,53567.49508546149,0.35890845944562627,0.0731051782162224,0.22254485402904312,42656.46423133208,0.2858032812294038,0.803994472504798,0
239138.92847890273,1002601.8509707359,102728.98330660879,85,1,0,157494.11381599528,81644.81466290745,0.34141164377639294,0.4295786719462186,0.3493791444956326,-21084.168643701356,-0.08816702816982572,0.6233547878728227,1
101686.50570995659,368211.64918592206,6709.91956899079,237,1,1,69011.46153563108,32675.044174325507,0.3213311731600405,0.06598633242575658,0.3017539435011031,25965.124605334713,0.2553448407342839,0.6830792839793666,0
80897.20830847586,573488.4311328775,14437.578120712602,240,1,1,54268.87625247871,26628.332055997154,0.32916255842177455,0.1784681872538725,0.5907583660016024,12190.753935284556,0.1506943711679021,0.5513852152979704,0
259372.36281245507,2520809.1325281807,69630.5692838162,198,0,0,179476.52764099522,79895.83517145985,0.30803526754016697,0.2684579364153926,0.8099067511775556,10265.265887643647,0.039577331124774365,0.3496448000805763,1
76051.56350341009,184087.56258828865,11700.01914285666,100,1,0,51049.50588648058,25002.0576169295,0.32875139530574454,0.15384324271429398,0.20171354156319035,13302.03847407284,0.1749081525914505,0.7779486404453253,0
201539.4697945107,1019872.2498989599,55340.498382980884,21,1,0,140684.55310911706,60854.91668539363,0.30195036608680775,0.2745888854396906,0.4217007926283703,5514.418302412756,0.027361480647117152,0.6636542080356127,0
327114.0825820973,832833.4162439837,27235.335202192186,215,1,2,197899.2202348782,129214.86234721914,0.39501467294606457,0.08325943960348087,0.21216691173661195,101979.52714502695,0.3117552333425837,0.7030461506376241,0
507425.62720641843,5058780.65032328,196672.74208771426,81,1,0,327794.59704044514,179631.0301659733,0.3540046472522765,0.3875892969191891,0.830791807884224,-17041.711921740964,-0.03358464966691261,0.4957267388670572,1
233088.60598293645,761292.5754792427,38836.945066367814,181,1,1,155522.46657422537,77566.13940871108,0.3327753370080621,0.16661880533624593,0.2721756719470356,38729.19434234328,0.16615653167181627,0.6516997762813911,0
208339.34078454235,1657605.7997402672,62649.9598276567,22,1,0,133964.95360482475,74374.3871797176,0.35698676447590916,0.30071113593686183,0.6630232011143574,11724.427352060884,0.05627562853904726,0.5808085852909481,0
57715.09336503347,367619.4547566358,3155.229069611232,180,1,0,35509.15969211975,22205.93367291372,0.38475089232667037,0.05466904557626201,0.5307962402364074,19050.70460330249,0.33008184675040836,0.7188935096985731,1
84023.92024002864,247200.20695272152,14449.010499902417,143,1,0,54192.827007354965,29831.09323267368,0.3550309619862544,0.1719630607406362,0.24516848520293588,15382.082732771261,0.18306790124561817,0.7576642301428649,0
309092.6743955271,1027022.7499270032,45934.17385347558,222,1,0,201760.8978507344,107331.7765447927,0.34724788206221524,0.14860971371549364,0.2768918070541697,61397.60269131709,0.19863816834672152,0.7574885723975517,0
89312.13872098288,441627.64737169724,10399.10948605905,47,1,1,50718.63645779929,38593.50226318359,0.43211933804152064,0.11643556670999186,0.4120638524021276,28194.392777124536,0.31568377133152875,0.629806617595365,0
92437.14718933728,465327.5812456792,11496.167640195683,119,1,1,55601.67028334691,36835.47690599037,0.39849214332135274,0.12436739979272941,0.419499082524833,25339.30926579469,0.27412474352862337,0.6244033153254583,0
113216.00472344122,713963.4999659088,12673.626858380001,240,1,1,68730.70300412078,44485.30171932044,0.392924143790333,0.11194200757515288,0.525517204708193,31811.674860940446,0.2809821362151802,0.597568035557481,0
113724.1797132824,679303.1471568437,32721.118692867618,85,0,0,76926.39189257378,36797.78782070862,0.32357048354608464,0.2877234971082052,0.49777097306063967,4076.669127841,0.03584698643787945,0.435579309238526,0
88134.17363866774,360159.1630785931,9126.586381645222,160,1,1,59437.86976380586,28696.30387486188,0.32559792291819645,0.10355332108816698,0.3405405911324597,19569.71749321666,0.2220446018300295,0.6564164942249954,0
158698.739465949,759625.524565235,37991.330388381175,43,1,0,103247.88739912689,55450.85206682212,0.34940953062024704,0.2393927671777931,0.39888235571452196,17459.521678440942,0.11001676344245395,0.6845781864145262,0
104217.4929347598,538990.542824676,41744.597432480434,177,1,0,68841.8218506079,35375.671084151894,0.33944081831153894,0.40055269280573247,0.43098214420529546,-6368.9263483285395,-0.06111187449419351,0.6104842796161184,1
112363.08195261403,655217.1383975323,18778.413529545123,70,1,0,66871.41226455345,45491.669688060574,0.404863135627104,0.1671226278526642,0.48593743826660946,26713.256158515447,0.23774050777443975,0.6873697173789515,0
89603.29833536714,352438.4284903313,23420.77515143226,158,1,0,59098.95557686698,30504.342758500163,0.34043772188305543,0.26138295784350485,0.32777665093237324,7083.567607067904,0.07905476403955057,0.697113821582886,0
147045.4322972253,294090.8645944506,23998.783863182074,230,1,0,88630.61694688087,58414.81535034445,0.39725691874787133,0.1632065919237324,0.16666666666666669,34416.03148716237,0.23405032682413887,0.7847173632305071,0
144920.00141200007,893708.5046934031,39650.32566668849,161,1,0,88474.28175441256,56445.71965758751,0.389495715619787,0.273601471711035,0.513909108465433,16795.393990899014,0.11589424390875196,0.636386678775956,0
112661.45780185037,631197.1971966368,12973.517595844813,135,1,0,67881.45004911294,44780.00775273742,0.39747406634393784,0.11515488836175644,0.46688341744668216,31806.490156892614,0.2823191779821814,0.7138730194212928,0
318095.3489648406,2085424.9164492793,84614.69454843609,38,1,0,206657.11920785627,111438.2297569843,0.35032964210143697,0.26600418655536096,0.5463311873928571,26823.535208548215,0.08432545554607605,0.6296989691599986,0
201176.00343951196,1670415.3799596142,76928.41550112847,74,1,0,133348.114965461,67827.88847405097,0.3371569536843142,0.3823935965815064,0.6919378021402794,-9100.527027077507,-0.045236642897192175,0.5394612207253136,1
108473.75876235834,460107.4976192055,16724.216141043784,223,1,0,74271.65822256601,34202.10053979233,0.3153029906036672,0.15417752949524677,0.3534706633727562,17477.884398748545,0.1611254611084204,0.7322877891900745,0
205916.32538114782,1624146.395456489,32546.08480650064,56,0,1,126548.1564537683,79368.16892737952,0.3854389338993414,0.1580549028653185,0.6572841308438512,46822.08412087888,0.2273840310340229,0.3395927996007172,1
155424.47177572464,1029713.794695465,15826.618579956681,178,1,0,97938.66748601364,57485.804289711,0.3698632759238984,0.10182835688059647,0.5520976324443339,41659.185709754325,0.26803491904330196,0.6936393675144613,0
200549.1093807797,1547186.740434535,64659.91016572145,107,1,0,142216.15647401015,58332.952906769555,0.29086617779994034,0.32241434711611017,0.6428960406138868,-6326.957258951908,-0.03154816931616987,0.5781654489693899,1
230954.68949335825,1835937.21388697,91421.4224022511,69,0,1,161241.88739311803,69712.80210024022,0.30184622902946084,0.3958413773835936,0.6624449503906434,-21708.62030201088,-0.09399514835413278,0.24292996392936952,1
135305.44504245644,1353054.4504245645,45697.79000529872,162,1,2,83634.85901992154,51670.5860225349,0.3818810544270527,0.33773799709952224,0.8333333333333334,5972.796017236193,0.04414305732753058,0.41490480116019113,1
86937.1257289287,666215.7677922037,9411.284819004155,109,1,1,53629.09742181805,33308.02830711065,0.38312778376140016,0.10825392190154395,0.6385992196527894,23896.7434881065,0.2748738618598562,0.5651186653435457,0
161502.52411978456,515706.80396557983,32228.665491892618,91,1,1,91985.21048500018,69517.31363478438,0.43044103498484143,0.19955518136663294,0.26609842311354326,37288.64814289176,0.2308858536182085,0.6403484005192838,0
142782.53018546395,953891.676187518,20943.11682197601,148,1,2,100874.26244038476,41908.267745079196,0.29351117178441544,0.14667842623864732,0.5567275836362726,20965.15092310318,0.14683274554576808,0.5743103544136593,1
143345.54694252711,1073917.8367675196,12796.347296693531,202,1,0,93279.57463346019,50065.97230906693,0.3492677196951249,0.08926923486380844,0.6243176364581545,37269.62501237339,0.25999848483131643,0.6769970151170304,0
134151.44838001637,445197.3284090768,38780.04127632101,227,1,2,80968.46427381337,53182.984106203,0.3964398800641299,0.28907657535285924,0.2765514484966945,14402.942829881984,0.10736330471127058,0.601403935309848,1
122707.31486941279,277397.41147090844,14463.548775840045,172,1,2,75254.8637352952,47452.45113411758,0.3867124888570603,0.11787030619350118,0.18838690244758396,32988.90235827754,0.26884218266355914,0.6963358067883244,0
338329.4393150777,2107357.3412466873,140189.9692871837,149,1,0,206356.93013739827,131972.5091776794,0.3900710190778779,0.4143593580593745,0.5190595063972935,-8217.460109504289,-0.0242883389814966,0.5785384048570621,1
172015.75134479857,891927.7832806018,38205.782072412905,209,1,1,118591.77029193995,53423.981052858624,0.3105760991955465,0.22210629999709136,0.4320959836079047,15218.198980445726,0.08846979919845518,0.5815286849187921,0
170461.82357313318,825661.6097682529,49135.59354822425,87,1,1,104301.30656273715,66160.51701039603,0.3881251275128545,0.2882498410392965,0.40363955227684734,17024.923462171777,0.09987528647355799,0.5636081979012272,0
206388.93303045278,1655410.5511470914,77607.13163032243,52,1,1,138715.9314318315,67673.00159862128,0.3278906509422,0.37602370675016505,0.6684025021918346,-9934.130031701148,-0.048133055807965064,0.4490697666423836,1
325623.26555154595,1803908.7245276102,103477.80109971954,119,0,1,191854.78555431968,133768.47999722627,0.4108075010262152,0.3177838073838095,0.46165536356667686,30290.678897506732,0.09302369364240572,0.3343898679764732,1
182449.79912294657,1682928.3231446408,25662.34237866565,154,1,0,127574.49817658863,54875.30094635794,0.3007693141354427,0.14065426491027644,0.7686718626322767,29212.9585676923,0.16011504922516634,0.6131367352462065,1
223281.39060840168,690889.0519335973,60498.175328656194,157,0,0,154031.38222508476,69250.00838331692,0.31014679814839513,0.27095036968289,0.2578543939745899,8751.833054660732,0.03919642846550516,0.514263533934467,0
261684.4041390316,1792471.9045824818,104169.13331511096,30,1,0,182382.0150511736,79302.389087858,0.3030459126854386,0.3980716147675596,0.5708122316523146,-24866.74422725296,-0.09502570208212097,0.5695276845972819,1
184149.52707926082,1508245.0086612974,24292.510126389883,189,1,1,121338.43278605911,62811.094293201706,0.34108745913947874,0.13191730932838078,0.6825273246616074,38518.58416681182,0.20917014981109794,0.5424748788701655,0
112659.35698656332,1022239.6459243966,24601.543549068687,91,1,1,73156.24375472059,39503.113231842726,0.3506420974562654,0.21837106306227957,0.75614347036018,14901.569682774032,0.13227103439398571,0.48580853366703425,1
231116.0904146116,1300432.366905788,34427.009000824684,212,1,1,155707.17538477402,75408.91502983758,0.3262815448918224,0.14895981036657474,0.4688957991388918,40981.9060290129,0.1773217345252477,0.5997473361117026,0
355475.5928618158,1905667.9160690815,43117.144276745275,194,1,1,235420.52318961287,120055.06967220295,0.3377308374554762,0.12129424675720625,0.4467413877671091,76937.92539545769,0.21643659069826995,0.6174598849669849,0
104566.43307222053,501201.9003348723,25021.18676307848,240,1,2,61752.28992234361,42814.14314987692,0.40944442582550966,0.23928507483656045,0.39942861012634023,17792.95638679844,0.17015935098894922,0.5844573870274737,1
123868.7717499698,991557.1553842716,29162.068319715614,172,1,0,80539.21370305517,43329.55804691464,0.3498021126291276,0.23542712103886446,0.6670750164171984,14167.48972719902,0.11437499159026313,0.6057066466592947,0
101767.08487694852,543055.9625357101,17434.00670065588,147,1,2,65182.87161605509,36584.213260893426,0.3594896454499916,0.17131282400135736,0.44468861026492107,19150.206560237544,0.1881768214486342,0.5980682873199809,1
127515.09761270153,609575.4123660169,13154.267508534596,50,1,0,90261.29234407902,37253.80526862251,0.29215211348363296,0.10315851028470158,0.3983681303745598,24099.537760087915,0.18899360319893138,0.7392261567737515,0
216834.74566417927,1156315.4661255453,42630.98313592467,117,1,0,149873.18930074474,66961.55636343453,0.3088137750171303,0.1966058668565461,0.444391981008269,24330.573227509856,0.11220790816058418,0.688040058954901,0
93364.9245247339,818941.1257360756,30834.55039460675,225,1,0,51742.61033311594,41622.31419161796,0.445802472432691,0.33025839791085754,0.7309500238846163,10787.763797011212,0.11554407452183348,0.5486116336702722,1
100694.79811476485,670099.9090915087,11740.358258554246,113,0,0,60575.172883759755,40119.6252310051,0.39842798220102266,0.1165934931928997,0.5545634942066686,28379.266972450852,0.2818344890081229,0.4869935544608396,0
82105.02088428431,477237.62964999094,17177.368899004887,6,1,0,54347.69211986263,27757.328764421683,0.3380710273923662,0.20921216161937303,0.4843772286092299,10579.9598654168,0.12885886577299324,0.6710019667694819,0
90409.7635729636,542057.4286800275,16088.430293580372,81,1,0,54842.12756461703,35567.63600834656,0.3934048116345569,0.17795014230511166,0.49963024572614295,19479.20571476619,0.21545466932944518,0.6789308693601124,0
69272.27642324165,323067.28059849207,22768.23557781985,145,1,0,50552.22083916041,18720.055584081245,0.27023878166937865,0.32867745588018304,0.38864427117592076,-4048.1799937386095,-0.05843867421080445,0.6519357362951506,1
325045.00007995265,2551345.377984518,95030.7768870822,141,1,1,230777.80114708707,94267.19893286558,0.29001276410859506,0.2923619094700952,0.6541005546301162,-763.5779542166274,-0.0023491453615001215,0.48682506982292717,1
349369.34764968103,2984172.8587241005,69817.49561426388,240,0,0,221640.2936085178,127729.05404116324,0.36559891387277477,0.1998386409224176,0.711799913854202,57911.55842689937,0.16576027295035722,0.40652456947477233,1
135491.01446271702,989119.9332073878,39996.78726604,225,0,0,88515.52550545933,46975.488957257694,0.3467055667384047,0.2951988176090149,0.608355184493042,6978.701691217691,0.0515067491293898,0.39941391760848144,1
63999.591881102926,267903.7228250496,11199.95558800221,148,1,0,39455.13198753779,24544.459893565137,0.38350963142332706,0.17500042201533486,0.3488351969008847,13344.504305562928,0.20850920940799222,0.7253492721236008,0
169736.0517169285,1350776.9479349554,60658.13241888077,154,0,0,102489.74840024157,67246.30331668691,0.3961816163182271,0.3573674054822561,0.6631752330905653,6588.170897806151,0.038814210835971065,0.358100467879928,1
113157.67969150234,808931.941256369,16798.063178006738,194,1,0,74778.17261853546,38379.50707296688,0.3391683814797151,0.14844828228895013,0.5957262051367398,21581.443894960146,0.19072009919076505,0.6619028255433981,0
491685.7623163117,3446028.4444997837,116788.01938028308,6,1,0,338206.56962228724,153479.19269402447,0.31214894645513064,0.2375257295027203,0.5840499340245423,36691.1733137414,0.07462321695241035,0.6297747279915492,0
108318.2532125883,643548.2564900202,19688.14612746823,163,1,1,67746.26256668962,40571.99064589868,0.3745628224475796,0.18176203496217527,0.4951060396894935,20883.84451843046,0.19280078748540438,0.5787633741082819,0
118668.85422287906,286561.0494620662,22790.67224067086,117,1,0,76578.46421207319,42090.39001080587,0.35468775936568325,0.19205268635918857,0.20123298241610696,19299.717770135016,0.1626350730064947,0.7628090307314925,0
112687.76468870773,882287.9947027449,26472.61903409251,208,1,1,78172.6567058712,34515.10798283653,0.30628975628527344,0.23492008300298897,0.6524576981508783,8042.488948744023,0.07136967328228447,0.5102946573535411,1
237729.411755857,1099747.6872907095,73427.43437506307,194,1,0,144183.8623738657,93545.5493819913,0.3934959022994621,0.30886979374042056,0.38550400613314617,20118.115006928245,0.08462610855904155,0.6608008806638879,0
145261.33138111333,1191853.816471054,41480.91835562241,160,1,1,80506.68870977804,64754.642671335285,0.4457803192058213,0.28556063724069447,0.683741161038962,23273.72431571287,0.1602196819651268,0.48065339679203367,1
126961.30685715261,1120225.1457555576,28527.104482840088,160,0,2,87725.93202630129,39235.37483085132,0.3090341128497995,0.22469132674364053,0.7352798879477714,10708.270348011225,0.08434278610615888,0.2895395029182124,1
147352.68331872707,981109.0904828059,35657.47844533204,168,0,0,104553.46815661607,42799.215162110995,0.2904542638666129,0.24198730313043662,0.5548530846684376,7141.7367167789635,0.04846696073617629,0.4367491533472941,0
74361.60530504416,404022.8465270207,7581.896183269809,160,1,0,44784.83912288455,29576.766182159605,0.39774243792654285,0.10195982391944822,0.4527682048525458,21994.869998889793,0.2957826140070946,0.723385608976457,1
198494.3273555217,946296.2424920646,73536.94553944042,59,1,0,129420.94802180101,69073.37933372069,0.34798666669201017,0.3704737889447538,0.3972809765310323,-4463.566205719733,-0.022487122252743644,0.6326261914627889,1
66611.77902167663,317938.4009386587,17352.278743967163,72,1,0,42558.492030933645,24053.286990742985,0.36109660099178,0.26049865352373236,0.3977504749763001,6701.008246775818,0.10059794746804757,0.6764753960976171,1
130344.89734781302,695182.2699488151,31345.801920105616,180,1,0,81837.25649124543,48507.640856567596,0.3721483682412941,0.24048353681588555,0.4444505079050563,17161.83893646198,0.13166483142540852,0.6704714329021288,0
160904.5127250533,790273.9579770823,19444.392226598728,169,1,0,93502.77119347296,67401.74153158034,0.4188927979089905,0.1208442939063149,0.4092872353262648,47957.34930498162,0.29804850400267563,0.7288761118395946,0
135287.6251289588,646246.5992633599,40724.489782294964,79,1,1,82209.53764037373,53078.08748858508,0.3923351262762578,0.30102154386608226,0.39806954420710755,12353.597706290122,0.09131358241017559,0.5601705191914349,0
150892.33039742737,618761.7191537871,18559.59523592939,230,1,2,92489.58248143579,58402.74791599158,0.3870491479730458,0.12299893034355192,0.3417236413563141,39843.152680062194,0.2640502176294939,0.6482833354556851,0
117628.03093878723,430309.1101348395,29272.648490659114,240,1,0,79395.56817768929,38232.46276109794,0.3250285026108601,0.2488577616834578,0.3048515921336593,8959.814270438816,0.07617074092740223,0.7090014176865191,0
188057.59452928544,703568.1420015133,37658.15539920205,171,1,0,117240.40129707458,70817.19323221086,0.37657183380160053,0.20024799048111666,0.31176979928346255,33159.03783300881,0.17632384332048387,0.7263698640225147,0
171336.66391494163,571185.7989702151,34797.73275613514,77,1,0,106717.73916731995,64618.924747621684,0.37714592586967316,0.2030956595105069,0.2778087041806838,29821.191991486543,0.17405026635916626,0.7354191249415922,0
203428.6284343697,1683227.8859901663,30981.52087734557,226,0,0,135979.72996617074,67448.89846819895,0.3315605034910776,0.15229675938822373,0.6895243387261701,36467.37759085337,0.17926374410285378,0.43222399462685945,1
171522.0991628647,874108.0213948613,10434.687260834444,79,1,1,100604.91680221225,70917.18236065246,0.4134579900011295,0.06083581831007348,0.42468192420542117,60482.495099818014,0.35262217169105603,0.6482610954143443,0
349850.9913210323,1852221.8549585338,146677.9793697151,95,1,0,234775.72746761193,115075.26385342036,0.3289265050211744,0.41925843575821,0.44119303668031423,-31602.71551629473,-0.0903319307370356,0.5999387146926218,1
130648.82054648292,1014379.0971999838,53062.71308637777,207,1,0,83820.81977425494,46828.000772227984,0.3584265099091903,0.40614766259982304,0.6470138121396732,-6234.712314149787,-0.047721152690632734,0.5434367913181688,1
83120.82441993582,688180.4460713798,17604.223225450492,128,1,0,55944.62208479646,27176.20233513936,0.32694818085347793,0.211790767816642,0.6899398665275245,9571.979109688866,0.11515741303683591,0.6083017329150859,0
141455.096689568,925628.3758984454,16002.199079252003,81,1,0,90648.68066153977,50806.41602802822,0.359169921883593,0.11312564519587318,0.5453016525860231,34804.216948776215,0.24604427668771975,0.6911592461458438,0
213853.10122400345,1415018.0319930061,56652.370720453604,24,1,0,127919.3102184435,85933.79100555995,0.4018356082456218,0.2649125516356776,0.5513979860840805,29281.42028510636,0.13692305660994425,0.6286155835205047,0
280754.526559923,2545888.90061815,69809.93903179286,90,1,0,192772.46236239548,87982.06419752754,0.3133771885196979,0.2486511611662045,0.7556687009980011,18172.125165734673,0.06472602735349342,0.5738389252341178,1
122943.57748445256,952462.4306018001,50507.37636618536,151,1,0,76926.76671677465,46016.810767677904,0.3742921078858079,0.4108175262150031,0.6455958972468817,-4490.565598507455,-0.03652541832919522,0.5419942203399343,1
103443.87461592295,496028.4978336876,15125.950872871732,173,1,0,73214.26892919738,30229.60568672557,0.2922319547577385,0.14622374624918988,0.39959551308651925,15103.654813853835,0.1460082085085486,0.7216318475743684,0
204832.9674672769,847715.9013841401,44123.94912923994,58,1,1,126259.74261211298,78573.22485516392,0.38359657542781234,0.21541429426534556,0.3448809664552521,34449.27572592397,0.16818228116246678,0.6103699923572862,0
157065.23468415148,1289448.3217006363,30614.505947287795,43,1,0,100689.33360805498,56375.9010760965,0.35893303307676566,0.19491586415575465,0.6841362891315178,25761.395128808712,0.164017168921011,0.6167927675982428,0
63393.66375857552,491462.512839748,6952.268834422963,170,1,1,35476.342239628866,27917.321518946657,0.44038031348472373,0.10966819745423691,0.6460457871512774,20965.052684523696,0.33071211603048684,0.5623189848729221,1
139043.35948715932,1024027.4038601806,10083.949408041333,61,1,0,85905.17162780554,53138.187859353784,0.38216990768452413,0.07252377564260871,0.6137338546989664,43054.238451312456,0.3096461320419155,0.6868703333332666,0
64459.25143913903,371990.04056087416,10805.8164345391,21,1,0,37651.440766910564,26807.810672228465,0.4158877131475812,0.16763794479899766,0.4809111082527576,16001.994237689367,0.2482497683485836,0.6886714896045738,1
101455.11105895204,511036.18379983865,31156.697204059026,120,1,1,62644.162318841234,38810.948740110805,0.3825430610150248,0.30709834998805485,0.4197555766829836,7654.251536051772,0.07544471102696987,0.551233986999883,1
507901.3176893073,5014769.148131916,140099.693768255,128,1,0,338089.8924078588,169811.42528144852,0.33433940682415264,0.27584038254840004,0.8227925670919969,29711.731513193517,0.05849902427575259,0.542826076853041,1
405322.97965660976,1252162.654794171,116818.42070338041,63,1,0,276262.24765657674,129060.73200003302,0.31841454464134616,0.28821070249298264,0.25744133231211586,12242.311296652595,0.030203842148363507,0.7074833193091723,1
75966.71630444142,221597.71721494404,13306.945719001778,73,1,0,41716.56815674029,34250.148147701126,0.4508572940080955,0.1751681047483131,0.24308641116687338,20943.202428699347,0.2756891892597824,0.7570068347506127,0
179113.9092231587,869258.7336123674,73690.50950313923,49,1,1,104344.58388427497,74769.32533888373,0.4174400841518586,0.411417012909522,0.40442547491261305,1078.8158357445063,0.006023071242336661,0.5141055523624073,1
122540.4622818286,454582.33962129557,6127.02311409143,104,1,2,85432.72577771982,37107.736504108776,0.30282027514116405,0.05,0.30913757733330693,30980.71339001735,0.2528202751411641,0.687258726800008,0
237249.1734245328,891386.1390128331,18879.938440972823,26,1,0,158443.495982442,78805.67744209082,0.3321641812470142,0.07957852146944736,0.3130977325604805,59925.739001117996,0.25258565977756686,0.7742392716440769,0
99978.43581105536,525007.3740284508,25985.6824298455,26,1,0,58005.171595729844,41973.264215325515,0.419823173615647,0.2599128724013511,0.4376005100245134,15987.581785480012,0.15991030121429592,0.6647546980321055,0
100587.58014744427,703696.2586489249,16263.109994210394,111,0,0,63550.91702159052,37036.66312585375,0.36820314268982623,0.16168109393198885,0.5829880269656768,20773.553131643363,0.2065220487578374,0.4604311543375015,0
217187.36913906242,1310539.8166635968,45844.50935924424,28,0,0,151525.74788122028,65661.62125784214,0.302327071404414,0.21108276020365882,0.5028453165649158,19817.111898597883,0.09124431120075509,0.4647133009490617,1
104566.6683874578,282844.35327250004,17349.850623173836,98,1,0,62666.63812707122,41900.03026038658,0.4007015897755451,0.16592142496963072,0.22540990485965862,24550.17963721275,0.2347801648059145,0.7660084585542501,0
233538.1799956637,1450442.933071689,61947.017481053714,142,1,0,139324.71419594897,94213.46579971473,0.40341783001590603,0.2652543472001192,0.5175609590897945,32266.448318661016,0.13816348281578683,0.638629973393014,0
77763.58313189572,304352.89653077046,20104.66074202463,13,1,1,53295.999471994604,24467.583659901116,0.31464064121635654,0.25853567868554717,0.3261519127088854,4362.922917876487,0.05610496253080935,0.5987401547131156,1
112976.0984573601,405873.33364545304,22600.45526917339,169,1,0,62535.012420624545,50441.086036735556,0.44647573004809715,0.2000463423482742,0.2993799420020978,27840.630767562172,0.24642938769982303,0.7301674804600611,0
70983.41809838329,578950.3878476014,10557.344182224992,151,1,1,46784.50356348109,24198.9145349022,0.3409094008598235,0.14872972399825085,0.6796779719327947,13641.570352677212,0.1921796768615727,0.5366047188208614,1
80735.62149405299,505944.33757743915,5226.630137713949,158,1,1,54974.48301663571,25761.138477417277,0.3190802027741231,0.06473759712246649,0.5222233674705647,20534.50833970333,0.2543426056516566,0.6174379509098441,0
369647.39368435316,3670615.930614591,75366.0031864295,141,1,1,248199.3845048213,121448.00917953186,0.32855096844869935,0.2038862020241526,0.8275039026671679,46082.00599310236,0.12466476642454673,0.4701943483901886,1
118306.73162957132,556080.5110378221,28498.987639654242,214,1,0,74069.63686014526,44237.09476942607,0.3739186617709655,0.2408906682409844,0.39169404773669075,15738.10712977183,0.13302799352998115,0.686135518382599,0
138752.5111361563,408887.8811090309,42464.11527777644,22,1,0,95460.08592470094,43292.42521145537,0.3120118321244146,0.30604213884177467,0.2455738625082094,828.309933678931,0.005969693282639905,0.7039109857108272,0
90714.74056299921,272558.17051328113,25705.892855698617,63,1,0,52799.226080399996,37915.51448259922,0.4179642056768911,0.2833706263850966,0.25038026604213237,12209.621626900596,0.13459357929179444,0.7115376696333218,0
145753.47751501994,1264210.2402679326,29850.20603557385,80,0,0,103491.57861826656,42261.89889675338,0.28995465231625966,0.2047992716502958,0.7228016452973111,12411.69286117953,0.08515538066596388,0.40123979775068835,1
135188.17875148897,930807.1095960669,31675.39862477531,185,1,0,81876.13839230048,53312.0403591885,0.3943543056171345,0.23430597939338269,0.5737724988188084,21636.64173441319,0.1600483262237519,0.6341458585970043,0
266054.9387868934,1890077.8055255606,114116.82330027426,211,1,0,169323.71697370548,96731.2218131879,0.36357611797865697,0.42892202573123583,0.5920073670196268,-17385.60148708636,-0.06534590775257888,0.5508289796016177,1
44464.4049826655,355512.4662785123,14028.907627978564,239,0,0,26447.68999518692,18016.714987478583,0.4051941096367402,0.3155087228412873,0.6662866368748763,3987.807359500017,0.08968538679545286,0.3739105198010222,1
131177.6869377952,1000423.6305730598,30836.146270971498,130,1,0,85351.74460400463,45825.94233379056,0.3493425094126057,0.23507158108066106,0.6355397615801988,14989.796062819063,0.11427092833194462,0.615309439093676,0
176230.50790195155,1003996.3386333549,31201.822369124937,102,1,2,110909.24331007893,65321.26459187262,0.37065809643024505,0.17705119698392138,0.4747552654125504,34119.442222747675,0.19360689944632362,0.5867529415826663,1
154905.17616507463,894104.6741262734,28861.40222346621,102,1,1,92760.04215030317,62145.134014771465,0.4011817781256485,0.18631657726343548,0.48099569484015126,33283.731791305254,0.21486520086221303,0.5811746606425806,0
282121.54575225624,1200913.2276185038,58032.748414954454,8,1,0,209171.29134065297,72950.25441160327,0.2585773951333168,0.205701228029977,0.3547269033802309,14917.505996648804,0.05287616710333973,0.71130143777394,0
259334.75005083732,2464070.7864293978,72018.16174254278,103,1,2,186979.97826051034,72354.77179032698,0.2790014518923642,0.27770347679370033,0.7917921997040397,336.6100477841974,0.0012979750986638382,0.451380949371308,1
107382.25372431918,401011.0221426781,13305.877682541162,144,1,0,70726.64765405579,36655.606070263384,0.3413562744209929,0.1239113281855784,0.3112021215754045,23349.72838772222,0.2174449462354145,0.7570748322531473,0
98695.61387965575,197391.2277593115,11499.160030256382,72,1,0,63325.69780064618,35369.91607900957,0.35837373808868334,0.11651135828870626,0.16666666666666666,23870.756048753196,0.24186237979997716,0.8033954566845174,0
109832.24485128412,544908.28516083,42540.57943877611,204,1,1,75854.46162488528,33977.78322639884,0.3093607280121215,0.3873232264020209,0.413439822020278,-8562.796212377274,-0.0779624983898994,0.5210387628331082,1
186562.59521473045,1048036.4545535812,25704.44975269932,214,0,0,110857.08313815565,75705.5120765748,0.4057914824214308,0.13777922483933033,0.4681344141481079,50001.06232387548,0.26801225758210045,0.5044479858198355,0
112870.456063158,723962.9118555805,47272.55323440301,76,1,0,76317.64348170251,36552.81258145548,0.32384747839595796,0.41882131855612503,0.53450871697438,-10719.740652947527,-0.09497384016016706,0.572118857485236,1
211305.41527563767,2113054.1527563767,63384.07131828,208,0,0,135708.314329422,75597.10094621568,0.35776225066263884,0.2999642542790423,0.8333333333333333,12213.02962793567,0.057797996383596534,0.33001429828838313,1
246144.04016347346,1989265.5927453968,76428.21639311696,19,1,0,174916.8364582593,71227.20370521417,0.28937204271900924,0.3105019985141957,0.6734761183682838,-5201.01268790281,-0.021129955795186523,0.5737563650838367,1
355107.3669831661,2766683.724964067,87600.77879431748,220,1,0,225410.38873704406,129696.97824612202,0.3652331387770683,0.24668814825931282,0.64925990986627,42096.19945180451,0.1185449905177554,0.6065467677363938,0
140062.7577626568,1244908.0030904023,29813.11572414685,186,1,0,94816.13443150414,45246.623331152674,0.32304535519588506,0.21285540996320115,0.7406846419992908,15433.507607005828,0.11018994523268391,0.5926524434149323,1
398100.64402217325,2418284.8761073053,94070.56519218952,46,0,0,281055.27641527995,117045.3676068933,0.2940094907266067,0.23629845016515474,0.5062130461270602,22974.802414703765,0.057711040561451904,0.45361670609582005,0
471572.07379678794,4165920.6926731374,109770.59202924893,146,0,0,331771.91597007745,139800.1578267105,0.29645554856786077,0.2327758536366422,0.7361760312218176,30029.565797461546,0.06367969493121857,0.3860368491787978,1
117685.76928905836,460655.3881250598,11216.64130356605,97,1,0,62702.07631041723,54983.69297864113,0.46720766079704035,0.09531009034759226,0.3261902372931228,43767.051675075076,0.3718975704494481,0.7640188926730263,0
146479.46258245126,636717.9274003479,55006.42533379234,193,1,0,86601.58990044415,59877.87268200712,0.4087799861246944,0.37552312361079276,0.36223390192666555,4871.447348214773,0.033256862513901586,0.6411205799776831,0
179151.43331268747,1371759.938119639,40649.334455969845,31,1,1,132173.68698976244,46977.74632292503,0.2622236699660168,0.22689929800908307,0.6380821300888857,6328.411866955197,0.035324371956933824,0.5178156417697012,1
109402.30180216227,586914.5788368438,33010.96520578148,81,1,1,69750.34139091632,39651.96041124595,0.3624417380445121,0.30173921994325936,0.44706141855085707,6640.995205464467,0.06070251810125271,0.5451858864574392,0
166810.07137319248,1378691.9705585123,47116.42406852874,96,1,0,95242.40580314062,71567.66557005186,0.4290368380092503,0.28245551171259,0.688753362436403,24451.241501523124,0.14658132629666032,0.5803917865840431,0
253527.14721834764,1447473.838997679,79865.19760134415,40,0,1,178561.65247829433,74965.49474005331,0.29569020739025653,0.3150163541759142,0.47577871340376854,-4899.7028612908325,-0.019326146785657687,0.33125984430850375,1
254200.75801226828,1442647.9581802387,55159.67372708825,72,1,0,166037.22009372484,88163.53791854344,0.3468264162858573,0.21699256193573635,0.4729358957139083,33003.864191455184,0.12983385435012096,0.671322206511533,0
109355.72981231853,685828.4163940066,26384.463390160658,135,1,0,66176.95553066555,43178.77428165298,0.394846930798765,0.24127188795176,0.5226280152939538,16794.31089149232,0.15357504284700502,0.6467028402311099,0
100333.50452717715,290946.03799368284,19780.936543677893,154,1,0,64608.81800376967,35724.68652340748,0.35605939104549866,0.1971518550746911,0.24164912090330604,15943.74997972959,0.1589075359708076,0.7486445216991318,0
272259.18930588797,719136.2736434776,61547.897392274455,154,1,0,178610.57360365384,93648.61570223412,0.34396861292721426,0.22606361808829276,0.22011386633599703,32100.71830995966,0.11790499483892145,0.7435403928638837,0
112693.40998832525,606387.5946961623,23940.35270110669,68,1,1,65900.108314621,46793.30167370425,0.41522660179110665,0.21243791188488173,0.4484050980731574,22852.948972597558,0.20278868990622492,0.5805033058241001,0
110482.67520921123,1005515.6805661842,11065.72128115895,53,0,2,74996.21715755029,35486.45805166094,0.3211947754203398,0.10015797734988564,0.7584263616159189,24420.736770501986,0.2210367980704541,0.33240890057527006,1
332884.07418913185,1267155.2400819066,63192.76957159571,222,1,0,235132.80865547986,97751.26553365198,0.2936495708656627,0.189834162915502,0.31721634705428964,34558.49596205627,0.10381540795016067,0.7289014307175123,0
187381.94029932737,1202672.4492636,34022.182952007424,65,0,0,115787.76438945708,71594.17590987029,0.38207617978287783,0.18156596573639788,0.5348578627438824,37571.992957862865,0.20051021404647998,0.4669162548822761,0
217309.4075960319,1914559.324674346,38988.960427746366,30,1,0,139674.33330061953,77635.07429541237,0.3572559290195681,0.1794168087753708,0.7341909959375462,38646.11386766602,0.1778391202441974,0.6079759777085878,0
114409.81061705807,427133.56298638135,30890.2880395823,130,1,0,69015.1109460709,45394.699670987175,0.3967727892053603,0.2699968461880897,0.3111137357034611,14504.411631404873,0.12677594301727058,0.6986671408137257,0
138782.5300182746,620860.010920186,30284.002287604133,7,1,0,94950.88516324223,43831.644855032384,0.3158297002458502,0.21821191963870665,0.3728014919207484,13547.642567428251,0.09761778060714359,0.7008747845682928,0
113046.80081447987,845116.9885288901,8044.913236107706,104,1,2,72892.0623086665,40154.738505813366,0.3552045543660361,0.0711644485128787,0.622984597558997,32109.82526970566,0.28404010585315737,0.5846388413271494,1
71293.4327799004,399133.2184210054,16439.08463202137,224,1,1,39884.61072812358,31408.822051776813,0.44055701664335956,0.23058343512189536,0.46653808405843816,14969.737419755438,0.20997358152146411,0.5678052007337105,1
116609.68187739963,402901.62529450416,18192.75436366949,86,1,2,75891.3038004618,40718.378076937835,0.34918522562944704,0.15601409823582982,0.2879275108263197,22525.623713268345,0.19317112739361725,0.6512161074577721,0
134927.45859732793,709790.9978726222,38467.50862485114,189,0,0,77953.3149959399,56974.14360138803,0.4222575908097355,0.2850977037939477,0.4383781510273691,18506.63497653688,0.13715988701578777,0.4544474731742102,0
691962.6125152835,5316829.861823613,219287.2968874521,109,1,0,424281.6386407867,267680.9738744968,0.3868431170023431,0.31690627921405023,0.6403079402533205,48393.67698704469,0.0699368377882928,0.5811451062383838,0
124577.04573168428,1020338.9871339507,20882.01809805098,107,1,0,75796.24608705984,48780.799644624436,0.3915713312843297,0.1676233207763407,0.6825354416492122,27898.78154657346,0.22394801050798901,0.6281900391947001,1
49662.86372139831,257665.76139093726,4718.589413398643,179,1,2,31412.478958064592,18250.384763333717,0.3674855494784959,0.0950124310162472,0.4323582083996169,13531.795349935073,0.27247311846224864,0.632287565073616,1
155283.42640976084,618375.5038089076,50604.06937554047,145,1,0,107840.84823409955,47442.578175661285,0.30552248409608207,0.32588197301885136,0.33185313574994935,-3161.491199879194,-0.020359488922769342,0.6700912700674746,1
640338.4006130109,4157826.0755155617,165853.4725916075,80,1,0,408012.4714692455,232325.92914376536,0.3628174242265564,0.25900909961487883,0.5410974977625344,66472.45655215788,0.10380832461167759,0.6340671108252882,0
167580.50963284387,1392856.5127623782,22065.647718545562,76,1,0,108111.33385422495,59469.17577861891,0.3548692858669027,0.13167192155513618,0.6926305231905253,37403.52806007334,0.22319736431176646,0.6395420744207879,0
88597.79076524127,626040.2514328577,15854.923818116686,239,1,1,58946.50263727556,29651.28812796571,0.33467299660476996,0.17895394096369385,0.5888411042999224,13796.364309849021,0.15571905564107608,0.5517660923245458,0
150937.40229133258,969216.4279188304,7546.870114566629,63,1,1,90676.50348148447,60260.898809848106,0.3992443085348404,0.05,0.5351094853481559,52714.028695281464,0.3492443085348403,0.6194671543955533,0
112307.20391990304,344174.15535964735,22802.963158585346,231,1,0,72032.68711521203,40274.51680469101,0.35861027074821133,0.20304096587471193,0.2553814769866341,17471.55364610566,0.15556930487349938,0.7421691705541251,0
72081.53173717615,310828.50674894114,16196.05998050629,134,1,0,40423.50821317159,31658.02352400456,0.4391974304796424,0.22469084091553995,0.35934829543935143,15461.96354349827,0.21450658956410246,0.7023191750019786,0
105621.75496588356,396770.29151031695,18653.017005244023,240,1,1,65232.31778482109,40389.43718106247,0.3823969521630131,0.17660203630652657,0.31304337794683496,21736.42017581845,0.20579491585648657,0.635446172093339,0
124838.98262381762,701908.3076322924,22070.13527930093,106,1,0,85229.12000454444,39609.862619273175,0.31728761150378154,0.17678881079803224,0.46854241952303555,17539.727339972247,0.14049880070574927,0.6887217498238765,0
63826.40459139872,532826.3941916198,16187.316879703405,138,0,0,44393.05472349228,19433.349867906443,0.30447195000743144,0.25361473802779133,0.6956713260009006,3246.032988203042,0.050857211979640146,0.3898527069886133,1
77910.7694640277,517889.7963482968,18054.721720833866,168,1,0,45010.046804864985,32900.72265916272,0.4222872253155369,0.2317358928045235,0.5539347554377709,14846.000938328849,0.19055133251101336,0.6411252162468593,1
221108.3317195938,1847674.1074803907,72059.14783826447,73,0,0,163935.64984232388,57172.68187726993,0.25857316833169114,0.325899740085999,0.696368341674698,-14886.465960994537,-0.06732657175430785,0.360729601463191,1
103248.52170815264,759301.6135016241,19270.332054819348,75,1,0,60539.37883135112,42709.14287680152,0.41365379542697267,0.18664027083399623,0.6128430064822166,23438.810821982173,0.22701352459297647,0.6414909897217366,0
198274.0880603299,1771676.5702856875,42503.86280445335,128,1,2,124227.05723684518,74047.03082348472,0.37345793163327545,0.21436922605600622,0.7446243512442777,31543.168019031364,0.15908870557726917,0.4908650042043142,1
75995.24379175711,266091.0204772518,9007.293096662197,179,1,0,48366.51997496867,27628.723816788435,0.36355859180473094,0.11852443188871224,0.2917847302023235,18621.43072012624,0.24503415991601873,0.765054808183818,0
158160.12124641277,667878.992696661,43452.301155342546,85,1,0,94222.26646268793,63937.85478372485,0.40426027926540314,0.27473613963436494,0.35190022798483467,20485.553628382302,0.1295241396310382,0.6845354757508038,0
76893.10911699744,444777.58395670366,10597.02770194686,204,1,0,47804.71222603952,29088.39689095792,0.3782965369068143,0.1378150503164445,0.482030172647361,18491.369189011057,0.24048148659036975,0.7002649280792139,1
608343.6817010338,3567693.315794846,142103.5771852706,144,1,0,395020.36736046645,213323.3143405674,0.3506624968045671,0.23359094778123526,0.4887167981837394,71219.73715529678,0.11707154902333188,0.6599485814323841,0
75828.52830491823,557567.165414534,18858.605078423254,33,1,0,49867.133635264516,25961.394669653717,0.3423697551567787,0.24870066055600984,0.6127499964706228,7102.789591230467,0.09366909460076887,0.6166947368364093,1
79604.7765748863,442049.17052653315,8210.9979254042,240,0,0,49931.6250040312,29673.1515708551,0.3727559180188238,0.10314705070090735,0.46275402635615914,21462.153645450904,0.26960886731791645,0.5199149718127893,1
141294.39565569468,732709.7473889643,23322.698834625342,34,1,0,92967.76955572286,48326.62609997182,0.34202790475663203,0.165064571219498,0.4321413126995891,25003.927265346487,0.1769633335371341,0.7043317777023241,0
616506.7903792385,3142143.45106258,136695.58516820756,147,1,0,398221.91142000357,218284.87895923498,0.3540672744657995,0.22172600091577338,0.42472409335098577,81589.29379102745,0.13234127355002617,0.683892371628395,0
190521.72671788424,641266.705380327,39611.33763813173,109,1,1,125825.46276692946,64696.26395095479,0.3395742053438032,0.20790981858350657,0.28048712887300814,25084.926312823067,0.1316643867602967,0.6326899339046949,0
149325.83503800863,594554.4295010711,42547.164810470356,177,1,0,98427.04657322384,50898.7884647848,0.34085721638073735,0.2849283568355109,0.331799265986434,8351.623654314433,0.05592885954522641,0.6864888774698654,0
121377.89082791455,466631.1957083898,22783.099075418602,205,1,0,79746.28784549846,41631.602982416094,0.3429916494548415,0.18770386369392186,0.3203708081468503,18848.50390699749,0.15528778576091964,0.7288072120783762,0
97421.36053648613,474221.49029522634,21037.28841703172,167,1,0,62773.850517549596,34647.51001893653,0.35564592639783954,0.21594122994364115,0.4056446892855884,13610.221601904821,0.13970469645419845,0.691930101236867,0
127380.10215306288,694845.8075149311,15253.16131924463,158,1,0,80430.48070820523,46949.62144485765,0.36857892756626853,0.11974524326347358,0.45457505775377977,31696.460125613026,0.248833684302795,0.7157293853684767,0
88791.40555531446,488410.3879269662,21153.712022978274,203,1,0,63644.25390637859,25147.15164893587,0.2832160555592278,0.23824053567662162,0.4583874464654697,3993.439625957595,0.04497551988260619,0.6671875517897105,0
99429.07152741465,466839.1360659776,16083.509594175664,158,1,2,63973.13480033364,35455.93672708101,0.3565952712060182,0.16175862197145338,0.3912664650409115,19372.42713290535,0.1948366492345649,0.6179166116991451,1
198963.06026362273,1040823.1302587071,58127.406882284624,197,1,0,134352.8527947787,64610.20746884402,0.32473468885750234,0.2921517532212602,0.4359365036905318,6482.800586559402,0.032582935636242226,0.6523583476043364,0
78683.78415080291,466032.2186997207,4252.62215103186,118,1,1,49792.52658059172,28891.257570211186,0.36718185178840784,0.05404699579371292,0.49357079916930297,24638.63541917933,0.3131348559946949,0.630309961931724,1
136138.8394867229,639678.7106979333,7371.873068493625,71,1,0,79770.0299561265,56368.809530596394,0.414053841968396,0.054149668796115866,0.39156025881964834,48996.93646210276,0.35990417317228013,0.7608720548356591,0
73519.60278180699,392461.96389377007,14081.174446711546,79,1,1,43764.31531614483,29755.287465662157,0.4047259008453912,0.1915295229287616,0.4448495696430412,15674.113018950608,0.2131963779166295,0.5899333199355831,1
134945.40222362455,961328.3207263438,21347.674251517332,167,0,0,74398.54160343762,60546.860620186926,0.44867672127022007,0.1581948988239041,0.5936526333895146,39199.18636866959,0.2904818224463159,0.45862625045358396,1
100137.61047883073,769542.2447836418,24591.5133012044,148,1,0,68120.6988428267,32016.91163600402,0.319729135565627,0.245577193060774,0.6404039410566293,7425.398334799625,0.07415194250485305,0.6096479404587016,1
205769.91432269194,1212633.47129003,48789.72362740715,42,1,0,137370.63550971728,68399.27881297466,0.332406605883646,0.2371081495951554,0.4910960361080602,19609.55518556753,0.09529845628849068,0.6578279293295198,0
191349.99175964348,1396084.5122307225,35014.55160295645,54,0,0,109200.16114124955,82149.83061839393,0.4293171369538552,0.1829869511932802,0.6079978104486312,47135.27901543747,0.24633018576057497,0.4444058763880986,0
192836.41143877455,749764.1787564501,30378.77230401421,240,1,2,125153.48781756926,67682.9236212053,0.3509862225511004,0.1575364946762632,0.3240070055418017,37304.15131719108,0.1934497278748372,0.6397833004669543,0
90477.2980332477,645027.0432080942,12571.59766565133,194,1,1,60904.060977985246,29573.237055262456,0.32685809256146414,0.13894753644203262,0.5940965830005464,17001.639389611133,0.18791055611943164,0.566192010523023,0
167388.32142575097,741315.1364742225,55990.55488944662,183,1,0,100915.12197308341,66473.19945266756,0.39711969680126885,0.3344949899284494,0.3690595666810256,10482.644563220936,0.06262470687281944,0.6554841340243126,1
99653.6966152998,336038.6612327828,24969.021798465947,52,0,0,70332.81373000552,29320.882885294282,0.294227749508217,0.2505579085024374,0.2810053487278187,4351.861086828343,0.04366984100577964,0.5154752319806795,0
132348.9638322723,373074.11029325065,25423.582330361827,21,0,0,83081.26417744037,49267.69965483193,0.37225602851919243,0.19209506137563334,0.234905573046302,23844.117324470106,0.18016096714355911,0.5526903035358561,1
186744.26292331028,738248.0450605549,50316.87994209226,62,1,0,130754.34800645501,55989.91491685527,0.29982133876770545,0.26944270819583754,0.3294380746088967,5673.03497476301,0.030378630571867894,0.693391494338996,0
113218.05060226984,749297.8386604784,11656.694920365206,207,1,1,80404.51598864513,32813.53461362471,0.2898259989380779,0.10295791932785237,0.5515152948039542,21156.839693259506,0.18686807961022556,0.5933622438276728,0
75971.14785014123,151942.29570028247,22662.733698219366,143,1,0,49712.668877270604,26258.47897287063,0.34563751787280406,0.2983071118383429,0.16666666666666666,3595.7452746512645,0.04733040603446114,0.7306771552646629,0
70464.43666180308,336601.9678283874,22978.990175740913,208,1,1,46482.53175242563,23981.904909377445,0.34034054688437476,0.3261076262630114,0.3980754734523296,1002.914733636535,0.01423292062136344,0.5501343074590966,1
50520.068994295376,342169.2613289296,19401.55190614346,120,1,0,35311.63273862038,15208.436255674998,0.30103751951313257,0.3840365283019357,0.5644114443700362,-4193.115650468462,-0.08299900878880313,0.5770619553682148,1
80707.62567184676,603839.8144656724,6540.058116981404,139,1,2,50657.08135285377,30050.544318992994,0.3723383517832259,0.08103395512554115,0.6234848828709769,23510.486202011583,0.29130439665768465,0.5805409530884905,1
153038.94044977118,427097.75340835634,32514.638740692855,165,1,0,100781.88684819028,52257.053601580905,0.34146246339657693,0.21245990494402608,0.2325648579772925,19742.41486088805,0.12900255845255082,0.7452465806292019,0
65681.36705861034,568106.9785172577,14826.088665234862,240,1,0,42596.67613803171,23084.69092057863,0.3514648362903159,0.22572746776121297,0.720786584230592,8258.602255343765,0.12573736852910286,0.5934730376263373,1
71690.48545598623,324400.21055859496,16785.82646732431,126,1,1,38781.009930906555,32909.47552507967,0.45904941661029997,0.23414301577898824,0.37708422125945584,16123.649057755363,0.22490640083131175,0.5932175273105681,1
238122.72167981113,685956.4796471309,30986.11564030374,164,1,0,150578.8987381418,87543.82294166932,0.3676416190949811,0.13012666503102063,0.24005705783699988,56557.70730136559,0.23751495406396048,0.7759322166364917,0
94668.01781411214,502625.7303616726,17075.111684020132,240,0,0,59054.202809522336,35613.81500458981,0.3761969018356362,0.1803683237304959,0.4424459125402277,18538.70332056968,0.19582857810514037,0.49511889674573334,0
268082.09190905327,2047866.0199179815,81119.47861279122,81,1,0,170919.92834822432,97162.16356082895,0.3624343680285484,0.3025919338182088,0.6365792673601137,16042.684948037728,0.05984243421033958,0.5879894462646824,0
327170.470590103,1815202.2761600302,120081.46233473596,191,0,0,197894.63033469283,129275.84025541018,0.39513297157362953,0.3670302583180881,0.46234874459738307,9194.377920674218,0.02810271325554144,0.41448327329354984,1
155089.8537135027,522632.575526503,39099.011569179915,149,1,2,95757.25316957415,59332.60054392855,0.3825691953616359,0.2521055416133635,0.28082246249108894,20233.588974748636,0.1304636537482724,0.6149110446073279,1
85490.89662405475,461018.3245320443,20738.408220094505,200,0,1,57185.723418009744,28305.173206045,0.33108990926269827,0.2425803101737419,0.44938344581818185,7566.764985950496,0.08850959908895634,0.36815284218504873,1
110436.64881465783,910138.3231097802,9871.061600900457,133,1,0,69891.01523569881,40545.63357895902,0.36713929672934403,0.08938211822659281,0.6867725621268739,30674.571978058564,0.2777571785027512,0.6582153840713008,0
80555.29265471274,535984.1120369361,27515.886819682284,141,0,2,56213.1482965747,24342.144358138044,0.3021793299476512,0.34157764080908615,0.5544681323571805,-3173.7424615442433,-0.03939831086143499,0.29702850396921143,1
1000000.0,6151358.514505223,170409.4831082879,69,0,0,744310.893853653,255689.106146347,0.255689106146347,0.1704094831082879,0.512613209542102,85279.6230380591,0.0852796230380591,0.4780522438940543,0
65771.86219727788,455519.8785574309,16972.189036583793,173,1,1,40430.069570535976,25341.792626741902,0.38529839022545925,0.2580463509711335,0.5771463451335421,8369.603590158113,0.12725203925432582,0.523637556071484,1
96382.49631006204,576528.5628562294,27368.413292052137,82,0,0,59278.01259027292,37104.48371978912,0.38497118398369934,0.28395626114526107,0.4984727387650171,9736.07042773698,0.1010149228384383,0.43687567391239046,0
115246.37073545727,822819.1070794925,47549.16557240014,137,1,0,86434.77805159295,28811.59268386432,0.25000000000000006,0.4125870972678789,0.5949710909394824,-18737.57288853581,-0.1625870972678788,0.5564738338110038,1
86861.52860552353,634065.3828287966,24398.990759878372,179,1,0,52859.46717023802,34002.06143528551,0.3914513361801846,0.28089524961833146,0.6083105230897318,9603.070675407136,0.11055608656185306,0.6051487432257479,0
508188.7557831059,3217582.9249030156,142236.5134591771,96,0,0,340963.0504977353,167225.70528537058,0.32906219073596,0.27988913930217574,0.5276226743651583,24989.191826193477,0.049173051433784226,0.42975754196958227,1
546464.131072019,4157725.727779028,110404.23730126287,106,1,1,329856.5885887856,216607.54248323338,0.3963801650774522,0.20203382257620234,0.6340345583192964,106203.30518197053,0.1943463425012499,0.5289761034737303,1
100630.96924604262,553237.9319509717,16354.240186826564,99,1,0,67428.49588242448,33202.47336361813,0.32994289543647465,0.16251696976942023,0.4581408818908633,16848.233176791575,0.16742592566705447,0.6975509475249729,0
96890.58672667245,540023.6836808247,23624.926298933922,165,1,0,66813.6056616951,30076.981064977357,0.3104221171642223,0.24383097571263188,0.4644617724012646,6452.054766043439,0.06659114145159047,0.6631290779945678,0
53185.29623868091,310677.20683275274,10811.518040824967,145,1,0,32169.081653945184,21016.214584735724,0.3951508418872156,0.20328020722693474,0.48678430068108686,10204.696543910759,0.19187063466028095,0.6726526269049,1
144054.30719198746,1069472.913552176,48108.1714133005,127,1,0,95721.70928550477,48332.5979064827,0.33551650657739607,0.3339585768107901,0.6186746132986978,224.42649318219628,0.00155792976660596,0.5808141852860746,0
106914.11624158072,419967.48534187843,33069.67085502908,29,1,0,66748.96005704523,40165.15618453549,0.37567682918296036,0.3093106132057024,0.32734022106189836,7095.4853295064095,0.06636621597725796,0.6780736883991496,0
117518.604572534,921286.1191581897,16879.50640569802,31,0,0,80664.79642621672,36853.80814631727,0.3135997766512844,0.14363263133608578,0.6532909707568615,19974.301740619252,0.16996714531519863,0.44655965623850724,0
131153.35895398472,729171.1024052558,9944.626659562598,25,1,1,90162.20917896887,40991.149775015845,0.3125436519654646,0.07582441455465644,0.4633069180873248,31046.523115453252,0.23671923741080816,0.63067815875194,0
198309.9661936744,1211561.3697123611,80349.23383430924,205,1,0,133805.86115717597,64504.105036498426,0.3252691040928429,0.4051699235117523,0.5091193822171635,-15845.128797810816,-0.07990081941890945,0.58519621593015,1
136321.53987304543,776970.3705428919,18400.275021896032,224,1,2,82153.39289542135,54168.146977624085,0.39735574457323625,0.1349770185917206,0.47496185077481445,35767.87195572806,0.26237872598151574,0.6035206373308674,1
138959.46682550586,1157031.455713616,16006.106615239361,21,0,1,99659.85558412239,39299.61124138348,0.2828134861134202,0.11518543486741026,0.6938662775470364,23293.504626144117,0.16762805124600996,0.3457659427889249,1
110967.70207582532,837067.9357371099,36905.14571422102,6,1,0,78426.93889654923,32540.763179276095,0.29324535491453785,0.33257556049059545,0.628612289941456,-4364.382534944918,-0.03933020557605755,0.578386088821325,1
155284.8695521303,1050309.6988959718,19631.88088436886,207,1,0,97117.02520198544,58167.84435014485,0.3745879718861951,0.12642494365993778,0.5636467254908433,38535.963465776,0.24816302822625738,0.6803360048887719,0
163776.32103260572,818748.2090619868,22324.402869811303,129,1,1,122408.53639350925,41367.78463909647,0.25258709182300343,0.1363103208635808,0.41659879152034884,19043.38176928516,0.11627677095942258,0.6204962341984631,0
168986.79579075932,799647.0334251028,28383.773314371876,96,1,1,101741.40503402473,67245.39075673459,0.3979328115079377,0.16796444468665392,0.3943340807996381,38861.61744236271,0.22996836682128374,0.6145139978854471,0
358558.40499887953,2219311.9464744153,98274.39315792272,138,0,0,241366.9382703922,117191.46672848734,0.3268406627613528,0.2740819676454937,0.5157950828311476,18917.073570564622,0.05275869511585912,0.43562868809245825,0
79946.9817217612,610143.2061229653,18905.80557112828,61,0,2,51636.555735581795,28310.425986179405,0.3541150069268148,0.23647929119983532,0.6359873266244137,9404.620415051126,0.11763571572697949,0.3146120855327418,1
69912.2079087207,504145.0962722667,6807.711559296219,70,1,2,46923.97774354407,22988.230165176625,0.3288156797335122,0.0973751475305222,0.6009263991615652,16180.518605880403,0.23144053220299,0.5807720212393216,1
90480.94245260458,441148.21913042915,25234.60523532948,110,1,0,58353.33983423845,32127.602618366123,0.3550759060140769,0.27889414667124834,0.40629938855311065,6892.997383036643,0.07618175934282857,0.6665525247655675,0
80710.11158416448,237866.2287900995,17812.231148094408,234,1,1,54653.302752050804,26056.808832113675,0.32284441590619833,0.22069392296056758,0.2455973030323186,8244.57768401927,0.10215049294563082,0.6380432399060775,0
160651.9776661913,988849.1241041117,26312.427853919937,204,1,0,95616.66174850937,65035.31591768192,0.40482113486840937,0.16378527196591933,0.512935445130747,38722.88806376197,0.24103586290249002,0.6806052576744082,0
273159.7312209315,2331063.349095815,85436.96117013543,38,1,1,195742.8535726126,77416.87764831891,0.28341248288059034,0.3127728995348661,0.711141712664098,-8020.083521816501,-0.02936041665427566,0.4615483263868242,1
281980.161144088,2626204.45717798,65889.09634301816,138,1,1,182350.3515047008,99629.80963938721,0.3533220537046141,0.23366571632445352,0.7761197473735352,33740.71329636904,0.11965633738016056,0.4736977892581581,1
140177.53293246712,747559.5208505568,26130.904005686603,231,1,0,89127.1612303746,51050.371702092525,0.3641836935929447,0.1864129255169272,0.44441234935671786,24919.467696405918,0.1777707680760175,0.6921111249862137,0
250036.63866379744,1875609.2652581367,68442.4526720807,217,0,0,151915.43860199756,98121.20006179987,0.3924272882012901,0.2737296943273555,0.6251114754226431,29678.74738971918,0.11869759387393468,0.40297467964226485,1
190212.53220343802,908137.629678171,37814.363651664135,203,1,0,121020.48213453164,69192.05006890638,0.3637617840811004,0.19880059012736626,0.39786093444975645,31377.686417242236,0.16496119395373413,0.7011214836141266,0
293969.3974614081,1943138.4759894123,96697.19066513825,24,1,2,184205.42459187406,109763.97286953405,0.3733857123136217,0.32893624812709465,0.5508335484264437,13066.7822043958,0.044449464186527066,0.5031754362212291,1
123732.63732047506,439307.8701495221,12157.810092436343,80,1,0,70435.06288950381,53297.574430971246,0.43074790601066143,0.09825871617806767,0.2958717277181067,41139.76433853491,0.3324891898325938,0.771934995213341,0
341200.8265121718,1653250.9643211344,101930.39376237433,57,1,1,203816.03079899773,137384.7957131741,0.40265082918336104,0.29874017247944185,0.40378247351201274,35454.40195079977,0.10391065670391918,0.5593691889546194,0
235958.7186080035,1127105.2961307277,60363.303956256306,29,1,0,147523.46721124067,88435.25139676282,0.3747912004204416,0.25582146026372277,0.3980587871400716,28071.947440506512,0.11896974015671884,0.6782537797524895,0
107403.77078077242,429757.8260428822,9401.714214136615,65,1,0,67116.91113747096,40286.85964330146,0.37509725543559475,0.08753616512521666,0.33344408590030167,30885.14542916484,0.287561090310378,0.7649523081798228,0
107053.96912289802,329248.93434770755,40166.23876426747,80,1,2,73714.84695071187,33339.12217218615,0.3114235039142997,0.3751961659465106,0.2562951324499153,-6827.116592081322,-0.06377266203221095,0.5730329938864213,1
339719.5776312142,2485672.083998402,90020.3117986523,124,0,0,254560.9479804365,85158.62965077773,0.25067330603837756,0.26498417437800625,0.6097362471057297,-4861.682147874555,-0.014310868339628633,0.4110854561170786,1
192929.32438021767,1392733.8931106564,31800.353166866225,117,1,0,114848.3674900405,78080.95689017717,0.4047127472249798,0.16482902881158343,0.6015734421507252,46280.60372331094,0.23988371841339634,0.6535963558301491,0
118276.07476459775,865759.4828088344,30555.885821984575,122,0,0,69152.10960182734,49123.965162770415,0.41533306935101416,0.25834375957098066,0.6099849332250389,18568.079340785844,0.15698930978003353,0.41366701620409607,1
312999.79416113545,2028235.8578635114,53860.32489112996,63,1,0,185307.7424591934,127692.05170194205,0.40796209481276813,0.17207782847103767,0.5399992523156302,73831.72681081208,0.23588426634173043,0.6691690929168959,0
57033.51108589988,228465.51240808278,6863.449026020625,59,1,0,37666.17160784787,19367.33947805201,0.33957824284888016,0.12034063650199228,0.33381765102973704,12503.890452031388,0.21923760634688794,0.751718450090282,0
118057.57610885017,678657.2477420081,18496.22549043357,240,1,0,73248.60388669862,44808.972222151555,0.3795518568061847,0.1566712285654576,0.47904397590734304,26312.746731717983,0.22288062824072713,0.693618315801614,0
118748.60012428308,500362.3529006508,19753.96236173303,164,1,0,80250.48265022099,38498.11747406209,0.32419849525611,0.1663511177484063,0.3511356150563517,18744.15511232907,0.15784737750770378,0.7281188683837321,0
113153.75242564487,911699.3913431446,17448.012908248835,59,0,0,74928.71094375444,38225.041481890425,0.33781505838269665,0.15419738660204135,0.6714311072319032,20777.028573641583,0.18361767178065524,0.43689171318961245,1
298303.64642068674,2425205.259955362,52110.04578293807,214,0,0,171400.1087089136,126903.53771177313,0.42541731968239405,0.1746879275805069,0.6774990542509113,74793.49192883505,0.2507293921018871,0.4268751126925239,1
117576.77454523883,314496.598503469,29875.056948525806,219,1,0,83063.86082500611,34512.913720232726,0.29353512931206954,0.25408978145621,0.22290158899711335,4637.856771706924,0.0394453478558596,0.731493610718382,0
170622.18073248072,657457.8930664812,53134.53036352425,221,1,0,125748.56312779985,44873.61760468087,0.26299990664776707,0.31141631255337265,0.32110806180260176,-8260.912758843377,-0.04841640590560555,0.6791010564378703,1
164881.29285427832,920968.3893929711,32696.765959320026,43,1,2,116356.17103448405,48525.121819794265,0.2943033802062715,0.19830488585638,0.46547042696090896,15828.355860474228,0.09599849434989141,0.5810369175691753,1
